Source,LairPrototypeSID,Faction,FactionPriority,PlayerRank,MaxSpawnQuantity,InitialSpawnQuantityPercent,InitialSpawnQuantityRespawnTimeSeconds,MaxSpawnQuantityRespawnTimeSeconds,WipeRespawnTimeoutSeconds,Archetype,MinQuantityPerArchetype,SpawnWeight
base,empty,Duty,,Newbie,5,1.0,300.0,300.0,5.0,GeneralNPC_Duty_CloseCombat,1,1.0
base,empty,Duty,,Experienced,8,1.0,300.0,300.0,0.0,GeneralNPC_Duty_CloseCombat,1,1.0
base,empty,Duty,,Veteran,8,1.0,300.0,300.0,0.0,GeneralNPC_Duty_CloseCombat,1,1.0
base,empty,Duty,,Master,8,1.0,300.0,300.0,0.0,GeneralNPC_Duty_CloseCombat,1,1.0
base,Militaries,Militaries,3,Newbie,6,0.5,180.0,480.0,480.0,GeneralNPC_Militaries_CloseCombat,0,0.0
base,Militaries,Militaries,3,Newbie,6,0.5,180.0,480.0,480.0,GeneralNPC_Militaries_Recon,4,1.0
base,Militaries,Militaries,3,Newbie,6,0.5,180.0,480.0,480.0,GeneralNPC_Militaries_Stormtrooper,0,1.0
base,Militaries,Militaries,3,Newbie,6,0.5,180.0,480.0,480.0,GeneralNPC_Militaries_Sniper,0,0
base,Militaries,Militaries,3,Newbie,6,0.5,180.0,480.0,480.0,GeneralNPC_Militaries_Heavy,0,0
base,Militaries,Militaries,3,Experienced,6,0.5,180.0,480.0,480.0,GeneralNPC_Militaries_CloseCombat,0,0.0
base,Militaries,Militaries,3,Experienced,6,0.5,180.0,480.0,480.0,GeneralNPC_Militaries_Recon,1,1.0
base,Militaries,Militaries,3,Experienced,6,0.5,180.0,480.0,480.0,GeneralNPC_Militaries_Stormtrooper,1,1.0
base,Militaries,Militaries,3,Veteran,6,0.5,180.0,480.0,480.0,GeneralNPC_Militaries_CloseCombat,1,1.0
base,Militaries,Militaries,3,Veteran,6,0.5,180.0,480.0,480.0,GeneralNPC_Militaries_Recon,0,1.0
base,Militaries,Militaries,3,Veteran,6,0.5,180.0,480.0,480.0,GeneralNPC_Militaries_Stormtrooper,3,1.0
base,Militaries,Militaries,3,Veteran,6,0.5,180.0,480.0,480.0,GeneralNPC_Militaries_Heavy,0,1.0
base,Militaries,Militaries,3,Master,7,0.5,180.0,480.0,480.0,GeneralNPC_Militaries_CloseCombat,1,0.5
base,Militaries,Militaries,3,Master,7,0.5,180.0,480.0,480.0,GeneralNPC_Militaries_Recon,1,1.0
base,Militaries,Militaries,3,Master,7,0.5,180.0,480.0,480.0,GeneralNPC_Militaries_Stormtrooper,2,1.0
base,Militaries,Militaries,3,Master,7,0.5,180.0,480.0,480.0,GeneralNPC_Militaries_Sniper,1,0
base,Militaries,Militaries,3,Master,7,0.5,180.0,480.0,480.0,GeneralNPC_Militaries_Heavy,1,1.0
base,NeutralMSOP,NeutralMSOP,3,Newbie,6,0.5,180.0,480.0,480.0,GeneralNPC_NeutralMSOP_CloseCombat,0,1.0
base,NeutralMSOP,NeutralMSOP,3,Newbie,6,0.5,180.0,480.0,480.0,GeneralNPC_NeutralMSOP_Recon,5,1.0
base,NeutralMSOP,NeutralMSOP,3,Newbie,6,0.5,180.0,480.0,480.0,GeneralNPC_NeutralMSOP_Stormtrooper,0,0
base,NeutralMSOP,NeutralMSOP,3,Newbie,6,0.5,180.0,480.0,480.0,GeneralNPC_NeutralMSOP_Sniper,0,0
base,NeutralMSOP,NeutralMSOP,3,Newbie,6,0.5,180.0,480.0,480.0,GeneralNPC_NeutralMSOP_Heavy,0,0
base,NeutralMSOP,NeutralMSOP,3,Experienced,6,0.5,180.0,480.0,480.0,GeneralNPC_NeutralMSOP_CloseCombat,1,1.0
base,NeutralMSOP,NeutralMSOP,3,Experienced,6,0.5,180.0,480.0,480.0,GeneralNPC_NeutralMSOP_Recon,1,1.0
base,NeutralMSOP,NeutralMSOP,3,Experienced,6,0.5,180.0,480.0,480.0,GeneralNPC_NeutralMSOP_Stormtrooper,1,1.0
base,NeutralMSOP,NeutralMSOP,3,Veteran,6,0.5,180.0,480.0,480.0,GeneralNPC_NeutralMSOP_CloseCombat,1,1.0
base,NeutralMSOP,NeutralMSOP,3,Veteran,6,0.5,180.0,480.0,480.0,GeneralNPC_NeutralMSOP_Recon,0,1.0
base,NeutralMSOP,NeutralMSOP,3,Veteran,6,0.5,180.0,480.0,480.0,GeneralNPC_NeutralMSOP_Stormtrooper,3,1.0
base,NeutralMSOP,NeutralMSOP,3,Veteran,6,0.5,180.0,480.0,480.0,GeneralNPC_NeutralMSOP_Heavy,0,1.0
base,NeutralMSOP,NeutralMSOP,3,Master,7,0.5,180.0,480.0,480.0,GeneralNPC_NeutralMSOP_CloseCombat,1,0.5
base,NeutralMSOP,NeutralMSOP,3,Master,7,0.5,180.0,480.0,480.0,GeneralNPC_NeutralMSOP_Recon,1,1.0
base,NeutralMSOP,NeutralMSOP,3,Master,7,0.5,180.0,480.0,480.0,GeneralNPC_NeutralMSOP_Stormtrooper,2,1.0
base,NeutralMSOP,NeutralMSOP,3,Master,7,0.5,180.0,480.0,480.0,GeneralNPC_NeutralMSOP_Sniper,1,0
base,NeutralMSOP,NeutralMSOP,3,Master,7,0.5,180.0,480.0,480.0,GeneralNPC_NeutralMSOP_Heavy,1,1.0
base,Neutrals,Neutrals,3,Newbie,6,0.5,180.0,480.0,480.0,GeneralNPC_Neutral_CloseCombat,3,1
base,Neutrals,Neutrals,3,Newbie,6,0.5,180.0,480.0,480.0,GeneralNPC_Neutral_Recon,1,1
base,Neutrals,Neutrals,3,Newbie,6,0.5,180.0,480.0,480.0,GeneralNPC_Neutral_Sniper,0,0.2
base,Neutrals,Neutrals,3,Newbie,6,0.5,180.0,480.0,480.0,GeneralNPC_Neutral_Stormtrooper,0,0
base,Neutrals,Neutrals,3,Experienced,6,0.5,180.0,480.0,480.0,GeneralNPC_Neutral_CloseCombat,1,1.0
base,Neutrals,Neutrals,3,Experienced,6,0.5,180.0,480.0,480.0,GeneralNPC_Neutral_Recon,1,2.0
base,Neutrals,Neutrals,3,Experienced,6,0.5,180.0,480.0,480.0,GeneralNPC_Neutral_Stormtrooper,1,2.0
base,Neutrals,Neutrals,3,Experienced,6,0.5,180.0,480.0,480.0,GeneralNPC_Neutral_Sniper,0,0
base,Neutrals,Neutrals,3,Veteran,7,0.5,180.0,480.0,480.0,GeneralNPC_Neutral_CloseCombat,1,1.0
base,Neutrals,Neutrals,3,Veteran,7,0.5,180.0,480.0,480.0,GeneralNPC_Neutral_Recon,1,1.0
base,Neutrals,Neutrals,3,Veteran,7,0.5,180.0,480.0,480.0,GeneralNPC_Neutral_Stormtrooper,3,1.0
base,Neutrals,Neutrals,3,Veteran,7,0.5,180.0,480.0,480.0,GeneralNPC_Neutral_Sniper,1,0.2
base,Neutrals,Neutrals,3,Master,7,0.5,180.0,480.0,480.0,GeneralNPC_Neutral_CloseCombat,1,1.0
base,Neutrals,Neutrals,3,Master,7,0.5,180.0,480.0,480.0,GeneralNPC_Neutral_Recon,0,1.0
base,Neutrals,Neutrals,3,Master,7,0.5,180.0,480.0,480.0,GeneralNPC_Neutral_Stormtrooper,3,1.0
base,Neutrals,Neutrals,3,Master,7,0.5,180.0,480.0,480.0,GeneralNPC_Neutral_Sniper,1,0.2
base,Diggers,Diggers,3,Newbie,7,0.5,6.0,30.0,30.0,GeneralNPC_Digger_CloseCombat,1,1.0
base,Diggers,Diggers,3,Newbie,7,0.5,6.0,30.0,30.0,GeneralNPC_Digger_Recon,1,1.0
base,Diggers,Diggers,3,Newbie,7,0.5,6.0,30.0,30.0,GeneralNPC_Digger_Stormtrooper,1,1.0
base,Diggers,Diggers,3,Newbie,7,0.5,6.0,30.0,30.0,GeneralNPC_Digger_Sniper,1,1.0
base,Diggers,Diggers,3,Experienced,7,0.5,180.0,480.0,480.0,GeneralNPC_Digger_CloseCombat,1,1.0
base,Diggers,Diggers,3,Experienced,7,0.5,180.0,480.0,480.0,GeneralNPC_Digger_Recon,1,1.0
base,Diggers,Diggers,3,Experienced,7,0.5,180.0,480.0,480.0,GeneralNPC_Digger_Stormtrooper,1,1.0
base,Diggers,Diggers,3,Experienced,7,0.5,180.0,480.0,480.0,GeneralNPC_Digger_Sniper,1,1.0
base,Diggers,Diggers,3,Veteran,8,0.5,180.0,480.0,480.0,GeneralNPC_Digger_CloseCombat,1,1.0
base,Diggers,Diggers,3,Veteran,8,0.5,180.0,480.0,480.0,GeneralNPC_Digger_Recon,1,1.0
base,Diggers,Diggers,3,Veteran,8,0.5,180.0,480.0,480.0,GeneralNPC_Digger_Stormtrooper,1,1.0
base,Diggers,Diggers,3,Veteran,8,0.5,180.0,480.0,480.0,GeneralNPC_Digger_Sniper,1,1.0
base,Diggers,Diggers,3,Master,10,0.5,180.0,480.0,480.0,GeneralNPC_Digger_CloseCombat,1,1.0
base,Diggers,Diggers,3,Master,10,0.5,180.0,480.0,480.0,GeneralNPC_Digger_Recon,1,1.0
base,Diggers,Diggers,3,Master,10,0.5,180.0,480.0,480.0,GeneralNPC_Digger_Stormtrooper,1,1.0
base,Diggers,Diggers,3,Master,10,0.5,180.0,480.0,480.0,GeneralNPC_Digger_Sniper,1,1.0
base,Varta,Varta,3,Newbie,6,0.5,180.0,480.0,480.0,GeneralNPC_Varta_CloseCombat,1,1.0
base,Varta,Varta,3,Newbie,6,0.5,180.0,480.0,480.0,GeneralNPC_Varta_Recon,4,1.0
base,Varta,Varta,3,Newbie,6,0.5,180.0,480.0,480.0,GeneralNPC_Varta_Stormtrooper,0,0
base,Varta,Varta,3,Newbie,6,0.5,180.0,480.0,480.0,GeneralNPC_Varta_Sniper,0,0
base,Varta,Varta,3,Newbie,6,0.5,180.0,480.0,480.0,GeneralNPC_Varta_Heavy,0,0
base,Varta,Varta,3,Experienced,6,0.5,180.0,480.0,480.0,GeneralNPC_Varta_CloseCombat,1,1.0
base,Varta,Varta,3,Experienced,6,0.5,180.0,480.0,480.0,GeneralNPC_Varta_Recon,1,1.0
base,Varta,Varta,3,Experienced,6,0.5,180.0,480.0,480.0,GeneralNPC_Varta_Stormtrooper,1,1.0
base,Varta,Varta,3,Experienced,6,0.5,180.0,480.0,480.0,GeneralNPC_Varta_Sniper,0,0
base,Varta,Varta,3,Experienced,6,0.5,180.0,480.0,480.0,GeneralNPC_Varta_Heavy,0,0
base,Varta,Varta,3,Veteran,7,0.5,180.0,480.0,480.0,GeneralNPC_Varta_CloseCombat,1,1.0
base,Varta,Varta,3,Veteran,7,0.5,180.0,480.0,480.0,GeneralNPC_Varta_Recon,1,1.0
base,Varta,Varta,3,Veteran,7,0.5,180.0,480.0,480.0,GeneralNPC_Varta_Stormtrooper,2,1.0
base,Varta,Varta,3,Veteran,7,0.5,180.0,480.0,480.0,GeneralNPC_Varta_Sniper,1,0.2
base,Varta,Varta,3,Veteran,7,0.5,180.0,480.0,480.0,GeneralNPC_Varta_Heavy,0,0.5
base,Varta,Varta,3,Master,7,0.5,180.0,480.0,480.0,GeneralNPC_Varta_CloseCombat,1,1.0
base,Varta,Varta,3,Master,7,0.5,180.0,480.0,480.0,GeneralNPC_Varta_Recon,0,1.0
base,Varta,Varta,3,Master,7,0.5,180.0,480.0,480.0,GeneralNPC_Varta_Stormtrooper,2,1.0
base,Varta,Varta,3,Master,7,0.5,180.0,480.0,480.0,GeneralNPC_Varta_Sniper,1,0.2
base,Varta,Varta,3,Master,7,0.5,180.0,480.0,480.0,GeneralNPC_Varta_Heavy,1,0.2
base,IkarVarta,IkarVarta,3,Newbie,7,0.5,6.0,30.0,30.0,GeneralNPC_IkarVarta_CloseCombat,1,1.0
base,IkarVarta,IkarVarta,3,Newbie,7,0.5,6.0,30.0,30.0,GeneralNPC_IkarVarta_Recon,1,1.0
base,IkarVarta,IkarVarta,3,Newbie,7,0.5,6.0,30.0,30.0,GeneralNPC_IkarVarta_Stormtrooper,1,1.0
base,IkarVarta,IkarVarta,3,Newbie,7,0.5,6.0,30.0,30.0,GeneralNPC_IkarVarta_Sniper,1,1.0
base,IkarVarta,IkarVarta,3,Newbie,7,0.5,6.0,30.0,30.0,GeneralNPC_IkarVarta_Heavy,1,1.0
base,IkarVarta,IkarVarta,3,Experienced,7,0.5,180.0,480.0,480.0,GeneralNPC_IkarVarta_CloseCombat,1,1.0
base,IkarVarta,IkarVarta,3,Experienced,7,0.5,180.0,480.0,480.0,GeneralNPC_IkarVarta_Recon,1,1.0
base,IkarVarta,IkarVarta,3,Experienced,7,0.5,180.0,480.0,480.0,GeneralNPC_IkarVarta_Stormtrooper,1,1.0
base,IkarVarta,IkarVarta,3,Experienced,7,0.5,180.0,480.0,480.0,GeneralNPC_IkarVarta_Sniper,1,1.0
base,IkarVarta,IkarVarta,3,Experienced,7,0.5,180.0,480.0,480.0,GeneralNPC_IkarVarta_Heavy,1,1.0
base,IkarVarta,IkarVarta,3,Veteran,8,0.5,180.0,480.0,480.0,GeneralNPC_IkarVarta_CloseCombat,1,1.0
base,IkarVarta,IkarVarta,3,Veteran,8,0.5,180.0,480.0,480.0,GeneralNPC_IkarVarta_Recon,1,1.0
base,IkarVarta,IkarVarta,3,Veteran,8,0.5,180.0,480.0,480.0,GeneralNPC_IkarVarta_Stormtrooper,1,1.0
base,IkarVarta,IkarVarta,3,Veteran,8,0.5,180.0,480.0,480.0,GeneralNPC_IkarVarta_Sniper,1,1.0
base,IkarVarta,IkarVarta,3,Veteran,8,0.5,180.0,480.0,480.0,GeneralNPC_IkarVarta_Heavy,1,1.0
base,IkarVarta,IkarVarta,3,Master,10,0.5,180.0,480.0,480.0,GeneralNPC_IkarVarta_CloseCombat,1,1.0
base,IkarVarta,IkarVarta,3,Master,10,0.5,180.0,480.0,480.0,GeneralNPC_IkarVarta_Recon,1,1.0
base,IkarVarta,IkarVarta,3,Master,10,0.5,180.0,480.0,480.0,GeneralNPC_IkarVarta_Stormtrooper,1,1.0
base,IkarVarta,IkarVarta,3,Master,10,0.5,180.0,480.0,480.0,GeneralNPC_IkarVarta_Sniper,1,1.0
base,IkarVarta,IkarVarta,3,Master,10,0.5,180.0,480.0,480.0,GeneralNPC_IkarVarta_Heavy,1,1.0
base,EnemyVarta,EnemyVarta,3,Newbie,6,0.5,180.0,480.0,480.0,GeneralNPC_EnemyVarta_CloseCombat,0,1.0
base,EnemyVarta,EnemyVarta,3,Newbie,6,0.5,180.0,480.0,480.0,GeneralNPC_EnemyVarta_Recon,5,1.0
base,EnemyVarta,EnemyVarta,3,Newbie,6,0.5,180.0,480.0,480.0,GeneralNPC_EnemyVarta_Stormtrooper,0,0
base,EnemyVarta,EnemyVarta,3,Newbie,6,0.5,180.0,480.0,480.0,GeneralNPC_EnemyVarta_Sniper,0,0
base,EnemyVarta,EnemyVarta,3,Newbie,6,0.5,180.0,480.0,480.0,GeneralNPC_EnemyVarta_Heavy,0,0
base,EnemyVarta,EnemyVarta,3,Experienced,6,0.5,180.0,480.0,480.0,GeneralNPC_EnemyVarta_CloseCombat,1,1.0
base,EnemyVarta,EnemyVarta,3,Experienced,6,0.5,180.0,480.0,480.0,GeneralNPC_EnemyVarta_Recon,1,1.0
base,EnemyVarta,EnemyVarta,3,Experienced,6,0.5,180.0,480.0,480.0,GeneralNPC_EnemyVarta_Stormtrooper,1,1.0
base,EnemyVarta,EnemyVarta,3,Veteran,6,0.5,180.0,480.0,480.0,GeneralNPC_EnemyVarta_CloseCombat,1,1.0
base,EnemyVarta,EnemyVarta,3,Veteran,6,0.5,180.0,480.0,480.0,GeneralNPC_EnemyVarta_Recon,0,1.0
base,EnemyVarta,EnemyVarta,3,Veteran,6,0.5,180.0,480.0,480.0,GeneralNPC_EnemyVarta_Stormtrooper,3,1.0
base,EnemyVarta,EnemyVarta,3,Veteran,6,0.5,180.0,480.0,480.0,GeneralNPC_EnemyVarta_Heavy,0,1.0
base,EnemyVarta,EnemyVarta,3,Master,7,0.5,180.0,480.0,480.0,GeneralNPC_EnemyVarta_CloseCombat,1,0.5
base,EnemyVarta,EnemyVarta,3,Master,7,0.5,180.0,480.0,480.0,GeneralNPC_EnemyVarta_Recon,1,1.0
base,EnemyVarta,EnemyVarta,3,Master,7,0.5,180.0,480.0,480.0,GeneralNPC_EnemyVarta_Stormtrooper,2,1.0
base,EnemyVarta,EnemyVarta,3,Master,7,0.5,180.0,480.0,480.0,GeneralNPC_EnemyVarta_Sniper,1,0
base,EnemyVarta,EnemyVarta,3,Master,7,0.5,180.0,480.0,480.0,GeneralNPC_EnemyVarta_Heavy,1,1.0
base,Mercenaries,Mercenaries,3,Newbie,6,0.5,180.0,480.0,480.0,GeneralNPC_Mercenaries_CloseCombat,0,1.0
base,Mercenaries,Mercenaries,3,Newbie,6,0.5,180.0,480.0,480.0,GeneralNPC_Mercenaries_Recon,4,1.0
base,Mercenaries,Mercenaries,3,Newbie,6,0.5,180.0,480.0,480.0,GeneralNPC_Mercenaries_Stormtrooper,0,0
base,Mercenaries,Mercenaries,3,Newbie,6,0.5,180.0,480.0,480.0,GeneralNPC_Mercenaries_Sniper,0,0
base,Mercenaries,Mercenaries,3,Experienced,6,0.5,180.0,480.0,480.0,GeneralNPC_Mercenaries_CloseCombat,1,1.0
base,Mercenaries,Mercenaries,3,Experienced,6,0.5,180.0,480.0,480.0,GeneralNPC_Mercenaries_Recon,1,1.0
base,Mercenaries,Mercenaries,3,Experienced,6,0.5,180.0,480.0,480.0,GeneralNPC_Mercenaries_Stormtrooper,1,1.0
base,Mercenaries,Mercenaries,3,Experienced,6,0.5,180.0,480.0,480.0,GeneralNPC_Mercenaries_Sniper,0,0
base,Mercenaries,Mercenaries,3,Veteran,7,0.5,180.0,480.0,480.0,GeneralNPC_Mercenaries_CloseCombat,1,1.0
base,Mercenaries,Mercenaries,3,Veteran,7,0.5,180.0,480.0,480.0,GeneralNPC_Mercenaries_Recon,0,1.0
base,Mercenaries,Mercenaries,3,Veteran,7,0.5,180.0,480.0,480.0,GeneralNPC_Mercenaries_Stormtrooper,3,1.0
base,Mercenaries,Mercenaries,3,Veteran,7,0.5,180.0,480.0,480.0,GeneralNPC_Mercenaries_Sniper,1,0.2
base,Mercenaries,Mercenaries,3,Master,7,0.5,180.0,480.0,480.0,GeneralNPC_Mercenaries_CloseCombat,1,1.0
base,Mercenaries,Mercenaries,3,Master,7,0.5,180.0,480.0,480.0,GeneralNPC_Mercenaries_Recon,0,2.0
base,Mercenaries,Mercenaries,3,Master,7,0.5,180.0,480.0,480.0,GeneralNPC_Mercenaries_Stormtrooper,3,1.0
base,Mercenaries,Mercenaries,3,Master,7,0.5,180.0,480.0,480.0,GeneralNPC_Mercenaries_Sniper,1,0.2
base,Freedom,Freedom,3,Newbie,6,0.5,180.0,480.0,480.0,GeneralNPC_Freedom_CloseCombat,1,1.0
base,Freedom,Freedom,3,Newbie,6,0.5,180.0,480.0,480.0,GeneralNPC_Freedom_Recon,4,1.0
base,Freedom,Freedom,3,Newbie,6,0.5,180.0,480.0,480.0,GeneralNPC_Freedom_Stormtrooper,1,1.0
base,Freedom,Freedom,3,Newbie,6,0.5,180.0,480.0,480.0,GeneralNPC_Freedom_Sniper,1,1.0
base,Freedom,Freedom,3,Experienced,6,0.5,180.0,480.0,480.0,GeneralNPC_Freedom_CloseCombat,0,1.0
base,Freedom,Freedom,3,Experienced,6,0.5,180.0,480.0,480.0,GeneralNPC_Freedom_Recon,1,1.0
base,Freedom,Freedom,3,Experienced,6,0.5,180.0,480.0,480.0,GeneralNPC_Freedom_Stormtrooper,1,1.0
base,Freedom,Freedom,3,Experienced,6,0.5,180.0,480.0,480.0,GeneralNPC_Freedom_Sniper,0,0.2
base,Freedom,Freedom,3,Veteran,7,0.5,180.0,480.0,480.0,GeneralNPC_Freedom_CloseCombat,1,1.0
base,Freedom,Freedom,3,Veteran,7,0.5,180.0,480.0,480.0,GeneralNPC_Freedom_Recon,1,1.0
base,Freedom,Freedom,3,Veteran,7,0.5,180.0,480.0,480.0,GeneralNPC_Freedom_Stormtrooper,2,1.0
base,Freedom,Freedom,3,Veteran,7,0.5,180.0,480.0,480.0,GeneralNPC_Freedom_Sniper,1,0.2
base,Freedom,Freedom,3,Master,7,0.5,180.0,480.0,480.0,GeneralNPC_Freedom_CloseCombat,1,1.0
base,Freedom,Freedom,3,Master,7,0.5,180.0,480.0,480.0,GeneralNPC_Freedom_Recon,1,1.0
base,Freedom,Freedom,3,Master,7,0.5,180.0,480.0,480.0,GeneralNPC_Freedom_Stormtrooper,2,1.0
base,Freedom,Freedom,3,Master,7,0.5,180.0,480.0,480.0,GeneralNPC_Freedom_Sniper,1,0.2
base,Bandits,Bandits,3,Newbie,6,0.5,180.0,480.0,480.0,GeneralNPC_Bandit_CloseCombat,3,1.0
base,Bandits,Bandits,3,Newbie,6,0.5,180.0,480.0,480.0,GeneralNPC_Bandit_Recon,1,1.0
base,Bandits,Bandits,3,Newbie,6,0.5,180.0,480.0,480.0,GeneralNPC_Bandit_Stormtrooper,0,0.0
base,Bandits,Bandits,3,Newbie,6,0.5,180.0,480.0,480.0,GeneralNPC_Bandit_Heavy,0,0.0
base,Bandits,Bandits,3,Experienced,6,0.5,180.0,480.0,480.0,GeneralNPC_Bandit_CloseCombat,1,1.0
base,Bandits,Bandits,3,Experienced,6,0.5,180.0,480.0,480.0,GeneralNPC_Bandit_Recon,1,1.0
base,Bandits,Bandits,3,Experienced,6,0.5,180.0,480.0,480.0,GeneralNPC_Bandit_Stormtrooper,1,1.0
base,Bandits,Bandits,3,Experienced,6,0.5,180.0,480.0,480.0,GeneralNPC_Bandit_Heavy,0,0.0
base,Bandits,Bandits,3,Veteran,7,0.5,180.0,480.0,480.0,GeneralNPC_Bandit_CloseCombat,1,1.0
base,Bandits,Bandits,3,Veteran,7,0.5,180.0,480.0,480.0,GeneralNPC_Bandit_Recon,1,1.0
base,Bandits,Bandits,3,Veteran,7,0.5,180.0,480.0,480.0,GeneralNPC_Bandit_Stormtrooper,3,1.0
base,Bandits,Bandits,3,Veteran,7,0.5,180.0,480.0,480.0,GeneralNPC_Bandit_Heavy,0,0
base,Bandits,Bandits,3,Master,8,0.5,180.0,480.0,480.0,GeneralNPC_Bandit_CloseCombat,1,1.0
base,Bandits,Bandits,3,Master,8,0.5,180.0,480.0,480.0,GeneralNPC_Bandit_Recon,1,1.0
base,Bandits,Bandits,3,Master,8,0.5,180.0,480.0,480.0,GeneralNPC_Bandit_Stormtrooper,3,1.0
base,Bandits,Bandits,3,Master,8,0.5,180.0,480.0,480.0,GeneralNPC_Bandit_Heavy,0,0
base,SultanBandits,SultanBandits,3,Newbie,7,0.5,6.0,30.0,30.0,GeneralNPC_SultanBandit_CloseCombat,1,1.0
base,SultanBandits,SultanBandits,3,Newbie,7,0.5,6.0,30.0,30.0,GeneralNPC_SultanBandit_Recon,1,1.0
base,SultanBandits,SultanBandits,3,Newbie,7,0.5,6.0,30.0,30.0,GeneralNPC_SultanBandit_Stormtrooper,1,1.0
base,SultanBandits,SultanBandits,3,Newbie,7,0.5,6.0,30.0,30.0,GeneralNPC_SultanBandit_Heavy,1,1.0
base,SultanBandits,SultanBandits,3,Experienced,7,0.5,180.0,480.0,480.0,GeneralNPC_SultanBandit_CloseCombat,1,1.0
base,SultanBandits,SultanBandits,3,Experienced,7,0.5,180.0,480.0,480.0,GeneralNPC_SultanBandit_Recon,1,1.0
base,SultanBandits,SultanBandits,3,Experienced,7,0.5,180.0,480.0,480.0,GeneralNPC_SultanBandit_Stormtrooper,1,1.0
base,SultanBandits,SultanBandits,3,Experienced,7,0.5,180.0,480.0,480.0,GeneralNPC_SultanBandit_Heavy,1,1.0
base,SultanBandits,SultanBandits,3,Veteran,8,0.5,180.0,480.0,480.0,GeneralNPC_SultanBandit_CloseCombat,1,1.0
base,SultanBandits,SultanBandits,3,Veteran,8,0.5,180.0,480.0,480.0,GeneralNPC_SultanBandit_Recon,1,1.0
base,SultanBandits,SultanBandits,3,Veteran,8,0.5,180.0,480.0,480.0,GeneralNPC_SultanBandit_Stormtrooper,1,1.0
base,SultanBandits,SultanBandits,3,Veteran,8,0.5,180.0,480.0,480.0,GeneralNPC_SultanBandit_Heavy,1,1.0
base,SultanBandits,SultanBandits,3,Master,10,0.5,180.0,480.0,480.0,GeneralNPC_SultanBandit_CloseCombat,1,1.0
base,SultanBandits,SultanBandits,3,Master,10,0.5,180.0,480.0,480.0,GeneralNPC_SultanBandit_Recon,1,1.0
base,SultanBandits,SultanBandits,3,Master,10,0.5,180.0,480.0,480.0,GeneralNPC_SultanBandit_Stormtrooper,1,1.0
base,SultanBandits,SultanBandits,3,Master,10,0.5,180.0,480.0,480.0,GeneralNPC_SultanBandit_Heavy,1,1.0
base,NeutralBandits,NeutralBandits,3,Newbie,7,0.5,6.0,30.0,30.0,GeneralNPC_NeutralBandit_CloseCombat,1,1.0
base,NeutralBandits,NeutralBandits,3,Newbie,7,0.5,6.0,30.0,30.0,GeneralNPC_NeutralBandit_Recon,1,1.0
base,NeutralBandits,NeutralBandits,3,Newbie,7,0.5,6.0,30.0,30.0,GeneralNPC_NeutralBandit_Stormtrooper,1,1.0
base,NeutralBandits,NeutralBandits,3,Newbie,7,0.5,6.0,30.0,30.0,GeneralNPC_NeutralBandit_Heavy,1,1.0
base,NeutralBandits,NeutralBandits,3,Experienced,7,0.5,180.0,480.0,480.0,GeneralNPC_NeutralBandit_CloseCombat,1,1.0
base,NeutralBandits,NeutralBandits,3,Experienced,7,0.5,180.0,480.0,480.0,GeneralNPC_NeutralBandit_Recon,1,1.0
base,NeutralBandits,NeutralBandits,3,Experienced,7,0.5,180.0,480.0,480.0,GeneralNPC_NeutralBandit_Stormtrooper,1,1.0
base,NeutralBandits,NeutralBandits,3,Experienced,7,0.5,180.0,480.0,480.0,GeneralNPC_NeutralBandit_Heavy,1,1.0
base,NeutralBandits,NeutralBandits,3,Veteran,8,0.5,180.0,480.0,480.0,GeneralNPC_NeutralBandit_CloseCombat,1,1.0
base,NeutralBandits,NeutralBandits,3,Veteran,8,0.5,180.0,480.0,480.0,GeneralNPC_NeutralBandit_Recon,1,1.0
base,NeutralBandits,NeutralBandits,3,Veteran,8,0.5,180.0,480.0,480.0,GeneralNPC_NeutralBandit_Stormtrooper,1,1.0
base,NeutralBandits,NeutralBandits,3,Veteran,8,0.5,180.0,480.0,480.0,GeneralNPC_NeutralBandit_Heavy,1,1.0
base,NeutralBandits,NeutralBandits,3,Master,10,0.5,180.0,480.0,480.0,GeneralNPC_NeutralBandit_CloseCombat,1,1.0
base,NeutralBandits,NeutralBandits,3,Master,10,0.5,180.0,480.0,480.0,GeneralNPC_NeutralBandit_Recon,1,1.0
base,NeutralBandits,NeutralBandits,3,Master,10,0.5,180.0,480.0,480.0,GeneralNPC_NeutralBandit_Stormtrooper,1,1.0
base,NeutralBandits,NeutralBandits,3,Master,10,0.5,180.0,480.0,480.0,GeneralNPC_NeutralBandit_Heavy,1,1.0
base,Monolith,Monolith,3,Newbie,6,0.5,180.0,480.0,480.0,GeneralNPC_Monolith_CloseCombat,1,1.0
base,Monolith,Monolith,3,Newbie,6,0.5,180.0,480.0,480.0,GeneralNPC_Monolith_Recon,2,1.0
base,Monolith,Monolith,3,Newbie,6,0.5,180.0,480.0,480.0,GeneralNPC_Monolith_Stormtrooper,2,1.0
base,Monolith,Monolith,3,Newbie,6,0.5,180.0,480.0,480.0,GeneralNPC_Monolith_Sniper,0,0
base,Monolith,Monolith,3,Experienced,6,0.5,180.0,480.0,480.0,GeneralNPC_Monolith_CloseCombat,1,1.0
base,Monolith,Monolith,3,Experienced,6,0.5,180.0,480.0,480.0,GeneralNPC_Monolith_Recon,1,1.0
base,Monolith,Monolith,3,Experienced,6,0.5,180.0,480.0,480.0,GeneralNPC_Monolith_Stormtrooper,1,1.0
base,Monolith,Monolith,3,Experienced,6,0.5,180.0,480.0,480.0,GeneralNPC_Monolith_Sniper,0,0
base,Monolith,Monolith,3,Veteran,8,0.5,180.0,480.0,480.0,GeneralNPC_Monolith_CloseCombat,1,1.0
base,Monolith,Monolith,3,Veteran,8,0.5,180.0,480.0,480.0,GeneralNPC_Monolith_Recon,1,1.0
base,Monolith,Monolith,3,Veteran,8,0.5,180.0,480.0,480.0,GeneralNPC_Monolith_Stormtrooper,3,1.0
base,Monolith,Monolith,3,Veteran,8,0.5,180.0,480.0,480.0,GeneralNPC_Monolith_Sniper,1,0.2
base,Monolith,Monolith,3,Master,8,0.5,180.0,480.0,480.0,GeneralNPC_Monolith_CloseCombat,1,1.0
base,Monolith,Monolith,3,Master,8,0.5,180.0,480.0,480.0,GeneralNPC_Monolith_Recon,1,1.0
base,Monolith,Monolith,3,Master,8,0.5,180.0,480.0,480.0,GeneralNPC_Monolith_Stormtrooper,3,1.0
base,Monolith,Monolith,3,Master,8,0.5,180.0,480.0,480.0,GeneralNPC_Monolith_Sniper,1,0.2
base,Duty,Duty,3,Newbie,6,0.5,180.0,480.0,480.0,GeneralNPC_Duty_CloseCombat,1,1.0
base,Duty,Duty,3,Newbie,6,0.5,180.0,480.0,480.0,GeneralNPC_Duty_Recon,4,1.0
base,Duty,Duty,3,Newbie,6,0.5,180.0,480.0,480.0,GeneralNPC_Duty_Stormtrooper,0,0
base,Duty,Duty,3,Newbie,6,0.5,180.0,480.0,480.0,GeneralNPC_Duty_Sniper,0,0
base,Duty,Duty,3,Newbie,6,0.5,180.0,480.0,480.0,GeneralNPC_Duty_Heavy,0,0
base,Duty,Duty,3,Experienced,6,0.5,180.0,480.0,480.0,GeneralNPC_Duty_CloseCombat,1,1.0
base,Duty,Duty,3,Experienced,6,0.5,180.0,480.0,480.0,GeneralNPC_Duty_Recon,1,1.0
base,Duty,Duty,3,Experienced,6,0.5,180.0,480.0,480.0,GeneralNPC_Duty_Stormtrooper,1,1.0
base,Duty,Duty,3,Experienced,6,0.5,180.0,480.0,480.0,GeneralNPC_Duty_Sniper,0,0
base,Duty,Duty,3,Experienced,6,0.5,180.0,480.0,480.0,GeneralNPC_Duty_Heavy,0,0
base,Duty,Duty,3,Veteran,7,0.5,180.0,480.0,480.0,GeneralNPC_Duty_CloseCombat,1,1.0
base,Duty,Duty,3,Veteran,7,0.5,180.0,480.0,480.0,GeneralNPC_Duty_Recon,0,1.0
base,Duty,Duty,3,Veteran,7,0.5,180.0,480.0,480.0,GeneralNPC_Duty_Stormtrooper,3,1.0
base,Duty,Duty,3,Veteran,7,0.5,180.0,480.0,480.0,GeneralNPC_Duty_Sniper,1,0.2
base,Duty,Duty,3,Veteran,7,0.5,180.0,480.0,480.0,GeneralNPC_Duty_Heavy,0,0
base,Duty,Duty,3,Master,7,0.5,180.0,480.0,480.0,GeneralNPC_Duty_CloseCombat,1,1.0
base,Duty,Duty,3,Master,7,0.5,180.0,480.0,480.0,GeneralNPC_Duty_Recon,1,1.0
base,Duty,Duty,3,Master,7,0.5,180.0,480.0,480.0,GeneralNPC_Duty_Stormtrooper,2,1.0
base,Duty,Duty,3,Master,7,0.5,180.0,480.0,480.0,GeneralNPC_Duty_Sniper,1,0.2
base,Duty,Duty,3,Master,7,0.5,180.0,480.0,480.0,GeneralNPC_Duty_Heavy,0,0.5
base,Noon,Noon,3,Newbie,6,0.5,180.0,480.0,480.0,GeneralNPC_Noon_CloseCombat,0,1.0
base,Noon,Noon,3,Newbie,6,0.5,180.0,480.0,480.0,GeneralNPC_Noon_Recon,2,1.0
base,Noon,Noon,3,Newbie,6,0.5,180.0,480.0,480.0,GeneralNPC_Noon_Stormtrooper,2,1.0
base,Noon,Noon,3,Experienced,6,0.5,180.0,480.0,480.0,GeneralNPC_Noon_CloseCombat,1,1.0
base,Noon,Noon,3,Experienced,6,0.5,180.0,480.0,480.0,GeneralNPC_Noon_Recon,1,1.0
base,Noon,Noon,3,Experienced,6,0.5,180.0,480.0,480.0,GeneralNPC_Noon_Stormtrooper,1,1.0
base,Noon,Noon,3,Veteran,7,0.5,180.0,480.0,480.0,GeneralNPC_Noon_CloseCombat,1,1.0
base,Noon,Noon,3,Veteran,7,0.5,180.0,480.0,480.0,GeneralNPC_Noon_Recon,1,1.0
base,Noon,Noon,3,Veteran,7,0.5,180.0,480.0,480.0,GeneralNPC_Noon_Stormtrooper,3,1.0
base,Noon,Noon,3,Master,7,0.5,180.0,480.0,480.0,GeneralNPC_Noon_CloseCombat,1,1.0
base,Noon,Noon,3,Master,7,0.5,180.0,480.0,480.0,GeneralNPC_Noon_Recon,1,1.0
base,Noon,Noon,3,Master,7,0.5,180.0,480.0,480.0,GeneralNPC_Noon_Stormtrooper,3,1.0
base,Scientists,Scientists,3,Newbie,6,0.5,180.0,480.0,480.0,GeneralNPC_Scientists_Recon,1,1.0
base,Scientists,Scientists,3,Newbie,6,0.5,180.0,480.0,480.0,GeneralNPC_Scientists_Stormtrooper,1,1.0
base,Scientists,Scientists,3,Experienced,6,0.5,180.0,480.0,480.0,GeneralNPC_Scientists_Recon,4,1.0
base,Scientists,Scientists,3,Experienced,6,0.5,180.0,480.0,480.0,GeneralNPC_Scientists_Stormtrooper,1,1.0
base,Scientists,Scientists,3,Veteran,7,0.5,180.0,480.0,480.0,GeneralNPC_Scientists_Recon,1,1.0
base,Scientists,Scientists,3,Veteran,7,0.5,180.0,480.0,480.0,GeneralNPC_Scientists_Stormtrooper,4,1.0
base,Scientists,Scientists,3,Master,7,0.5,180.0,480.0,480.0,GeneralNPC_Scientists_Recon,1,1.0
base,Scientists,Scientists,3,Master,7,0.5,180.0,480.0,480.0,GeneralNPC_Scientists_Stormtrooper,3,1.0
base,Spark,Spark,3,Newbie,6,0.5,180.0,480.0,480.0,GeneralNPC_Spark_CloseCombat,4,1.0
base,Spark,Spark,3,Newbie,6,0.5,180.0,480.0,480.0,GeneralNPC_Spark_Recon,1,1.0
base,Spark,Spark,3,Newbie,6,0.5,180.0,480.0,480.0,GeneralNPC_Spark_Stormtrooper,0,0
base,Spark,Spark,3,Newbie,6,0.5,180.0,480.0,480.0,GeneralNPC_Spark_Sniper,0,0
base,Spark,Spark,3,Experienced,6,0.5,180.0,480.0,480.0,GeneralNPC_Spark_CloseCombat,1,1.0
base,Spark,Spark,3,Experienced,6,0.5,180.0,480.0,480.0,GeneralNPC_Spark_Recon,1,1.0
base,Spark,Spark,3,Experienced,6,0.5,180.0,480.0,480.0,GeneralNPC_Spark_Stormtrooper,1,1.0
base,Spark,Spark,3,Experienced,6,0.5,180.0,480.0,480.0,GeneralNPC_Spark_Sniper,0,0.2
base,Spark,Spark,3,Veteran,7,0.5,180.0,480.0,480.0,GeneralNPC_Spark_CloseCombat,1,1.0
base,Spark,Spark,3,Veteran,7,0.5,180.0,480.0,480.0,GeneralNPC_Spark_Recon,0,1.0
base,Spark,Spark,3,Veteran,7,0.5,180.0,480.0,480.0,GeneralNPC_Spark_Stormtrooper,3,1.0
base,Spark,Spark,3,Veteran,7,0.5,180.0,480.0,480.0,GeneralNPC_Spark_Sniper,1,0.2
base,Spark,Spark,3,Master,7,0.5,180.0,480.0,480.0,GeneralNPC_Spark_CloseCombat,1,1.0
base,Spark,Spark,3,Master,7,0.5,180.0,480.0,480.0,GeneralNPC_Spark_Recon,0,1.0
base,Spark,Spark,3,Master,7,0.5,180.0,480.0,480.0,GeneralNPC_Spark_Stormtrooper,3,1.0
base,Spark,Spark,3,Master,7,0.5,180.0,480.0,480.0,GeneralNPC_Spark_Sniper,1,0.2
base,Corpus,Corpus,3,Newbie,6,0.5,180.0,480.0,480.0,GeneralNPC_Corpus_CloseCombat,1,1.0
base,Corpus,Corpus,3,Newbie,6,0.5,180.0,480.0,480.0,GeneralNPC_Corpus_Recon,4,1.0
base,Corpus,Corpus,3,Newbie,6,0.5,180.0,480.0,480.0,GeneralNPC_Corpus_Stormtrooper,0,0
base,Corpus,Corpus,3,Newbie,6,0.5,180.0,480.0,480.0,GeneralNPC_Corpus_Sniper,0,0
base,Corpus,Corpus,3,Newbie,6,0.5,180.0,480.0,480.0,GeneralNPC_Corpus_Heavy,0,0
base,Corpus,Corpus,3,Experienced,6,0.5,180.0,480.0,480.0,GeneralNPC_Corpus_CloseCombat,0,1.0
base,Corpus,Corpus,3,Experienced,6,0.5,180.0,480.0,480.0,GeneralNPC_Corpus_Recon,1,1.0
base,Corpus,Corpus,3,Experienced,6,0.5,180.0,480.0,480.0,GeneralNPC_Corpus_Stormtrooper,2,1.0
base,Corpus,Corpus,3,Experienced,6,0.5,180.0,480.0,480.0,GeneralNPC_Corpus_Sniper,0,0
base,Corpus,Corpus,3,Experienced,6,0.5,180.0,480.0,480.0,GeneralNPC_Corpus_Heavy,0,0
base,Corpus,Corpus,3,Veteran,7,0.5,180.0,480.0,480.0,GeneralNPC_Corpus_CloseCombat,1,1.0
base,Corpus,Corpus,3,Veteran,7,0.5,180.0,480.0,480.0,GeneralNPC_Corpus_Recon,1,1.0
base,Corpus,Corpus,3,Veteran,7,0.5,180.0,480.0,480.0,GeneralNPC_Corpus_Stormtrooper,2,1.0
base,Corpus,Corpus,3,Veteran,7,0.5,180.0,480.0,480.0,GeneralNPC_Corpus_Sniper,0,0
base,Corpus,Corpus,3,Veteran,7,0.5,180.0,480.0,480.0,GeneralNPC_Corpus_Heavy,1,0.2
base,Corpus,Corpus,3,Master,7,0.5,180.0,480.0,480.0,GeneralNPC_Corpus_CloseCombat,0,1.0
base,Corpus,Corpus,3,Master,7,0.5,180.0,480.0,480.0,GeneralNPC_Corpus_Recon,0,1.0
base,Corpus,Corpus,3,Master,7,0.5,180.0,480.0,480.0,GeneralNPC_Corpus_Stormtrooper,3,1.0
base,Corpus,Corpus,3,Master,7,0.5,180.0,480.0,480.0,GeneralNPC_Corpus_Sniper,1,0.2
base,Corpus,Corpus,3,Master,7,0.5,180.0,480.0,480.0,GeneralNPC_Corpus_Heavy,1,0.2
base,GuardNeutrals,Neutrals,3,Newbie,7,0.5,180.0,480.0,480.0,GuardNPC_Neutral_CloseCombat,1,1.0
base,GuardNeutrals,Neutrals,3,Newbie,7,0.5,180.0,480.0,480.0,GuardNPC_Neutral_Recon,1,1.0
base,GuardNeutrals,Neutrals,3,Newbie,7,0.5,180.0,480.0,480.0,GuardNPC_Neutral_Stormtrooper,1,1.0
base,GuardNeutrals,Neutrals,3,Experienced,7,0.5,180.0,480.0,480.0,GuardNPC_Neutral_CloseCombat,1,1.0
base,GuardNeutrals,Neutrals,3,Experienced,7,0.5,180.0,480.0,480.0,GuardNPC_Neutral_Recon,1,1.0
base,GuardNeutrals,Neutrals,3,Experienced,7,0.5,180.0,480.0,480.0,GuardNPC_Neutral_Stormtrooper,1,1.0
base,GuardNeutrals,Neutrals,3,Veteran,8,0.5,180.0,480.0,480.0,GuardNPC_Neutral_CloseCombat,1,1.0
base,GuardNeutrals,Neutrals,3,Veteran,8,0.5,180.0,480.0,480.0,GuardNPC_Neutral_Recon,1,1.0
base,GuardNeutrals,Neutrals,3,Veteran,8,0.5,180.0,480.0,480.0,GuardNPC_Neutral_Stormtrooper,1,1.0
base,GuardNeutrals,Neutrals,3,Master,10,0.5,180.0,480.0,480.0,GuardNPC_Neutral_CloseCombat,1,1.0
base,GuardNeutrals,Neutrals,3,Master,10,0.5,180.0,480.0,480.0,GuardNPC_Neutral_Recon,1,1.0
base,GuardNeutrals,Neutrals,3,Master,10,0.5,180.0,480.0,480.0,GuardNPC_Neutral_Stormtrooper,1,1.0
base,GuardNeutrals_Sniper,Neutrals,3,Newbie,1,1.0,180.0,480.0,480.0,GuardNPC_Neutral_Sniper,1,1.0
base,GuardNeutrals_Sniper,Neutrals,3,Experienced,1,1.0,180.0,480.0,480.0,GuardNPC_Neutral_Sniper,1,1.0
base,GuardNeutrals_Sniper,Neutrals,3,Veteran,1,1.0,180.0,480.0,480.0,GuardNPC_Neutral_Sniper,1,1.0
base,GuardNeutrals_Sniper,Neutrals,3,Master,1,1.0,180.0,480.0,480.0,GuardNPC_Neutral_Sniper,1,1.0
base,GuardDiggers,Diggers,3,Newbie,7,0.5,6.0,30.0,30.0,GuardNPC_Digger_CloseCombat,1,1.0
base,GuardDiggers,Diggers,3,Newbie,7,0.5,6.0,30.0,30.0,GuardNPC_Digger_Recon,1,1.0
base,GuardDiggers,Diggers,3,Newbie,7,0.5,6.0,30.0,30.0,GuardNPC_Digger_Stormtrooper,1,1.0
base,GuardDiggers,Diggers,3,Experienced,7,0.5,180.0,480.0,480.0,GuardNPC_Digger_CloseCombat,1,1.0
base,GuardDiggers,Diggers,3,Experienced,7,0.5,180.0,480.0,480.0,GuardNPC_Digger_Recon,1,1.0
base,GuardDiggers,Diggers,3,Experienced,7,0.5,180.0,480.0,480.0,GuardNPC_Digger_Stormtrooper,1,1.0
base,GuardDiggers,Diggers,3,Veteran,8,0.5,180.0,480.0,480.0,GuardNPC_Digger_CloseCombat,1,1.0
base,GuardDiggers,Diggers,3,Veteran,8,0.5,180.0,480.0,480.0,GuardNPC_Digger_Recon,1,1.0
base,GuardDiggers,Diggers,3,Veteran,8,0.5,180.0,480.0,480.0,GuardNPC_Digger_Stormtrooper,1,1.0
base,GuardDiggers,Diggers,3,Master,10,0.5,180.0,480.0,480.0,GuardNPC_Digger_CloseCombat,1,1.0
base,GuardDiggers,Diggers,3,Master,10,0.5,180.0,480.0,480.0,GuardNPC_Digger_Recon,1,1.0
base,GuardDiggers,Diggers,3,Master,10,0.5,180.0,480.0,480.0,GuardNPC_Digger_Stormtrooper,1,1.0
base,GuardDiggers_Sniper,Diggers,3,Newbie,1,1.0,180.0,480.0,480.0,GuardNPC_Digger_Sniper,1,1.0
base,GuardDiggers_Sniper,Diggers,3,Experienced,1,1.0,180.0,480.0,480.0,GuardNPC_Digger_Sniper,1,1.0
base,GuardDiggers_Sniper,Diggers,3,Veteran,1,1.0,180.0,480.0,480.0,GuardNPC_Digger_Sniper,1,1.0
base,GuardDiggers_Sniper,Diggers,3,Master,1,1.0,180.0,480.0,480.0,GuardNPC_Digger_Sniper,1,1.0
base,GuardVarta,Varta,3,Newbie,7,0.5,180.0,480.0,480.0,GuardNPC_Varta_CloseCombat,1,1.0
base,GuardVarta,Varta,3,Newbie,7,0.5,180.0,480.0,480.0,GuardNPC_Varta_Recon,1,1.0
base,GuardVarta,Varta,3,Newbie,7,0.5,180.0,480.0,480.0,GuardNPC_Varta_Stormtrooper,1,1.0
base,GuardVarta,Varta,3,Newbie,7,0.5,180.0,480.0,480.0,GuardNPC_Varta_Heavy,1,1.0
base,GuardVarta,Varta,3,Experienced,7,0.5,180.0,480.0,480.0,GuardNPC_Varta_CloseCombat,1,1.0
base,GuardVarta,Varta,3,Experienced,7,0.5,180.0,480.0,480.0,GuardNPC_Varta_Recon,1,1.0
base,GuardVarta,Varta,3,Experienced,7,0.5,180.0,480.0,480.0,GuardNPC_Varta_Stormtrooper,1,1.0
base,GuardVarta,Varta,3,Experienced,7,0.5,180.0,480.0,480.0,GuardNPC_Varta_Heavy,1,1.0
base,GuardVarta,Varta,3,Veteran,8,0.5,180.0,480.0,480.0,GuardNPC_Varta_CloseCombat,1,1.0
base,GuardVarta,Varta,3,Veteran,8,0.5,180.0,480.0,480.0,GuardNPC_Varta_Recon,1,1.0
base,GuardVarta,Varta,3,Veteran,8,0.5,180.0,480.0,480.0,GuardNPC_Varta_Stormtrooper,1,1.0
base,GuardVarta,Varta,3,Veteran,8,0.5,180.0,480.0,480.0,GuardNPC_Varta_Heavy,1,1.0
base,GuardVarta,Varta,3,Master,10,0.5,180.0,480.0,480.0,GuardNPC_Varta_CloseCombat,1,1.0
base,GuardVarta,Varta,3,Master,10,0.5,180.0,480.0,480.0,GuardNPC_Varta_Recon,1,1.0
base,GuardVarta,Varta,3,Master,10,0.5,180.0,480.0,480.0,GuardNPC_Varta_Stormtrooper,1,1.0
base,GuardVarta,Varta,3,Master,10,0.5,180.0,480.0,480.0,GuardNPC_Varta_Heavy,1,1.0
base,GuardVarta_Sniper,Varta,3,Newbie,1,1.0,180.0,480.0,480.0,GuardNPC_Varta_Sniper,1,1.0
base,GuardVarta_Sniper,Varta,3,Experienced,1,1.0,180.0,480.0,480.0,GuardNPC_Varta_Sniper,1,1.0
base,GuardVarta_Sniper,Varta,3,Veteran,1,1.0,180.0,480.0,480.0,GuardNPC_Varta_Sniper,1,1.0
base,GuardVarta_Sniper,Varta,3,Master,1,1.0,180.0,480.0,480.0,GuardNPC_Varta_Sniper,1,1.0
base,GuardNoon,Noon,3,Newbie,7,0.5,180.0,480.0,480.0,GuardNPC_Noon_CloseCombat,1,1.0
base,GuardNoon,Noon,3,Newbie,7,0.5,180.0,480.0,480.0,GuardNPC_Noon_Recon,1,1.0
base,GuardNoon,Noon,3,Newbie,7,0.5,180.0,480.0,480.0,GuardNPC_Noon_Stormtrooper,1,1.0
base,GuardNoon,Noon,3,Experienced,7,0.5,180.0,480.0,480.0,GuardNPC_Noon_CloseCombat,1,1.0
base,GuardNoon,Noon,3,Experienced,7,0.5,180.0,480.0,480.0,GuardNPC_Noon_Recon,1,1.0
base,GuardNoon,Noon,3,Experienced,7,0.5,180.0,480.0,480.0,GuardNPC_Noon_Stormtrooper,1,1.0
base,GuardNoon,Noon,3,Veteran,8,0.5,180.0,480.0,480.0,GuardNPC_Noon_CloseCombat,1,1.0
base,GuardNoon,Noon,3,Veteran,8,0.5,180.0,480.0,480.0,GuardNPC_Noon_Recon,1,1.0
base,GuardNoon,Noon,3,Veteran,8,0.5,180.0,480.0,480.0,GuardNPC_Noon_Stormtrooper,1,1.0
base,GuardNoon,Noon,3,Master,10,0.5,180.0,480.0,480.0,GuardNPC_Noon_CloseCombat,1,1.0
base,GuardNoon,Noon,3,Master,10,0.5,180.0,480.0,480.0,GuardNPC_Noon_Recon,1,1.0
base,GuardNoon,Noon,3,Master,10,0.5,180.0,480.0,480.0,GuardNPC_Noon_Stormtrooper,1,1.0
base,GuardFreedom,Freedom,3,Newbie,7,0.5,180.0,480.0,480.0,GuardNPC_Freedom_CloseCombat,1,1.0
base,GuardFreedom,Freedom,3,Newbie,7,0.5,180.0,480.0,480.0,GuardNPC_Freedom_Recon,1,1.0
base,GuardFreedom,Freedom,3,Newbie,7,0.5,180.0,480.0,480.0,GuardNPC_Freedom_Stormtrooper,1,1.0
base,GuardFreedom,Freedom,3,Experienced,7,0.5,180.0,480.0,480.0,GuardNPC_Freedom_CloseCombat,1,1.0
base,GuardFreedom,Freedom,3,Experienced,7,0.5,180.0,480.0,480.0,GuardNPC_Freedom_Recon,1,1.0
base,GuardFreedom,Freedom,3,Experienced,7,0.5,180.0,480.0,480.0,GuardNPC_Freedom_Stormtrooper,1,1.0
base,GuardFreedom,Freedom,3,Veteran,8,0.5,180.0,480.0,480.0,GuardNPC_Freedom_CloseCombat,1,1.0
base,GuardFreedom,Freedom,3,Veteran,8,0.5,180.0,480.0,480.0,GuardNPC_Freedom_Recon,1,1.0
base,GuardFreedom,Freedom,3,Veteran,8,0.5,180.0,480.0,480.0,GuardNPC_Freedom_Stormtrooper,1,1.0
base,GuardFreedom,Freedom,3,Master,10,0.5,180.0,480.0,480.0,GuardNPC_Freedom_CloseCombat,1,1.0
base,GuardFreedom,Freedom,3,Master,10,0.5,180.0,480.0,480.0,GuardNPC_Freedom_Recon,1,1.0
base,GuardFreedom,Freedom,3,Master,10,0.5,180.0,480.0,480.0,GuardNPC_Freedom_Stormtrooper,1,1.0
base,GuardFreedom_Sniper,Freedom,3,Newbie,1,1.0,180.0,480.0,480.0,GuardNPC_Freedom_Sniper,1,1.0
base,GuardFreedom_Sniper,Freedom,3,Experienced,1,1.0,180.0,480.0,480.0,GuardNPC_Freedom_Sniper,1,1.0
base,GuardFreedom_Sniper,Freedom,3,Veteran,1,1.0,180.0,480.0,480.0,GuardNPC_Freedom_Sniper,1,1.0
base,GuardFreedom_Sniper,Freedom,3,Master,1,1.0,180.0,480.0,480.0,GuardNPC_Freedom_Sniper,1,1.0
base,GuardDuty,Duty,3,Newbie,7,0.5,180.0,480.0,480.0,GuardNPC_Duty_CloseCombat,1,1.0
base,GuardDuty,Duty,3,Newbie,7,0.5,180.0,480.0,480.0,GuardNPC_Duty_Recon,1,1.0
base,GuardDuty,Duty,3,Newbie,7,0.5,180.0,480.0,480.0,GuardNPC_Duty_Stormtrooper,1,1.0
base,GuardDuty,Duty,3,Newbie,7,0.5,180.0,480.0,480.0,GuardNPC_Duty_Heavy,1,1.0
base,GuardDuty,Duty,3,Experienced,7,0.5,180.0,480.0,480.0,GuardNPC_Duty_CloseCombat,1,1.0
base,GuardDuty,Duty,3,Experienced,7,0.5,180.0,480.0,480.0,GuardNPC_Duty_Recon,1,1.0
base,GuardDuty,Duty,3,Experienced,7,0.5,180.0,480.0,480.0,GuardNPC_Duty_Stormtrooper,1,1.0
base,GuardDuty,Duty,3,Experienced,7,0.5,180.0,480.0,480.0,GuardNPC_Duty_Heavy,1,1.0
base,GuardDuty,Duty,3,Veteran,8,0.5,180.0,480.0,480.0,GuardNPC_Duty_CloseCombat,1,1.0
base,GuardDuty,Duty,3,Veteran,8,0.5,180.0,480.0,480.0,GuardNPC_Duty_Recon,1,1.0
base,GuardDuty,Duty,3,Veteran,8,0.5,180.0,480.0,480.0,GuardNPC_Duty_Stormtrooper,1,1.0
base,GuardDuty,Duty,3,Veteran,8,0.5,180.0,480.0,480.0,GuardNPC_Duty_Heavy,1,1.0
base,GuardDuty,Duty,3,Master,10,0.5,180.0,480.0,480.0,GuardNPC_Duty_CloseCombat,1,1.0
base,GuardDuty,Duty,3,Master,10,0.5,180.0,480.0,480.0,GuardNPC_Duty_Recon,1,1.0
base,GuardDuty,Duty,3,Master,10,0.5,180.0,480.0,480.0,GuardNPC_Duty_Stormtrooper,1,1.0
base,GuardDuty,Duty,3,Master,10,0.5,180.0,480.0,480.0,GuardNPC_Duty_Heavy,1,1.0
base,GuardDuty_Sniper,Duty,3,Newbie,1,1.0,180.0,480.0,480.0,GuardNPC_Duty_Sniper,1,1.0
base,GuardDuty_Sniper,Duty,3,Experienced,1,1.0,180.0,480.0,480.0,GuardNPC_Duty_Sniper,1,1.0
base,GuardDuty_Sniper,Duty,3,Veteran,1,1.0,180.0,480.0,480.0,GuardNPC_Duty_Sniper,1,1.0
base,GuardDuty_Sniper,Duty,3,Master,1,1.0,180.0,480.0,480.0,GuardNPC_Duty_Sniper,1,1.0
base,GuardCorpus,Corpus,3,Newbie,7,0.5,180.0,480.0,480.0,GuardNPC_Corpus_CloseCombat,1,1.0
base,GuardCorpus,Corpus,3,Newbie,7,0.5,180.0,480.0,480.0,GuardNPC_Corpus_Recon,1,1.0
base,GuardCorpus,Corpus,3,Newbie,7,0.5,180.0,480.0,480.0,GuardNPC_Corpus_Stormtrooper,1,1.0
base,GuardCorpus,Corpus,3,Newbie,7,0.5,180.0,480.0,480.0,GuardNPC_Corpus_Heavy,1,1.0
base,GuardCorpus,Corpus,3,Experienced,7,0.5,180.0,480.0,480.0,GuardNPC_Corpus_CloseCombat,1,1.0
base,GuardCorpus,Corpus,3,Experienced,7,0.5,180.0,480.0,480.0,GuardNPC_Corpus_Recon,1,1.0
base,GuardCorpus,Corpus,3,Experienced,7,0.5,180.0,480.0,480.0,GuardNPC_Corpus_Stormtrooper,1,1.0
base,GuardCorpus,Corpus,3,Experienced,7,0.5,180.0,480.0,480.0,GuardNPC_Corpus_Heavy,1,1.0
base,GuardCorpus,Corpus,3,Veteran,8,0.5,180.0,480.0,480.0,GuardNPC_Corpus_CloseCombat,1,1.0
base,GuardCorpus,Corpus,3,Veteran,8,0.5,180.0,480.0,480.0,GuardNPC_Corpus_Recon,1,1.0
base,GuardCorpus,Corpus,3,Veteran,8,0.5,180.0,480.0,480.0,GuardNPC_Corpus_Stormtrooper,1,1.0
base,GuardCorpus,Corpus,3,Veteran,8,0.5,180.0,480.0,480.0,GuardNPC_Corpus_Heavy,1,1.0
base,GuardCorpus,Corpus,3,Master,10,0.5,180.0,480.0,480.0,GuardNPC_Corpus_CloseCombat,1,1.0
base,GuardCorpus,Corpus,3,Master,10,0.5,180.0,480.0,480.0,GuardNPC_Corpus_Recon,1,1.0
base,GuardCorpus,Corpus,3,Master,10,0.5,180.0,480.0,480.0,GuardNPC_Corpus_Stormtrooper,1,1.0
base,GuardCorpus,Corpus,3,Master,10,0.5,180.0,480.0,480.0,GuardNPC_Corpus_Heavy,1,1.0
base,GuardCorpus_Sniper,Corpus,3,Newbie,1,1.0,180.0,480.0,480.0,GuardNPC_Corpus_Sniper,1,1.0
base,GuardCorpus_Sniper,Corpus,3,Experienced,1,1.0,180.0,480.0,480.0,GuardNPC_Corpus_Sniper,1,1.0
base,GuardCorpus_Sniper,Corpus,3,Veteran,1,1.0,180.0,480.0,480.0,GuardNPC_Corpus_Sniper,1,1.0
base,GuardCorpus_Sniper,Corpus,3,Master,1,1.0,180.0,480.0,480.0,GuardNPC_Corpus_Sniper,1,1.0
base,GuardMonolith,Monolith,3,Newbie,7,0.5,180.0,480.0,480.0,GuardNPC_Monolith_CloseCombat,1,1.0
base,GuardMonolith,Monolith,3,Newbie,7,0.5,180.0,480.0,480.0,GuardNPC_Monolith_Recon,1,1.0
base,GuardMonolith,Monolith,3,Newbie,7,0.5,180.0,480.0,480.0,GuardNPC_Monolith_Stormtrooper,1,1.0
base,GuardMonolith,Monolith,3,Experienced,7,0.5,180.0,480.0,480.0,GuardNPC_Monolith_CloseCombat,1,1.0
base,GuardMonolith,Monolith,3,Experienced,7,0.5,180.0,480.0,480.0,GuardNPC_Monolith_Recon,1,1.0
base,GuardMonolith,Monolith,3,Experienced,7,0.5,180.0,480.0,480.0,GuardNPC_Monolith_Stormtrooper,1,1.0
base,GuardMonolith,Monolith,3,Veteran,8,0.5,180.0,480.0,480.0,GuardNPC_Monolith_CloseCombat,1,1.0
base,GuardMonolith,Monolith,3,Veteran,8,0.5,180.0,480.0,480.0,GuardNPC_Monolith_Recon,1,1.0
base,GuardMonolith,Monolith,3,Veteran,8,0.5,180.0,480.0,480.0,GuardNPC_Monolith_Stormtrooper,1,1.0
base,GuardMonolith,Monolith,3,Master,10,0.5,180.0,480.0,480.0,GuardNPC_Monolith_CloseCombat,1,1.0
base,GuardMonolith,Monolith,3,Master,10,0.5,180.0,480.0,480.0,GuardNPC_Monolith_Recon,1,1.0
base,GuardMonolith,Monolith,3,Master,10,0.5,180.0,480.0,480.0,GuardNPC_Monolith_Stormtrooper,1,1.0
base,GuardMonolith_Sniper,Monolith,3,Newbie,1,1.0,180.0,480.0,480.0,GuardNPC_Monolith_Sniper,1,1.0
base,GuardMonolith_Sniper,Monolith,3,Experienced,1,1.0,180.0,480.0,480.0,GuardNPC_Monolith_Sniper,1,1.0
base,GuardMonolith_Sniper,Monolith,3,Veteran,1,1.0,180.0,480.0,480.0,GuardNPC_Monolith_Sniper,1,1.0
base,GuardMonolith_Sniper,Monolith,3,Master,1,1.0,180.0,480.0,480.0,GuardNPC_Monolith_Sniper,1,1.0
base,GuardSultanBandits,SultanBandits,3,Newbie,7,0.5,6.0,30.0,30.0,GuardNPC_SultanBandit_CloseCombat,1,1.0
base,GuardSultanBandits,SultanBandits,3,Newbie,7,0.5,6.0,30.0,30.0,GuardNPC_SultanBandit_Recon,1,1.0
base,GuardSultanBandits,SultanBandits,3,Newbie,7,0.5,6.0,30.0,30.0,GuardNPC_SultanBandit_Stormtrooper,1,1.0
base,GuardSultanBandits,SultanBandits,3,Newbie,7,0.5,6.0,30.0,30.0,GuardNPC_SultanBandit_Heavy,1,1.0
base,GuardSultanBandits,SultanBandits,3,Experienced,7,0.5,180.0,480.0,480.0,GuardNPC_SultanBandit_CloseCombat,1,1.0
base,GuardSultanBandits,SultanBandits,3,Experienced,7,0.5,180.0,480.0,480.0,GuardNPC_SultanBandit_Recon,1,1.0
base,GuardSultanBandits,SultanBandits,3,Experienced,7,0.5,180.0,480.0,480.0,GuardNPC_SultanBandit_Stormtrooper,1,1.0
base,GuardSultanBandits,SultanBandits,3,Experienced,7,0.5,180.0,480.0,480.0,GuardNPC_SultanBandit_Heavy,1,1.0
base,GuardSultanBandits,SultanBandits,3,Veteran,8,0.5,180.0,480.0,480.0,GuardNPC_SultanBandit_CloseCombat,1,1.0
base,GuardSultanBandits,SultanBandits,3,Veteran,8,0.5,180.0,480.0,480.0,GuardNPC_SultanBandit_Recon,1,1.0
base,GuardSultanBandits,SultanBandits,3,Veteran,8,0.5,180.0,480.0,480.0,GuardNPC_SultanBandit_Stormtrooper,1,1.0
base,GuardSultanBandits,SultanBandits,3,Veteran,8,0.5,180.0,480.0,480.0,GuardNPC_SultanBandit_Heavy,1,1.0
base,GuardSultanBandits,SultanBandits,3,Master,10,0.5,180.0,480.0,480.0,GuardNPC_SultanBandit_CloseCombat,1,1.0
base,GuardSultanBandits,SultanBandits,3,Master,10,0.5,180.0,480.0,480.0,GuardNPC_SultanBandit_Recon,1,1.0
base,GuardSultanBandits,SultanBandits,3,Master,10,0.5,180.0,480.0,480.0,GuardNPC_SultanBandit_Stormtrooper,1,1.0
base,GuardSultanBandits,SultanBandits,3,Master,10,0.5,180.0,480.0,480.0,GuardNPC_SultanBandit_Heavy,1,1.0
base,DutyZombies,Zombie,3,Newbie,6,0.5,6.0,30.0,30.0,GeneralZombie_Duty_CloseCombat,1,1.0
base,DutyZombies,Zombie,3,Newbie,6,0.5,6.0,30.0,30.0,GeneralZombie_Duty_Recon,1,1.0
base,DutyZombies,Zombie,3,Newbie,6,0.5,6.0,30.0,30.0,GeneralZombie_Duty_Stormtrooper,1,1.0
base,DutyZombies,Zombie,3,Newbie,6,0.5,6.0,30.0,30.0,GeneralZombie_Duty_Sniper,0,1.0
base,DutyZombies,Zombie,3,Newbie,6,0.5,6.0,30.0,30.0,GeneralZombie_Duty_Heavy,0,1.0
base,DutyZombies,Zombie,3,Experienced,7,0.5,180.0,480.0,480.0,GeneralZombie_Duty_CloseCombat,1,1.0
base,DutyZombies,Zombie,3,Experienced,7,0.5,180.0,480.0,480.0,GeneralZombie_Duty_Recon,1,1.0
base,DutyZombies,Zombie,3,Experienced,7,0.5,180.0,480.0,480.0,GeneralZombie_Duty_Stormtrooper,1,1.0
base,DutyZombies,Zombie,3,Experienced,7,0.5,180.0,480.0,480.0,GeneralZombie_Duty_Sniper,0,1.0
base,DutyZombies,Zombie,3,Experienced,7,0.5,180.0,480.0,480.0,GeneralZombie_Duty_Heavy,0,1.0
base,DutyZombies,Zombie,3,Veteran,8,0.5,180.0,480.0,480.0,GeneralZombie_Duty_CloseCombat,1,1.0
base,DutyZombies,Zombie,3,Veteran,8,0.5,180.0,480.0,480.0,GeneralZombie_Duty_Recon,1,1.0
base,DutyZombies,Zombie,3,Veteran,8,0.5,180.0,480.0,480.0,GeneralZombie_Duty_Stormtrooper,1,1.0
base,DutyZombies,Zombie,3,Veteran,8,0.5,180.0,480.0,480.0,GeneralZombie_Duty_Sniper,0,1.0
base,DutyZombies,Zombie,3,Veteran,8,0.5,180.0,480.0,480.0,GeneralZombie_Duty_Heavy,1,1.0
base,DutyZombies,Zombie,3,Master,10,0.5,180.0,480.0,480.0,GeneralZombie_Duty_CloseCombat,1,1.0
base,DutyZombies,Zombie,3,Master,10,0.5,180.0,480.0,480.0,GeneralZombie_Duty_Recon,1,1.0
base,DutyZombies,Zombie,3,Master,10,0.5,180.0,480.0,480.0,GeneralZombie_Duty_Stormtrooper,1,1.0
base,DutyZombies,Zombie,3,Master,10,0.5,180.0,480.0,480.0,GeneralZombie_Duty_Sniper,1,1.0
base,DutyZombies,Zombie,3,Master,10,0.5,180.0,480.0,480.0,GeneralZombie_Duty_Heavy,1,1.0
base,FreedomZombies,Zombie,3,Newbie,6,0.5,6.0,30.0,30.0,GeneralZombie_Freedom_CloseCombat,1,1.0
base,FreedomZombies,Zombie,3,Newbie,6,0.5,6.0,30.0,30.0,GeneralZombie_Freedom_Recon,1,1.0
base,FreedomZombies,Zombie,3,Newbie,6,0.5,6.0,30.0,30.0,GeneralZombie_Freedom_Stormtrooper,1,1.0
base,FreedomZombies,Zombie,3,Newbie,6,0.5,6.0,30.0,30.0,GeneralZombie_Freedom_Sniper,0,1.0
base,FreedomZombies,Zombie,3,Experienced,7,0.5,180.0,480.0,480.0,GeneralZombie_Freedom_CloseCombat,1,1.0
base,FreedomZombies,Zombie,3,Experienced,7,0.5,180.0,480.0,480.0,GeneralZombie_Freedom_Recon,1,1.0
base,FreedomZombies,Zombie,3,Experienced,7,0.5,180.0,480.0,480.0,GeneralZombie_Freedom_Stormtrooper,1,1.0
base,FreedomZombies,Zombie,3,Experienced,7,0.5,180.0,480.0,480.0,GeneralZombie_Freedom_Sniper,0,1.0
base,FreedomZombies,Zombie,3,Veteran,8,0.5,180.0,480.0,480.0,GeneralZombie_Freedom_CloseCombat,1,1.0
base,FreedomZombies,Zombie,3,Veteran,8,0.5,180.0,480.0,480.0,GeneralZombie_Freedom_Recon,1,1.0
base,FreedomZombies,Zombie,3,Veteran,8,0.5,180.0,480.0,480.0,GeneralZombie_Freedom_Stormtrooper,1,1.0
base,FreedomZombies,Zombie,3,Veteran,8,0.5,180.0,480.0,480.0,GeneralZombie_Freedom_Sniper,1,1.0
base,FreedomZombies,Zombie,3,Master,10,0.5,180.0,480.0,480.0,GeneralZombie_Freedom_CloseCombat,1,1.0
base,FreedomZombies,Zombie,3,Master,10,0.5,180.0,480.0,480.0,GeneralZombie_Freedom_Recon,1,1.0
base,FreedomZombies,Zombie,3,Master,10,0.5,180.0,480.0,480.0,GeneralZombie_Freedom_Stormtrooper,1,1.0
base,FreedomZombies,Zombie,3,Master,10,0.5,180.0,480.0,480.0,GeneralZombie_Freedom_Sniper,1,1.0
base,BanditZombies,Zombie,3,Newbie,6,0.5,6.0,30.0,30.0,GeneralZombie_Bandit_CloseCombat,1,1.0
base,BanditZombies,Zombie,3,Newbie,6,0.5,6.0,30.0,30.0,GeneralZombie_Bandit_Recon,1,1.0
base,BanditZombies,Zombie,3,Newbie,6,0.5,6.0,30.0,30.0,GeneralZombie_Bandit_Stormtrooper,1,1.0
base,BanditZombies,Zombie,3,Newbie,6,0.5,6.0,30.0,30.0,GeneralZombie_Bandit_Heavy,0,1.0
base,BanditZombies,Zombie,3,Experienced,7,0.5,180.0,480.0,480.0,GeneralZombie_Bandit_CloseCombat,1,1.0
base,BanditZombies,Zombie,3,Experienced,7,0.5,180.0,480.0,480.0,GeneralZombie_Bandit_Recon,1,1.0
base,BanditZombies,Zombie,3,Experienced,7,0.5,180.0,480.0,480.0,GeneralZombie_Bandit_Stormtrooper,1,1.0
base,BanditZombies,Zombie,3,Experienced,7,0.5,180.0,480.0,480.0,GeneralZombie_Bandit_Heavy,0,1.0
base,BanditZombies,Zombie,3,Veteran,8,0.5,180.0,480.0,480.0,GeneralZombie_Bandit_CloseCombat,1,1.0
base,BanditZombies,Zombie,3,Veteran,8,0.5,180.0,480.0,480.0,GeneralZombie_Bandit_Recon,1,1.0
base,BanditZombies,Zombie,3,Veteran,8,0.5,180.0,480.0,480.0,GeneralZombie_Bandit_Stormtrooper,1,1.0
base,BanditZombies,Zombie,3,Veteran,8,0.5,180.0,480.0,480.0,GeneralZombie_Bandit_Heavy,1,1.0
base,BanditZombies,Zombie,3,Master,10,0.5,180.0,480.0,480.0,GeneralZombie_Bandit_CloseCombat,1,1.0
base,BanditZombies,Zombie,3,Master,10,0.5,180.0,480.0,480.0,GeneralZombie_Bandit_Recon,1,1.0
base,BanditZombies,Zombie,3,Master,10,0.5,180.0,480.0,480.0,GeneralZombie_Bandit_Stormtrooper,1,1.0
base,BanditZombies,Zombie,3,Master,10,0.5,180.0,480.0,480.0,GeneralZombie_Bandit_Heavy,1,1.0
base,NeutralZombies,Zombie,3,Newbie,6,0.5,6.0,30.0,30.0,GeneralZombie_Neutral_CloseCombat,1,1.0
base,NeutralZombies,Zombie,3,Newbie,6,0.5,6.0,30.0,30.0,GeneralZombie_Neutral_Recon,1,1.0
base,NeutralZombies,Zombie,3,Newbie,6,0.5,6.0,30.0,30.0,GeneralZombie_Neutral_Stormtrooper,1,1.0
base,NeutralZombies,Zombie,3,Newbie,6,0.5,6.0,30.0,30.0,GeneralZombie_Neutral_Sniper,0,1.0
base,NeutralZombies,Zombie,3,Experienced,7,0.5,180.0,480.0,480.0,GeneralZombie_Neutral_CloseCombat,1,1.0
base,NeutralZombies,Zombie,3,Experienced,7,0.5,180.0,480.0,480.0,GeneralZombie_Neutral_Recon,1,1.0
base,NeutralZombies,Zombie,3,Experienced,7,0.5,180.0,480.0,480.0,GeneralZombie_Neutral_Stormtrooper,1,1.0
base,NeutralZombies,Zombie,3,Experienced,7,0.5,180.0,480.0,480.0,GeneralZombie_Neutral_Sniper,0,1.0
base,NeutralZombies,Zombie,3,Veteran,8,0.5,180.0,480.0,480.0,GeneralZombie_Neutral_CloseCombat,1,1.0
base,NeutralZombies,Zombie,3,Veteran,8,0.5,180.0,480.0,480.0,GeneralZombie_Neutral_Recon,1,1.0
base,NeutralZombies,Zombie,3,Veteran,8,0.5,180.0,480.0,480.0,GeneralZombie_Neutral_Stormtrooper,1,1.0
base,NeutralZombies,Zombie,3,Veteran,8,0.5,180.0,480.0,480.0,GeneralZombie_Neutral_Sniper,1,1.0
base,NeutralZombies,Zombie,3,Master,10,0.5,180.0,480.0,480.0,GeneralZombie_Neutral_CloseCombat,1,1.0
base,NeutralZombies,Zombie,3,Master,10,0.5,180.0,480.0,480.0,GeneralZombie_Neutral_Recon,1,1.0
base,NeutralZombies,Zombie,3,Master,10,0.5,180.0,480.0,480.0,GeneralZombie_Neutral_Stormtrooper,1,1.0
base,NeutralZombies,Zombie,3,Master,10,0.5,180.0,480.0,480.0,GeneralZombie_Neutral_Sniper,1,1.0
base,CorpusZombie,Zombie,3,Newbie,6,0.5,180.0,480.0,480.0,GeneralZombie_Corpus_CloseCombat,1,1.0
base,CorpusZombie,Zombie,3,Newbie,6,0.5,180.0,480.0,480.0,GeneralZombie_Corpus_Recon,1,1.0
base,CorpusZombie,Zombie,3,Newbie,6,0.5,180.0,480.0,480.0,GeneralZombie_Corpus_Stormtrooper,1,1.0
base,CorpusZombie,Zombie,3,Newbie,6,0.5,180.0,480.0,480.0,GeneralZombie_Corpus_Sniper,0,1.0
base,CorpusZombie,Zombie,3,Newbie,6,0.5,180.0,480.0,480.0,GeneralZombie_Corpus_Heavy,0,1.0
base,CorpusZombie,Zombie,3,Experienced,8,0.5,180.0,480.0,480.0,GeneralZombie_Corpus_CloseCombat,1,1.0
base,CorpusZombie,Zombie,3,Experienced,8,0.5,180.0,480.0,480.0,GeneralZombie_Corpus_Recon,1,1.0
base,CorpusZombie,Zombie,3,Experienced,8,0.5,180.0,480.0,480.0,GeneralZombie_Corpus_Stormtrooper,1,1.0
base,CorpusZombie,Zombie,3,Experienced,8,0.5,180.0,480.0,480.0,GeneralZombie_Corpus_Sniper,0,1.0
base,CorpusZombie,Zombie,3,Experienced,8,0.5,180.0,480.0,480.0,GeneralZombie_Corpus_Heavy,0,1.0
base,CorpusZombie,Zombie,3,Veteran,10,0.5,180.0,480.0,480.0,GeneralZombie_Corpus_CloseCombat,1,1.0
base,CorpusZombie,Zombie,3,Veteran,10,0.5,180.0,480.0,480.0,GeneralZombie_Corpus_Recon,1,1.0
base,CorpusZombie,Zombie,3,Veteran,10,0.5,180.0,480.0,480.0,GeneralZombie_Corpus_Stormtrooper,1,1.0
base,CorpusZombie,Zombie,3,Veteran,10,0.5,180.0,480.0,480.0,GeneralZombie_Corpus_Sniper,0,1.0
base,CorpusZombie,Zombie,3,Veteran,10,0.5,180.0,480.0,480.0,GeneralZombie_Corpus_Heavy,1,1.0
base,CorpusZombie,Zombie,3,Master,10,0.5,180.0,480.0,480.0,GeneralZombie_Corpus_CloseCombat,1,1.0
base,CorpusZombie,Zombie,3,Master,10,0.5,180.0,480.0,480.0,GeneralZombie_Corpus_Recon,1,1.0
base,CorpusZombie,Zombie,3,Master,10,0.5,180.0,480.0,480.0,GeneralZombie_Corpus_Stormtrooper,1,1.0
base,CorpusZombie,Zombie,3,Master,10,0.5,180.0,480.0,480.0,GeneralZombie_Corpus_Sniper,1,1.0
base,CorpusZombie,Zombie,3,Master,10,0.5,180.0,480.0,480.0,GeneralZombie_Corpus_Heavy,1,1.0
base,Blinddog,Blinddog,3,Newbie,9,0.5,180.0,480.0,480.0,Blinddog,1,1.0
base,Blinddog,Blinddog,3,Experienced,9,0.5,180.0,480.0,480.0,Blinddog,1,1.0
base,Blinddog,Blinddog,3,Veteran,9,0.5,180.0,480.0,480.0,Blinddog,1,1.0
base,Blinddog,Blinddog,3,Master,9,0.5,180.0,480.0,480.0,Blinddog,1,1.0
base,Bloodsucker,Bloodsucker,3,Newbie,2,0.5,180.0,480.0,480.0,Bloodsucker,1,1.0
base,Bloodsucker,Bloodsucker,3,Experienced,2,0.5,180.0,480.0,480.0,Bloodsucker,1,1.0
base,Bloodsucker,Bloodsucker,3,Veteran,3,0.5,180.0,480.0,480.0,Bloodsucker,1,1.0
base,Bloodsucker,Bloodsucker,3,Master,3,0.5,180.0,480.0,480.0,Bloodsucker,1,1.0
base,Boar,Boar,3,Newbie,5,0.5,180.0,480.0,480.0,Boar,1,1.0
base,Boar,Boar,3,Experienced,5,0.5,180.0,480.0,480.0,Boar,1,1.0
base,Boar,Boar,3,Veteran,5,0.5,180.0,480.0,480.0,Boar,1,1.0
base,Boar,Boar,3,Master,5,0.5,180.0,480.0,480.0,Boar,1,1.0
base,Flesh,Flesh,3,Newbie,5,0.5,180.0,480.0,480.0,Flesh,1,1.0
base,Flesh,Flesh,3,Experienced,5,0.5,180.0,480.0,480.0,Flesh,1,1.0
base,Flesh,Flesh,3,Veteran,5,0.5,180.0,480.0,480.0,Flesh,1,1.0
base,Flesh,Flesh,3,Master,6,0.5,180.0,480.0,480.0,Flesh,1,1.0
base,Controller,Controller,3,Newbie,1,1.0,180.0,480.0,480.0,Controller,1,1.0
base,Controller,Controller,3,Experienced,1,1.0,180.0,480.0,480.0,Controller,1,1.0
base,Controller,Controller,3,Veteran,1,1.0,180.0,480.0,480.0,Controller,1,1.0
base,Controller,Controller,3,Master,2,0.5,180.0,480.0,480.0,Controller,1,1.0
base,Poltergeist,Poltergeist,3,Newbie,1,1.0,180.0,480.0,480.0,Poltergeist,1,1.0
base,Poltergeist,Poltergeist,3,Experienced,1,1.0,180.0,480.0,480.0,Poltergeist,1,1.0
base,Poltergeist,Poltergeist,3,Veteran,1,1.0,180.0,480.0,480.0,Poltergeist,1,1.0
base,Poltergeist,Poltergeist,3,Master,2,0.5,180.0,480.0,480.0,Poltergeist,1,1.0
base,Poltergeist_Electro,Poltergeist,3,Newbie,1,1.0,180.0,480.0,480.0,Poltergeist_Electro,1,1.0
base,Poltergeist_Electro,Poltergeist,3,Experienced,1,1.0,180.0,480.0,480.0,Poltergeist_Electro,1,1.0
base,Poltergeist_Electro,Poltergeist,3,Veteran,1,1.0,180.0,480.0,480.0,Poltergeist_Electro,1,1.0
base,Poltergeist_Electro,Poltergeist,3,Master,2,0.5,180.0,480.0,480.0,Poltergeist_Electro,1,1.0
base,Poltergeist_Toxic,Poltergeist,3,Newbie,1,1.0,180.0,480.0,480.0,Poltergeist_Toxic,1,1.0
base,Poltergeist_Toxic,Poltergeist,3,Experienced,1,1.0,180.0,480.0,480.0,Poltergeist_Toxic,1,1.0
base,Poltergeist_Toxic,Poltergeist,3,Veteran,1,1.0,180.0,480.0,480.0,Poltergeist_Toxic,1,1.0
base,Poltergeist_Toxic,Poltergeist,3,Master,2,0.5,180.0,480.0,480.0,Poltergeist_Toxic,1,1.0
base,Poltergeist_Fire,Poltergeist,3,Newbie,1,1.0,180.0,480.0,480.0,Poltergeist_Fire,1,1.0
base,Poltergeist_Fire,Poltergeist,3,Experienced,1,1.0,180.0,480.0,480.0,Poltergeist_Fire,1,1.0
base,Poltergeist_Fire,Poltergeist,3,Veteran,1,1.0,180.0,480.0,480.0,Poltergeist_Fire,1,1.0
base,Poltergeist_Fire,Poltergeist,3,Master,2,0.5,180.0,480.0,480.0,Poltergeist_Fire,1,1.0
base,Chimera,Chimera,3,Newbie,1,1.0,180.0,480.0,480.0,Chimera,1,1.0
base,Chimera,Chimera,3,Experienced,1,1.0,180.0,480.0,480.0,Chimera,1,1.0
base,Chimera,Chimera,3,Veteran,1,1.0,180.0,480.0,480.0,Chimera,1,1.0
base,Chimera,Chimera,3,Master,2,0.5,180.0,480.0,480.0,Chimera,1,1.0
base,Burer,Burer,3,Newbie,1,1.0,180.0,480.0,480.0,Burer,1,1.0
base,Burer,Burer,3,Experienced,1,1.0,180.0,480.0,480.0,Burer,1,1.0
base,Burer,Burer,3,Veteran,1,1.0,180.0,480.0,480.0,Burer,1,1.0
base,Burer,Burer,3,Master,2,0.5,180.0,480.0,480.0,Burer,1,1.0
base,Pseudogiant,Pseudogiant,3,Newbie,1,1.0,180.0,480.0,480.0,Pseudogiant,1,1.0
base,Pseudogiant,Pseudogiant,3,Experienced,1,1.0,180.0,480.0,480.0,Pseudogiant,1,1.0
base,Pseudogiant,Pseudogiant,3,Veteran,1,1.0,180.0,480.0,480.0,Pseudogiant,1,1.0
base,Pseudogiant,Pseudogiant,3,Master,2,0.5,180.0,480.0,480.0,Pseudogiant,1,1.0
base,Snork,Snork,3,Newbie,8,0.5,180.0,480.0,480.0,Snork,1,1.0
base,Snork,Snork,3,Experienced,8,0.5,180.0,480.0,480.0,Snork,1,1.0
base,Snork,Snork,3,Veteran,9,0.5,180.0,480.0,480.0,Snork,1,1.0
base,Snork,Snork,3,Master,9,0.5,180.0,480.0,480.0,Snork,1,1.0
base,Pseudodog,Pseudodog,3,Newbie,1,1.0,180.0,480.0,480.0,PseudoDog,1,1.0
base,Pseudodog,Pseudodog,3,Experienced,1,1.0,180.0,480.0,480.0,PseudoDog,1,1.0
base,Pseudodog,Pseudodog,3,Veteran,2,0.5,180.0,480.0,480.0,PseudoDog,1,1.0
base,Pseudodog,Pseudodog,3,Master,2,0.5,180.0,480.0,480.0,PseudoDog,1,1.0
base,Deer,Deer,3,Newbie,1,1.0,180.0,480.0,480.0,Deer,1,1.0
base,Deer,Deer,3,Experienced,1,1.0,180.0,480.0,480.0,Deer,1,1.0
base,Deer,Deer,3,Veteran,2,0.5,180.0,480.0,480.0,Deer,1,1.0
base,Deer,Deer,3,Master,2,0.5,180.0,480.0,480.0,Deer,1,1.0
base,Bayun,Bayun,3,Newbie,2,0.5,180.0,480.0,480.0,Bayun,1,1.0
base,Bayun,Bayun,3,Experienced,2,0.5,180.0,480.0,480.0,Bayun,1,1.0
base,Bayun,Bayun,3,Veteran,2,0.5,180.0,480.0,480.0,Bayun,1,1.0
base,Bayun,Bayun,3,Master,2,0.5,180.0,480.0,480.0,Bayun,1,1.0
base,Rat,Rat,3,Newbie,1,1.0,180.0,480.0,480.0,RatSwarm_75,1,1.0
base,Rat,Rat,3,Experienced,1,1.0,180.0,480.0,480.0,RatSwarm_150,1,1.0
base,Rat,Rat,3,Veteran,1,1.0,180.0,480.0,480.0,RatSwarm_225,1,1.0
base,Rat,Rat,3,Master,1,1.0,180.0,480.0,480.0,RatSwarm_300,1,1.0
base,RatSwarm_75,Rat,3,Newbie,1,1.0,180.0,480.0,480.0,RatSwarm_75,1,1.0
base,RatSwarm_75,Rat,3,Experienced,1,1.0,180.0,480.0,480.0,RatSwarm_75,1,1.0
base,RatSwarm_75,Rat,3,Veteran,1,1.0,180.0,480.0,480.0,RatSwarm_75,1,1.0
base,RatSwarm_75,Rat,3,Master,1,1.0,180.0,480.0,480.0,RatSwarm_75,1,1.0
base,RatSwarm_150,Rat,3,Newbie,1,1.0,180.0,480.0,480.0,RatSwarm_150,1,1.0
base,RatSwarm_150,Rat,3,Experienced,1,1.0,180.0,480.0,480.0,RatSwarm_150,1,1.0
base,RatSwarm_150,Rat,3,Veteran,1,1.0,180.0,480.0,480.0,RatSwarm_150,1,1.0
base,RatSwarm_150,Rat,3,Master,1,1.0,180.0,480.0,480.0,RatSwarm_150,1,1.0
base,RatSwarm_225,Rat,3,Newbie,1,1.0,180.0,480.0,480.0,RatSwarm_225,1,1.0
base,RatSwarm_225,Rat,3,Experienced,1,1.0,180.0,480.0,480.0,RatSwarm_225,1,1.0
base,RatSwarm_225,Rat,3,Veteran,1,1.0,180.0,480.0,480.0,RatSwarm_225,1,1.0
base,RatSwarm_225,Rat,3,Master,1,1.0,180.0,480.0,480.0,RatSwarm_225,1,1.0
base,RatSwarm_300,Rat,3,Newbie,1,1.0,180.0,480.0,480.0,RatSwarm_300,1,1.0
base,RatSwarm_300,Rat,3,Experienced,1,1.0,180.0,480.0,480.0,RatSwarm_300,1,1.0
base,RatSwarm_300,Rat,3,Veteran,1,1.0,180.0,480.0,480.0,RatSwarm_300,1,1.0
base,RatSwarm_300,Rat,3,Master,1,1.0,180.0,480.0,480.0,RatSwarm_300,1,1.0
base,Tushkan,Tushkan,3,Newbie,14,0.5,180.0,480.0,480.0,Tushkan,1,1.0
base,Tushkan,Tushkan,3,Experienced,16,0.5,180.0,480.0,480.0,Tushkan,1,1.0
base,Tushkan,Tushkan,3,Veteran,20,0.5,180.0,480.0,480.0,Tushkan,1,1.0
base,Tushkan,Tushkan,3,Master,24,0.5,180.0,480.0,480.0,Tushkan,1,1.0
base,MoldyBlinddog,MoldyBlinddog,3,Newbie,9,0.5,180.0,480.0,480.0,MoldyBlinddog,1,1.0
base,MoldyBlinddog,MoldyBlinddog,3,Experienced,9,0.5,180.0,480.0,480.0,MoldyBlinddog,1,1.0
base,MoldyBlinddog,MoldyBlinddog,3,Veteran,9,0.5,180.0,480.0,480.0,MoldyBlinddog,1,1.0
base,MoldyBlinddog,MoldyBlinddog,3,Master,9,0.5,180.0,480.0,480.0,MoldyBlinddog,1,1.0
base,GenericMutantsOnly,Blinddog,3,Newbie,9,0.5,180.0,480.0,480.0,Blinddog,1,1.0
base,GenericMutantsOnly,Blinddog,3,Experienced,9,0.5,180.0,480.0,480.0,Blinddog,1,1.0
base,GenericMutantsOnly,Blinddog,3,Veteran,9,0.5,180.0,480.0,480.0,Blinddog,1,1.0
base,GenericMutantsOnly,Blinddog,3,Master,9,0.5,180.0,480.0,480.0,Blinddog,1,1.0
base,GenericMutantsOnly,Bloodsucker,3,Newbie,2,0.5,180.0,480.0,480.0,Bloodsucker,1,1.0
base,GenericMutantsOnly,Bloodsucker,3,Experienced,2,0.5,180.0,480.0,480.0,Bloodsucker,1,1.0
base,GenericMutantsOnly,Bloodsucker,3,Veteran,3,0.5,180.0,480.0,480.0,Bloodsucker,1,1.0
base,GenericMutantsOnly,Bloodsucker,3,Master,3,0.5,180.0,480.0,480.0,Bloodsucker,1,1.0
base,GenericMutantsOnly,Boar,3,Newbie,5,0.5,180.0,480.0,480.0,Boar,1,1.0
base,GenericMutantsOnly,Boar,3,Experienced,5,0.5,180.0,480.0,480.0,Boar,1,1.0
base,GenericMutantsOnly,Boar,3,Veteran,5,0.5,180.0,480.0,480.0,Boar,1,1.0
base,GenericMutantsOnly,Boar,3,Master,5,0.5,180.0,480.0,480.0,Boar,1,1.0
base,GenericMutantsOnly,Flesh,3,Newbie,5,0.5,180.0,480.0,480.0,Flesh,1,1.0
base,GenericMutantsOnly,Flesh,3,Experienced,5,0.5,180.0,480.0,480.0,Flesh,1,1.0
base,GenericMutantsOnly,Flesh,3,Veteran,5,0.5,180.0,480.0,480.0,Flesh,1,1.0
base,GenericMutantsOnly,Flesh,3,Master,6,0.5,180.0,480.0,480.0,Flesh,1,1.0
base,GenericMutantsOnly,Zombie,3,Newbie,6,0.5,180.0,480.0,480.0,GeneralZombie_Bandit_CloseCombat,0,1.0
base,GenericMutantsOnly,Zombie,3,Newbie,6,0.5,180.0,480.0,480.0,GeneralZombie_Bandit_Recon,0,1.0
base,GenericMutantsOnly,Zombie,3,Newbie,6,0.5,180.0,480.0,480.0,GeneralZombie_Bandit_Stormtrooper,0,1.0
base,GenericMutantsOnly,Zombie,3,Newbie,6,0.5,180.0,480.0,480.0,GeneralZombie_Bandit_Heavy,0,1.0
base,GenericMutantsOnly,Zombie,3,Newbie,6,0.5,180.0,480.0,480.0,GeneralZombie_Neutral_CloseCombat,0,1.0
base,GenericMutantsOnly,Zombie,3,Newbie,6,0.5,180.0,480.0,480.0,GeneralZombie_Neutral_Recon,0,1.0
base,GenericMutantsOnly,Zombie,3,Newbie,6,0.5,180.0,480.0,480.0,GeneralZombie_Neutral_Stormtrooper,0,1.0
base,GenericMutantsOnly,Zombie,3,Newbie,6,0.5,180.0,480.0,480.0,GeneralZombie_Neutral_Sniper,0,1.0
base,GenericMutantsOnly,Zombie,3,Newbie,6,0.5,180.0,480.0,480.0,GeneralZombie_Corpus_CloseCombat,0,1.0
base,GenericMutantsOnly,Zombie,3,Newbie,6,0.5,180.0,480.0,480.0,GeneralZombie_Corpus_Recon,0,1.0
base,GenericMutantsOnly,Zombie,3,Newbie,6,0.5,180.0,480.0,480.0,GeneralZombie_Corpus_Stormtrooper,0,1.0
base,GenericMutantsOnly,Zombie,3,Newbie,6,0.5,180.0,480.0,480.0,GeneralZombie_Corpus_Sniper,0,1.0
base,GenericMutantsOnly,Zombie,3,Newbie,6,0.5,180.0,480.0,480.0,GeneralZombie_Corpus_Heavy,0,1.0
base,GenericMutantsOnly,Zombie,3,Newbie,6,0.5,180.0,480.0,480.0,GeneralZombie_Freedom_CloseCombat,0,1.0
base,GenericMutantsOnly,Zombie,3,Newbie,6,0.5,180.0,480.0,480.0,GeneralZombie_Freedom_Recon,0,1.0
base,GenericMutantsOnly,Zombie,3,Newbie,6,0.5,180.0,480.0,480.0,GeneralZombie_Freedom_Stormtrooper,0,1.0
base,GenericMutantsOnly,Zombie,3,Newbie,6,0.5,180.0,480.0,480.0,GeneralZombie_Freedom_Sniper,0,1.0
base,GenericMutantsOnly,Zombie,3,Newbie,6,0.5,180.0,480.0,480.0,GeneralZombie_Duty_CloseCombat,0,1.0
base,GenericMutantsOnly,Zombie,3,Newbie,6,0.5,180.0,480.0,480.0,GeneralZombie_Duty_Recon,0,1.0
base,GenericMutantsOnly,Zombie,3,Newbie,6,0.5,180.0,480.0,480.0,GeneralZombie_Duty_Stormtrooper,0,1.0
base,GenericMutantsOnly,Zombie,3,Newbie,6,0.5,180.0,480.0,480.0,GeneralZombie_Duty_Sniper,0,1.0
base,GenericMutantsOnly,Zombie,3,Newbie,6,0.5,180.0,480.0,480.0,GeneralZombie_Duty_Heavy,0,1.0
base,GenericMutantsOnly,Zombie,3,Experienced,8,0.5,180.0,480.0,480.0,GeneralZombie_Bandit_CloseCombat,0,1.0
base,GenericMutantsOnly,Zombie,3,Experienced,8,0.5,180.0,480.0,480.0,GeneralZombie_Bandit_Recon,0,1.0
base,GenericMutantsOnly,Zombie,3,Experienced,8,0.5,180.0,480.0,480.0,GeneralZombie_Bandit_Stormtrooper,0,1.0
base,GenericMutantsOnly,Zombie,3,Experienced,8,0.5,180.0,480.0,480.0,GeneralZombie_Bandit_Heavy,0,1.0
base,GenericMutantsOnly,Zombie,3,Experienced,8,0.5,180.0,480.0,480.0,GeneralZombie_Neutral_CloseCombat,0,1.0
base,GenericMutantsOnly,Zombie,3,Experienced,8,0.5,180.0,480.0,480.0,GeneralZombie_Neutral_Recon,0,1.0
base,GenericMutantsOnly,Zombie,3,Experienced,8,0.5,180.0,480.0,480.0,GeneralZombie_Neutral_Stormtrooper,0,1.0
base,GenericMutantsOnly,Zombie,3,Experienced,8,0.5,180.0,480.0,480.0,GeneralZombie_Neutral_Sniper,0,1.0
base,GenericMutantsOnly,Zombie,3,Experienced,8,0.5,180.0,480.0,480.0,GeneralZombie_Corpus_CloseCombat,0,1.0
base,GenericMutantsOnly,Zombie,3,Experienced,8,0.5,180.0,480.0,480.0,GeneralZombie_Corpus_Recon,0,1.0
base,GenericMutantsOnly,Zombie,3,Experienced,8,0.5,180.0,480.0,480.0,GeneralZombie_Corpus_Stormtrooper,0,1.0
base,GenericMutantsOnly,Zombie,3,Experienced,8,0.5,180.0,480.0,480.0,GeneralZombie_Corpus_Sniper,0,1.0
base,GenericMutantsOnly,Zombie,3,Experienced,8,0.5,180.0,480.0,480.0,GeneralZombie_Corpus_Heavy,0,1.0
base,GenericMutantsOnly,Zombie,3,Experienced,8,0.5,180.0,480.0,480.0,GeneralZombie_Freedom_CloseCombat,0,1.0
base,GenericMutantsOnly,Zombie,3,Experienced,8,0.5,180.0,480.0,480.0,GeneralZombie_Freedom_Recon,0,1.0
base,GenericMutantsOnly,Zombie,3,Experienced,8,0.5,180.0,480.0,480.0,GeneralZombie_Freedom_Stormtrooper,0,1.0
base,GenericMutantsOnly,Zombie,3,Experienced,8,0.5,180.0,480.0,480.0,GeneralZombie_Freedom_Sniper,0,1.0
base,GenericMutantsOnly,Zombie,3,Experienced,8,0.5,180.0,480.0,480.0,GeneralZombie_Duty_CloseCombat,0,1.0
base,GenericMutantsOnly,Zombie,3,Experienced,8,0.5,180.0,480.0,480.0,GeneralZombie_Duty_Recon,0,1.0
base,GenericMutantsOnly,Zombie,3,Experienced,8,0.5,180.0,480.0,480.0,GeneralZombie_Duty_Stormtrooper,0,1.0
base,GenericMutantsOnly,Zombie,3,Experienced,8,0.5,180.0,480.0,480.0,GeneralZombie_Duty_Sniper,0,1.0
base,GenericMutantsOnly,Zombie,3,Experienced,8,0.5,180.0,480.0,480.0,GeneralZombie_Duty_Heavy,0,1.0
base,GenericMutantsOnly,Zombie,3,Veteran,10,0.5,180.0,480.0,480.0,GeneralZombie_Bandit_CloseCombat,0,1.0
base,GenericMutantsOnly,Zombie,3,Veteran,10,0.5,180.0,480.0,480.0,GeneralZombie_Bandit_Recon,0,1.0
base,GenericMutantsOnly,Zombie,3,Veteran,10,0.5,180.0,480.0,480.0,GeneralZombie_Bandit_Stormtrooper,0,1.0
base,GenericMutantsOnly,Zombie,3,Veteran,10,0.5,180.0,480.0,480.0,GeneralZombie_Bandit_Heavy,0,1.0
base,GenericMutantsOnly,Zombie,3,Veteran,10,0.5,180.0,480.0,480.0,GeneralZombie_Neutral_CloseCombat,0,1.0
base,GenericMutantsOnly,Zombie,3,Veteran,10,0.5,180.0,480.0,480.0,GeneralZombie_Neutral_Recon,0,1.0
base,GenericMutantsOnly,Zombie,3,Veteran,10,0.5,180.0,480.0,480.0,GeneralZombie_Neutral_Stormtrooper,0,1.0
base,GenericMutantsOnly,Zombie,3,Veteran,10,0.5,180.0,480.0,480.0,GeneralZombie_Neutral_Sniper,0,1.0
base,GenericMutantsOnly,Zombie,3,Veteran,10,0.5,180.0,480.0,480.0,GeneralZombie_Corpus_CloseCombat,0,1.0
base,GenericMutantsOnly,Zombie,3,Veteran,10,0.5,180.0,480.0,480.0,GeneralZombie_Corpus_Recon,0,1.0
base,GenericMutantsOnly,Zombie,3,Veteran,10,0.5,180.0,480.0,480.0,GeneralZombie_Corpus_Stormtrooper,0,1.0
base,GenericMutantsOnly,Zombie,3,Veteran,10,0.5,180.0,480.0,480.0,GeneralZombie_Corpus_Sniper,0,1.0
base,GenericMutantsOnly,Zombie,3,Veteran,10,0.5,180.0,480.0,480.0,GeneralZombie_Corpus_Heavy,0,1.0
base,GenericMutantsOnly,Zombie,3,Veteran,10,0.5,180.0,480.0,480.0,GeneralZombie_Freedom_CloseCombat,0,1.0
base,GenericMutantsOnly,Zombie,3,Veteran,10,0.5,180.0,480.0,480.0,GeneralZombie_Freedom_Recon,0,1.0
base,GenericMutantsOnly,Zombie,3,Veteran,10,0.5,180.0,480.0,480.0,GeneralZombie_Freedom_Stormtrooper,0,1.0
base,GenericMutantsOnly,Zombie,3,Veteran,10,0.5,180.0,480.0,480.0,GeneralZombie_Freedom_Sniper,0,1.0
base,GenericMutantsOnly,Zombie,3,Veteran,10,0.5,180.0,480.0,480.0,GeneralZombie_Duty_CloseCombat,0,1.0
base,GenericMutantsOnly,Zombie,3,Veteran,10,0.5,180.0,480.0,480.0,GeneralZombie_Duty_Recon,0,1.0
base,GenericMutantsOnly,Zombie,3,Veteran,10,0.5,180.0,480.0,480.0,GeneralZombie_Duty_Stormtrooper,0,1.0
base,GenericMutantsOnly,Zombie,3,Veteran,10,0.5,180.0,480.0,480.0,GeneralZombie_Duty_Sniper,0,1.0
base,GenericMutantsOnly,Zombie,3,Veteran,10,0.5,180.0,480.0,480.0,GeneralZombie_Duty_Heavy,0,1.0
base,GenericMutantsOnly,Zombie,3,Master,10,0.5,180.0,480.0,480.0,GeneralZombie_Bandit_CloseCombat,0,1.0
base,GenericMutantsOnly,Zombie,3,Master,10,0.5,180.0,480.0,480.0,GeneralZombie_Bandit_Recon,0,1.0
base,GenericMutantsOnly,Zombie,3,Master,10,0.5,180.0,480.0,480.0,GeneralZombie_Bandit_Stormtrooper,0,1.0
base,GenericMutantsOnly,Zombie,3,Master,10,0.5,180.0,480.0,480.0,GeneralZombie_Bandit_Heavy,0,1.0
base,GenericMutantsOnly,Zombie,3,Master,10,0.5,180.0,480.0,480.0,GeneralZombie_Neutral_CloseCombat,0,1.0
base,GenericMutantsOnly,Zombie,3,Master,10,0.5,180.0,480.0,480.0,GeneralZombie_Neutral_Recon,0,1.0
base,GenericMutantsOnly,Zombie,3,Master,10,0.5,180.0,480.0,480.0,GeneralZombie_Neutral_Stormtrooper,0,1.0
base,GenericMutantsOnly,Zombie,3,Master,10,0.5,180.0,480.0,480.0,GeneralZombie_Neutral_Sniper,0,1.0
base,GenericMutantsOnly,Zombie,3,Master,10,0.5,180.0,480.0,480.0,GeneralZombie_Corpus_CloseCombat,0,1.0
base,GenericMutantsOnly,Zombie,3,Master,10,0.5,180.0,480.0,480.0,GeneralZombie_Corpus_Recon,0,1.0
base,GenericMutantsOnly,Zombie,3,Master,10,0.5,180.0,480.0,480.0,GeneralZombie_Corpus_Stormtrooper,0,1.0
base,GenericMutantsOnly,Zombie,3,Master,10,0.5,180.0,480.0,480.0,GeneralZombie_Corpus_Sniper,0,1.0
base,GenericMutantsOnly,Zombie,3,Master,10,0.5,180.0,480.0,480.0,GeneralZombie_Corpus_Heavy,0,1.0
base,GenericMutantsOnly,Zombie,3,Master,10,0.5,180.0,480.0,480.0,GeneralZombie_Freedom_CloseCombat,0,1.0
base,GenericMutantsOnly,Zombie,3,Master,10,0.5,180.0,480.0,480.0,GeneralZombie_Freedom_Recon,0,1.0
base,GenericMutantsOnly,Zombie,3,Master,10,0.5,180.0,480.0,480.0,GeneralZombie_Freedom_Stormtrooper,0,1.0
base,GenericMutantsOnly,Zombie,3,Master,10,0.5,180.0,480.0,480.0,GeneralZombie_Freedom_Sniper,0,1.0
base,GenericMutantsOnly,Zombie,3,Master,10,0.5,180.0,480.0,480.0,GeneralZombie_Duty_CloseCombat,0,1.0
base,GenericMutantsOnly,Zombie,3,Master,10,0.5,180.0,480.0,480.0,GeneralZombie_Duty_Recon,0,1.0
base,GenericMutantsOnly,Zombie,3,Master,10,0.5,180.0,480.0,480.0,GeneralZombie_Duty_Stormtrooper,0,1.0
base,GenericMutantsOnly,Zombie,3,Master,10,0.5,180.0,480.0,480.0,GeneralZombie_Duty_Sniper,0,1.0
base,GenericMutantsOnly,Zombie,3,Master,10,0.5,180.0,480.0,480.0,GeneralZombie_Duty_Heavy,0,1.0
base,GenericMutantsOnly,Snork,3,Newbie,8,0.5,180.0,480.0,480.0,Snork,1,1.0
base,GenericMutantsOnly,Snork,3,Experienced,8,0.5,180.0,480.0,480.0,Snork,1,1.0
base,GenericMutantsOnly,Snork,3,Veteran,9,0.5,180.0,480.0,480.0,Snork,1,1.0
base,GenericMutantsOnly,Snork,3,Master,9,0.5,180.0,480.0,480.0,Snork,1,1.0
base,GenericMutantsOnly,Pseudodog,3,Newbie,1,1.0,180.0,480.0,480.0,PseudoDog,1,1.0
base,GenericMutantsOnly,Pseudodog,3,Experienced,1,1.0,180.0,480.0,480.0,PseudoDog,1,1.0
base,GenericMutantsOnly,Pseudodog,3,Veteran,2,0.5,180.0,480.0,480.0,PseudoDog,1,1.0
base,GenericMutantsOnly,Pseudodog,3,Master,2,0.5,180.0,480.0,480.0,PseudoDog,1,1.0
base,GenericMutantsOnly,Bayun,3,Newbie,2,0.5,180.0,480.0,480.0,Bayun,1,1.0
base,GenericMutantsOnly,Bayun,3,Experienced,2,0.5,180.0,480.0,480.0,Bayun,1,1.0
base,GenericMutantsOnly,Bayun,3,Veteran,2,0.5,180.0,480.0,480.0,Bayun,1,1.0
base,GenericMutantsOnly,Bayun,3,Master,2,0.5,180.0,480.0,480.0,Bayun,1,1.0
base,GenericMutantsOnly,Tushkan,3,Newbie,14,0.5,180.0,480.0,480.0,Tushkan,1,1.0
base,GenericMutantsOnly,Tushkan,3,Experienced,16,0.5,180.0,480.0,480.0,Tushkan,1,1.0
base,GenericMutantsOnly,Tushkan,3,Veteran,20,0.5,180.0,480.0,480.0,Tushkan,1,1.0
base,GenericMutantsOnly,Tushkan,3,Master,24,0.5,180.0,480.0,480.0,Tushkan,1,1.0
base,GenericMutantsOnly,Controller,3,Newbie,1,1.0,180.0,480.0,480.0,Controller,1,1.0
base,GenericMutantsOnly,Controller,3,Experienced,1,1.0,180.0,480.0,480.0,Controller,1,1.0
base,GenericMutantsOnly,Controller,3,Veteran,1,1.0,180.0,480.0,480.0,Controller,1,1.0
base,GenericMutantsOnly,Controller,3,Master,2,0.5,180.0,480.0,480.0,Controller,1,1.0
base,GenericMutantsOnly,Deer,3,Newbie,1,1.0,180.0,480.0,480.0,Deer,1,1.0
base,GenericMutantsOnly,Deer,3,Experienced,1,1.0,180.0,480.0,480.0,Deer,1,1.0
base,GenericMutantsOnly,Deer,3,Veteran,2,0.5,180.0,480.0,480.0,Deer,1,1.0
base,GenericMutantsOnly,Deer,3,Master,2,0.5,180.0,480.0,480.0,Deer,1,1.0
base,GenericHumansOnly,Militaries,3,Newbie,6,0.5,180.0,480.0,480.0,GeneralNPC_Militaries_CloseCombat,0,1.0
base,GenericHumansOnly,Militaries,3,Newbie,6,0.5,180.0,480.0,480.0,GeneralNPC_Militaries_Recon,5,1.0
base,GenericHumansOnly,Militaries,3,Newbie,6,0.5,180.0,480.0,480.0,GeneralNPC_Militaries_Stormtrooper,0,0
base,GenericHumansOnly,Militaries,3,Newbie,6,0.5,180.0,480.0,480.0,GeneralNPC_Militaries_Sniper,0,0
base,GenericHumansOnly,Militaries,3,Newbie,6,0.5,180.0,480.0,480.0,GeneralNPC_Militaries_Heavy,0,0
base,GenericHumansOnly,Militaries,3,Experienced,6,0.5,180.0,480.0,480.0,GeneralNPC_Militaries_CloseCombat,1,1.0
base,GenericHumansOnly,Militaries,3,Experienced,6,0.5,180.0,480.0,480.0,GeneralNPC_Militaries_Recon,1,1.0
base,GenericHumansOnly,Militaries,3,Experienced,6,0.5,180.0,480.0,480.0,GeneralNPC_Militaries_Stormtrooper,1,1.0
base,GenericHumansOnly,Militaries,3,Veteran,6,0.5,180.0,480.0,480.0,GeneralNPC_Militaries_CloseCombat,1,1.0
base,GenericHumansOnly,Militaries,3,Veteran,6,0.5,180.0,480.0,480.0,GeneralNPC_Militaries_Recon,0,1.0
base,GenericHumansOnly,Militaries,3,Veteran,6,0.5,180.0,480.0,480.0,GeneralNPC_Militaries_Stormtrooper,3,1.0
base,GenericHumansOnly,Militaries,3,Veteran,6,0.5,180.0,480.0,480.0,GeneralNPC_Militaries_Heavy,0,1.0
base,GenericHumansOnly,Militaries,3,Master,7,0.5,180.0,480.0,480.0,GeneralNPC_Militaries_CloseCombat,1,0.5
base,GenericHumansOnly,Militaries,3,Master,7,0.5,180.0,480.0,480.0,GeneralNPC_Militaries_Recon,1,1.0
base,GenericHumansOnly,Militaries,3,Master,7,0.5,180.0,480.0,480.0,GeneralNPC_Militaries_Stormtrooper,2,1.0
base,GenericHumansOnly,Militaries,3,Master,7,0.5,180.0,480.0,480.0,GeneralNPC_Militaries_Sniper,1,0
base,GenericHumansOnly,Militaries,3,Master,7,0.5,180.0,480.0,480.0,GeneralNPC_Militaries_Heavy,1,1.0
base,GenericHumansOnly,Neutrals,3,Newbie,6,0.5,180.0,480.0,480.0,GeneralNPC_Neutral_CloseCombat,3,1
base,GenericHumansOnly,Neutrals,3,Newbie,6,0.5,180.0,480.0,480.0,GeneralNPC_Neutral_Recon,1,1
base,GenericHumansOnly,Neutrals,3,Newbie,6,0.5,180.0,480.0,480.0,GeneralNPC_Neutral_Sniper,0,0.2
base,GenericHumansOnly,Neutrals,3,Newbie,6,0.5,180.0,480.0,480.0,GeneralNPC_Neutral_Stormtrooper,0,0
base,GenericHumansOnly,Neutrals,3,Experienced,6,0.5,180.0,480.0,480.0,GeneralNPC_Neutral_CloseCombat,1,1.0
base,GenericHumansOnly,Neutrals,3,Experienced,6,0.5,180.0,480.0,480.0,GeneralNPC_Neutral_Recon,1,2.0
base,GenericHumansOnly,Neutrals,3,Experienced,6,0.5,180.0,480.0,480.0,GeneralNPC_Neutral_Stormtrooper,1,2.0
base,GenericHumansOnly,Neutrals,3,Experienced,6,0.5,180.0,480.0,480.0,GeneralNPC_Neutral_Sniper,0,0
base,GenericHumansOnly,Neutrals,3,Veteran,7,0.5,180.0,480.0,480.0,GeneralNPC_Neutral_CloseCombat,1,1.0
base,GenericHumansOnly,Neutrals,3,Veteran,7,0.5,180.0,480.0,480.0,GeneralNPC_Neutral_Recon,1,1.0
base,GenericHumansOnly,Neutrals,3,Veteran,7,0.5,180.0,480.0,480.0,GeneralNPC_Neutral_Stormtrooper,3,1.0
base,GenericHumansOnly,Neutrals,3,Veteran,7,0.5,180.0,480.0,480.0,GeneralNPC_Neutral_Sniper,1,0.2
base,GenericHumansOnly,Neutrals,3,Master,7,0.5,180.0,480.0,480.0,GeneralNPC_Neutral_CloseCombat,1,1.0
base,GenericHumansOnly,Neutrals,3,Master,7,0.5,180.0,480.0,480.0,GeneralNPC_Neutral_Recon,0,1.0
base,GenericHumansOnly,Neutrals,3,Master,7,0.5,180.0,480.0,480.0,GeneralNPC_Neutral_Stormtrooper,3,1.0
base,GenericHumansOnly,Neutrals,3,Master,7,0.5,180.0,480.0,480.0,GeneralNPC_Neutral_Sniper,1,0.2
base,GenericHumansOnly,Varta,3,Newbie,6,0.5,180.0,480.0,480.0,GeneralNPC_Varta_CloseCombat,1,1.0
base,GenericHumansOnly,Varta,3,Newbie,6,0.5,180.0,480.0,480.0,GeneralNPC_Varta_Recon,4,1.0
base,GenericHumansOnly,Varta,3,Newbie,6,0.5,180.0,480.0,480.0,GeneralNPC_Varta_Stormtrooper,0,0
base,GenericHumansOnly,Varta,3,Newbie,6,0.5,180.0,480.0,480.0,GeneralNPC_Varta_Sniper,0,0
base,GenericHumansOnly,Varta,3,Newbie,6,0.5,180.0,480.0,480.0,GeneralNPC_Varta_Heavy,0,0
base,GenericHumansOnly,Varta,3,Experienced,6,0.5,180.0,480.0,480.0,GeneralNPC_Varta_CloseCombat,1,1.0
base,GenericHumansOnly,Varta,3,Experienced,6,0.5,180.0,480.0,480.0,GeneralNPC_Varta_Recon,1,1.0
base,GenericHumansOnly,Varta,3,Experienced,6,0.5,180.0,480.0,480.0,GeneralNPC_Varta_Stormtrooper,1,1.0
base,GenericHumansOnly,Varta,3,Experienced,6,0.5,180.0,480.0,480.0,GeneralNPC_Varta_Sniper,0,0
base,GenericHumansOnly,Varta,3,Experienced,6,0.5,180.0,480.0,480.0,GeneralNPC_Varta_Heavy,0,0
base,GenericHumansOnly,Varta,3,Veteran,7,0.5,180.0,480.0,480.0,GeneralNPC_Varta_CloseCombat,1,1.0
base,GenericHumansOnly,Varta,3,Veteran,7,0.5,180.0,480.0,480.0,GeneralNPC_Varta_Recon,1,1.0
base,GenericHumansOnly,Varta,3,Veteran,7,0.5,180.0,480.0,480.0,GeneralNPC_Varta_Stormtrooper,2,1.0
base,GenericHumansOnly,Varta,3,Veteran,7,0.5,180.0,480.0,480.0,GeneralNPC_Varta_Sniper,1,0.2
base,GenericHumansOnly,Varta,3,Veteran,7,0.5,180.0,480.0,480.0,GeneralNPC_Varta_Heavy,0,0.5
base,GenericHumansOnly,Varta,3,Master,7,0.5,180.0,480.0,480.0,GeneralNPC_Varta_CloseCombat,1,1.0
base,GenericHumansOnly,Varta,3,Master,7,0.5,180.0,480.0,480.0,GeneralNPC_Varta_Recon,0,1.0
base,GenericHumansOnly,Varta,3,Master,7,0.5,180.0,480.0,480.0,GeneralNPC_Varta_Stormtrooper,2,1.0
base,GenericHumansOnly,Varta,3,Master,7,0.5,180.0,480.0,480.0,GeneralNPC_Varta_Sniper,1,0.2
base,GenericHumansOnly,Varta,3,Master,7,0.5,180.0,480.0,480.0,GeneralNPC_Varta_Heavy,1,0.2
base,GenericHumansOnly,Mercenaries,3,Newbie,6,0.5,180.0,480.0,480.0,GeneralNPC_Mercenaries_CloseCombat,0,1.0
base,GenericHumansOnly,Mercenaries,3,Newbie,6,0.5,180.0,480.0,480.0,GeneralNPC_Mercenaries_Recon,4,1.0
base,GenericHumansOnly,Mercenaries,3,Newbie,6,0.5,180.0,480.0,480.0,GeneralNPC_Mercenaries_Stormtrooper,0,0
base,GenericHumansOnly,Mercenaries,3,Newbie,6,0.5,180.0,480.0,480.0,GeneralNPC_Mercenaries_Sniper,0,0
base,GenericHumansOnly,Mercenaries,3,Experienced,6,0.5,180.0,480.0,480.0,GeneralNPC_Mercenaries_CloseCombat,1,1.0
base,GenericHumansOnly,Mercenaries,3,Experienced,6,0.5,180.0,480.0,480.0,GeneralNPC_Mercenaries_Recon,1,1.0
base,GenericHumansOnly,Mercenaries,3,Experienced,6,0.5,180.0,480.0,480.0,GeneralNPC_Mercenaries_Stormtrooper,1,1.0
base,GenericHumansOnly,Mercenaries,3,Experienced,6,0.5,180.0,480.0,480.0,GeneralNPC_Mercenaries_Sniper,0,0
base,GenericHumansOnly,Mercenaries,3,Veteran,7,0.5,180.0,480.0,480.0,GeneralNPC_Mercenaries_CloseCombat,1,1.0
base,GenericHumansOnly,Mercenaries,3,Veteran,7,0.5,180.0,480.0,480.0,GeneralNPC_Mercenaries_Recon,0,1.0
base,GenericHumansOnly,Mercenaries,3,Veteran,7,0.5,180.0,480.0,480.0,GeneralNPC_Mercenaries_Stormtrooper,3,1.0
base,GenericHumansOnly,Mercenaries,3,Veteran,7,0.5,180.0,480.0,480.0,GeneralNPC_Mercenaries_Sniper,1,0.2
base,GenericHumansOnly,Mercenaries,3,Master,7,0.5,180.0,480.0,480.0,GeneralNPC_Mercenaries_CloseCombat,1,1.0
base,GenericHumansOnly,Mercenaries,3,Master,7,0.5,180.0,480.0,480.0,GeneralNPC_Mercenaries_Recon,0,2.0
base,GenericHumansOnly,Mercenaries,3,Master,7,0.5,180.0,480.0,480.0,GeneralNPC_Mercenaries_Stormtrooper,3,1.0
base,GenericHumansOnly,Mercenaries,3,Master,7,0.5,180.0,480.0,480.0,GeneralNPC_Mercenaries_Sniper,1,0.2
base,GenericHumansOnly,Freedom,3,Newbie,6,0.5,180.0,480.0,480.0,GeneralNPC_Freedom_CloseCombat,1,1.0
base,GenericHumansOnly,Freedom,3,Newbie,6,0.5,180.0,480.0,480.0,GeneralNPC_Freedom_Recon,4,1.0
base,GenericHumansOnly,Freedom,3,Newbie,6,0.5,180.0,480.0,480.0,GeneralNPC_Freedom_Stormtrooper,1,1.0
base,GenericHumansOnly,Freedom,3,Newbie,6,0.5,180.0,480.0,480.0,GeneralNPC_Freedom_Sniper,1,1.0
base,GenericHumansOnly,Freedom,3,Experienced,6,0.5,180.0,480.0,480.0,GeneralNPC_Freedom_CloseCombat,0,1.0
base,GenericHumansOnly,Freedom,3,Experienced,6,0.5,180.0,480.0,480.0,GeneralNPC_Freedom_Recon,1,1.0
base,GenericHumansOnly,Freedom,3,Experienced,6,0.5,180.0,480.0,480.0,GeneralNPC_Freedom_Stormtrooper,1,1.0
base,GenericHumansOnly,Freedom,3,Experienced,6,0.5,180.0,480.0,480.0,GeneralNPC_Freedom_Sniper,0,0.2
base,GenericHumansOnly,Freedom,3,Veteran,7,0.5,180.0,480.0,480.0,GeneralNPC_Freedom_CloseCombat,1,1.0
base,GenericHumansOnly,Freedom,3,Veteran,7,0.5,180.0,480.0,480.0,GeneralNPC_Freedom_Recon,1,1.0
base,GenericHumansOnly,Freedom,3,Veteran,7,0.5,180.0,480.0,480.0,GeneralNPC_Freedom_Stormtrooper,2,1.0
base,GenericHumansOnly,Freedom,3,Veteran,7,0.5,180.0,480.0,480.0,GeneralNPC_Freedom_Sniper,1,0.2
base,GenericHumansOnly,Freedom,3,Master,7,0.5,180.0,480.0,480.0,GeneralNPC_Freedom_CloseCombat,1,1.0
base,GenericHumansOnly,Freedom,3,Master,7,0.5,180.0,480.0,480.0,GeneralNPC_Freedom_Recon,1,1.0
base,GenericHumansOnly,Freedom,3,Master,7,0.5,180.0,480.0,480.0,GeneralNPC_Freedom_Stormtrooper,2,1.0
base,GenericHumansOnly,Freedom,3,Master,7,0.5,180.0,480.0,480.0,GeneralNPC_Freedom_Sniper,1,0.2
base,GenericHumansOnly,Bandits,3,Newbie,6,0.5,180.0,480.0,480.0,GeneralNPC_Bandit_CloseCombat,3,1.0
base,GenericHumansOnly,Bandits,3,Newbie,6,0.5,180.0,480.0,480.0,GeneralNPC_Bandit_Recon,1,1.0
base,GenericHumansOnly,Bandits,3,Newbie,6,0.5,180.0,480.0,480.0,GeneralNPC_Bandit_Stormtrooper,0,0.0
base,GenericHumansOnly,Bandits,3,Newbie,6,0.5,180.0,480.0,480.0,GeneralNPC_Bandit_Heavy,0,0.0
base,GenericHumansOnly,Bandits,3,Experienced,6,0.5,180.0,480.0,480.0,GeneralNPC_Bandit_CloseCombat,1,1.0
base,GenericHumansOnly,Bandits,3,Experienced,6,0.5,180.0,480.0,480.0,GeneralNPC_Bandit_Recon,1,1.0
base,GenericHumansOnly,Bandits,3,Experienced,6,0.5,180.0,480.0,480.0,GeneralNPC_Bandit_Stormtrooper,1,0
base,GenericHumansOnly,Bandits,3,Experienced,6,0.5,180.0,480.0,480.0,GeneralNPC_Bandit_Heavy,0,0.0
base,GenericHumansOnly,Bandits,3,Veteran,7,0.5,180.0,480.0,480.0,GeneralNPC_Bandit_CloseCombat,1,1.0
base,GenericHumansOnly,Bandits,3,Veteran,7,0.5,180.0,480.0,480.0,GeneralNPC_Bandit_Recon,1,1.0
base,GenericHumansOnly,Bandits,3,Veteran,7,0.5,180.0,480.0,480.0,GeneralNPC_Bandit_Stormtrooper,3,1.0
base,GenericHumansOnly,Bandits,3,Veteran,7,0.5,180.0,480.0,480.0,GeneralNPC_Bandit_Heavy,0,0
base,GenericHumansOnly,Bandits,3,Master,8,0.5,180.0,480.0,480.0,GeneralNPC_Bandit_CloseCombat,1,1.0
base,GenericHumansOnly,Bandits,3,Master,8,0.5,180.0,480.0,480.0,GeneralNPC_Bandit_Recon,1,1.0
base,GenericHumansOnly,Bandits,3,Master,8,0.5,180.0,480.0,480.0,GeneralNPC_Bandit_Stormtrooper,3,1.0
base,GenericHumansOnly,Bandits,3,Master,8,0.5,180.0,480.0,480.0,GeneralNPC_Bandit_Heavy,0,0
base,GenericHumansOnly,Monolith,3,Newbie,6,0.5,180.0,480.0,480.0,GeneralNPC_Monolith_CloseCombat,1,1.0
base,GenericHumansOnly,Monolith,3,Newbie,6,0.5,180.0,480.0,480.0,GeneralNPC_Monolith_Recon,2,1.0
base,GenericHumansOnly,Monolith,3,Newbie,6,0.5,180.0,480.0,480.0,GeneralNPC_Monolith_Stormtrooper,2,1.0
base,GenericHumansOnly,Monolith,3,Newbie,6,0.5,180.0,480.0,480.0,GeneralNPC_Monolith_Sniper,0,0
base,GenericHumansOnly,Monolith,3,Experienced,6,0.5,180.0,480.0,480.0,GeneralNPC_Monolith_CloseCombat,1,1.0
base,GenericHumansOnly,Monolith,3,Experienced,6,0.5,180.0,480.0,480.0,GeneralNPC_Monolith_Recon,1,1.0
base,GenericHumansOnly,Monolith,3,Experienced,6,0.5,180.0,480.0,480.0,GeneralNPC_Monolith_Stormtrooper,1,1.0
base,GenericHumansOnly,Monolith,3,Experienced,6,0.5,180.0,480.0,480.0,GeneralNPC_Monolith_Sniper,0,0
base,GenericHumansOnly,Monolith,3,Veteran,8,0.5,180.0,480.0,480.0,GeneralNPC_Monolith_CloseCombat,1,1.0
base,GenericHumansOnly,Monolith,3,Veteran,8,0.5,180.0,480.0,480.0,GeneralNPC_Monolith_Recon,1,1.0
base,GenericHumansOnly,Monolith,3,Veteran,8,0.5,180.0,480.0,480.0,GeneralNPC_Monolith_Stormtrooper,3,1.0
base,GenericHumansOnly,Monolith,3,Veteran,8,0.5,180.0,480.0,480.0,GeneralNPC_Monolith_Sniper,1,0.2
base,GenericHumansOnly,Monolith,3,Master,8,0.5,180.0,480.0,480.0,GeneralNPC_Monolith_CloseCombat,1,1.0
base,GenericHumansOnly,Monolith,3,Master,8,0.5,180.0,480.0,480.0,GeneralNPC_Monolith_Recon,1,1.0
base,GenericHumansOnly,Monolith,3,Master,8,0.5,180.0,480.0,480.0,GeneralNPC_Monolith_Stormtrooper,3,1.0
base,GenericHumansOnly,Monolith,3,Master,8,0.5,180.0,480.0,480.0,GeneralNPC_Monolith_Sniper,1,0.2
base,GenericHumansOnly,Duty,3,Newbie,6,0.5,180.0,480.0,480.0,GeneralNPC_Duty_CloseCombat,1,1.0
base,GenericHumansOnly,Duty,3,Newbie,6,0.5,180.0,480.0,480.0,GeneralNPC_Duty_Recon,4,1.0
base,GenericHumansOnly,Duty,3,Newbie,6,0.5,180.0,480.0,480.0,GeneralNPC_Duty_Stormtrooper,0,0
base,GenericHumansOnly,Duty,3,Newbie,6,0.5,180.0,480.0,480.0,GeneralNPC_Duty_Sniper,0,0
base,GenericHumansOnly,Duty,3,Newbie,6,0.5,180.0,480.0,480.0,GeneralNPC_Duty_Heavy,0,0
base,GenericHumansOnly,Duty,3,Experienced,6,0.5,180.0,480.0,480.0,GeneralNPC_Duty_CloseCombat,1,1.0
base,GenericHumansOnly,Duty,3,Experienced,6,0.5,180.0,480.0,480.0,GeneralNPC_Duty_Recon,1,1.0
base,GenericHumansOnly,Duty,3,Experienced,6,0.5,180.0,480.0,480.0,GeneralNPC_Duty_Stormtrooper,1,1.0
base,GenericHumansOnly,Duty,3,Experienced,6,0.5,180.0,480.0,480.0,GeneralNPC_Duty_Sniper,0,0
base,GenericHumansOnly,Duty,3,Experienced,6,0.5,180.0,480.0,480.0,GeneralNPC_Duty_Heavy,0,0
base,GenericHumansOnly,Duty,3,Veteran,7,0.5,180.0,480.0,480.0,GeneralNPC_Duty_CloseCombat,1,1.0
base,GenericHumansOnly,Duty,3,Veteran,7,0.5,180.0,480.0,480.0,GeneralNPC_Duty_Recon,0,1.0
base,GenericHumansOnly,Duty,3,Veteran,7,0.5,180.0,480.0,480.0,GeneralNPC_Duty_Stormtrooper,3,1.0
base,GenericHumansOnly,Duty,3,Veteran,7,0.5,180.0,480.0,480.0,GeneralNPC_Duty_Sniper,1,0.2
base,GenericHumansOnly,Duty,3,Veteran,7,0.5,180.0,480.0,480.0,GeneralNPC_Duty_Heavy,0,0
base,GenericHumansOnly,Duty,3,Master,7,0.5,180.0,480.0,480.0,GeneralNPC_Duty_CloseCombat,1,1.0
base,GenericHumansOnly,Duty,3,Master,7,0.5,180.0,480.0,480.0,GeneralNPC_Duty_Recon,1,1.0
base,GenericHumansOnly,Duty,3,Master,7,0.5,180.0,480.0,480.0,GeneralNPC_Duty_Stormtrooper,2,1.0
base,GenericHumansOnly,Duty,3,Master,7,0.5,180.0,480.0,480.0,GeneralNPC_Duty_Sniper,1,0.2
base,GenericHumansOnly,Duty,3,Master,7,0.5,180.0,480.0,480.0,GeneralNPC_Duty_Heavy,0,0.5
base,GenericHumansOnly,Noon,3,Newbie,6,0.5,180.0,480.0,480.0,GeneralNPC_Noon_CloseCombat,0,1.0
base,GenericHumansOnly,Noon,3,Newbie,6,0.5,180.0,480.0,480.0,GeneralNPC_Noon_Recon,2,1.0
base,GenericHumansOnly,Noon,3,Newbie,6,0.5,180.0,480.0,480.0,GeneralNPC_Noon_Stormtrooper,2,1.0
base,GenericHumansOnly,Noon,3,Experienced,6,0.5,180.0,480.0,480.0,GeneralNPC_Noon_CloseCombat,1,1.0
base,GenericHumansOnly,Noon,3,Experienced,6,0.5,180.0,480.0,480.0,GeneralNPC_Noon_Recon,1,1.0
base,GenericHumansOnly,Noon,3,Experienced,6,0.5,180.0,480.0,480.0,GeneralNPC_Noon_Stormtrooper,1,1.0
base,GenericHumansOnly,Noon,3,Veteran,7,0.5,180.0,480.0,480.0,GeneralNPC_Noon_CloseCombat,1,1.0
base,GenericHumansOnly,Noon,3,Veteran,7,0.5,180.0,480.0,480.0,GeneralNPC_Noon_Recon,1,1.0
base,GenericHumansOnly,Noon,3,Veteran,7,0.5,180.0,480.0,480.0,GeneralNPC_Noon_Stormtrooper,3,1.0
base,GenericHumansOnly,Noon,3,Master,7,0.5,180.0,480.0,480.0,GeneralNPC_Noon_CloseCombat,1,1.0
base,GenericHumansOnly,Noon,3,Master,7,0.5,180.0,480.0,480.0,GeneralNPC_Noon_Recon,1,1.0
base,GenericHumansOnly,Noon,3,Master,7,0.5,180.0,480.0,480.0,GeneralNPC_Noon_Stormtrooper,3,1.0
base,GenericHumansOnly,Scientists,3,Newbie,6,0.5,180.0,480.0,480.0,GeneralNPC_Scientists_Recon,1,1.0
base,GenericHumansOnly,Scientists,3,Newbie,6,0.5,180.0,480.0,480.0,GeneralNPC_Scientists_Stormtrooper,1,1.0
base,GenericHumansOnly,Scientists,3,Experienced,6,0.5,180.0,480.0,480.0,GeneralNPC_Scientists_Recon,4,1.0
base,GenericHumansOnly,Scientists,3,Experienced,6,0.5,180.0,480.0,480.0,GeneralNPC_Scientists_Stormtrooper,1,1.0
base,GenericHumansOnly,Scientists,3,Veteran,7,0.5,180.0,480.0,480.0,GeneralNPC_Scientists_Recon,1,1.0
base,GenericHumansOnly,Scientists,3,Veteran,7,0.5,180.0,480.0,480.0,GeneralNPC_Scientists_Stormtrooper,4,1.0
base,GenericHumansOnly,Scientists,3,Master,7,0.5,180.0,480.0,480.0,GeneralNPC_Scientists_Recon,1,1.0
base,GenericHumansOnly,Scientists,3,Master,7,0.5,180.0,480.0,480.0,GeneralNPC_Scientists_Stormtrooper,3,1.0
base,GenericHumansOnly,Spark,3,Newbie,6,0.5,180.0,480.0,480.0,GeneralNPC_Spark_CloseCombat,4,1.0
base,GenericHumansOnly,Spark,3,Newbie,6,0.5,180.0,480.0,480.0,GeneralNPC_Spark_Recon,1,1.0
base,GenericHumansOnly,Spark,3,Newbie,6,0.5,180.0,480.0,480.0,GeneralNPC_Spark_Stormtrooper,0,0
base,GenericHumansOnly,Spark,3,Newbie,6,0.5,180.0,480.0,480.0,GeneralNPC_Spark_Sniper,0,0
base,GenericHumansOnly,Spark,3,Experienced,6,0.5,180.0,480.0,480.0,GeneralNPC_Spark_CloseCombat,1,1.0
base,GenericHumansOnly,Spark,3,Experienced,6,0.5,180.0,480.0,480.0,GeneralNPC_Spark_Recon,1,1.0
base,GenericHumansOnly,Spark,3,Experienced,6,0.5,180.0,480.0,480.0,GeneralNPC_Spark_Stormtrooper,1,1.0
base,GenericHumansOnly,Spark,3,Experienced,6,0.5,180.0,480.0,480.0,GeneralNPC_Spark_Sniper,0,0.2
base,GenericHumansOnly,Spark,3,Veteran,7,0.5,180.0,480.0,480.0,GeneralNPC_Spark_CloseCombat,1,1.0
base,GenericHumansOnly,Spark,3,Veteran,7,0.5,180.0,480.0,480.0,GeneralNPC_Spark_Recon,0,1.0
base,GenericHumansOnly,Spark,3,Veteran,7,0.5,180.0,480.0,480.0,GeneralNPC_Spark_Stormtrooper,3,1.0
base,GenericHumansOnly,Spark,3,Veteran,7,0.5,180.0,480.0,480.0,GeneralNPC_Spark_Sniper,1,0.2
base,GenericHumansOnly,Spark,3,Master,7,0.5,180.0,480.0,480.0,GeneralNPC_Spark_CloseCombat,1,1.0
base,GenericHumansOnly,Spark,3,Master,7,0.5,180.0,480.0,480.0,GeneralNPC_Spark_Recon,0,1.0
base,GenericHumansOnly,Spark,3,Master,7,0.5,180.0,480.0,480.0,GeneralNPC_Spark_Stormtrooper,3,1.0
base,GenericHumansOnly,Spark,3,Master,7,0.5,180.0,480.0,480.0,GeneralNPC_Spark_Sniper,1,0.2
base,GenericHumansOnly,Corpus,3,Newbie,6,0.5,180.0,480.0,480.0,GeneralNPC_Corpus_CloseCombat,1,1.0
base,GenericHumansOnly,Corpus,3,Newbie,6,0.5,180.0,480.0,480.0,GeneralNPC_Corpus_Recon,4,1.0
base,GenericHumansOnly,Corpus,3,Newbie,6,0.5,180.0,480.0,480.0,GeneralNPC_Corpus_Stormtrooper,0,0
base,GenericHumansOnly,Corpus,3,Newbie,6,0.5,180.0,480.0,480.0,GeneralNPC_Corpus_Sniper,0,0
base,GenericHumansOnly,Corpus,3,Newbie,6,0.5,180.0,480.0,480.0,GeneralNPC_Corpus_Heavy,0,0
base,GenericHumansOnly,Corpus,3,Experienced,6,0.5,180.0,480.0,480.0,GeneralNPC_Corpus_CloseCombat,0,1.0
base,GenericHumansOnly,Corpus,3,Experienced,6,0.5,180.0,480.0,480.0,GeneralNPC_Corpus_Recon,1,1.0
base,GenericHumansOnly,Corpus,3,Experienced,6,0.5,180.0,480.0,480.0,GeneralNPC_Corpus_Stormtrooper,2,1.0
base,GenericHumansOnly,Corpus,3,Experienced,6,0.5,180.0,480.0,480.0,GeneralNPC_Corpus_Sniper,0,0
base,GenericHumansOnly,Corpus,3,Experienced,6,0.5,180.0,480.0,480.0,GeneralNPC_Corpus_Heavy,0,0
base,GenericHumansOnly,Corpus,3,Veteran,7,0.5,180.0,480.0,480.0,GeneralNPC_Corpus_CloseCombat,1,1.0
base,GenericHumansOnly,Corpus,3,Veteran,7,0.5,180.0,480.0,480.0,GeneralNPC_Corpus_Recon,1,1.0
base,GenericHumansOnly,Corpus,3,Veteran,7,0.5,180.0,480.0,480.0,GeneralNPC_Corpus_Stormtrooper,2,1.0
base,GenericHumansOnly,Corpus,3,Veteran,7,0.5,180.0,480.0,480.0,GeneralNPC_Corpus_Sniper,0,0
base,GenericHumansOnly,Corpus,3,Veteran,7,0.5,180.0,480.0,480.0,GeneralNPC_Corpus_Heavy,1,0.2
base,GenericHumansOnly,Corpus,3,Master,7,0.5,180.0,480.0,480.0,GeneralNPC_Corpus_CloseCombat,0,1.0
base,GenericHumansOnly,Corpus,3,Master,7,0.5,180.0,480.0,480.0,GeneralNPC_Corpus_Recon,0,1.0
base,GenericHumansOnly,Corpus,3,Master,7,0.5,180.0,480.0,480.0,GeneralNPC_Corpus_Stormtrooper,3,1.0
base,GenericHumansOnly,Corpus,3,Master,7,0.5,180.0,480.0,480.0,GeneralNPC_Corpus_Sniper,1,0.2
base,GenericHumansOnly,Corpus,3,Master,7,0.5,180.0,480.0,480.0,GeneralNPC_Corpus_Heavy,1,0.2
base,GenericHumansAndMutants,Militaries,3,Newbie,6,0.5,180.0,480.0,480.0,GeneralNPC_Militaries_CloseCombat,0,1.0
base,GenericHumansAndMutants,Militaries,3,Newbie,6,0.5,180.0,480.0,480.0,GeneralNPC_Militaries_Recon,5,1.0
base,GenericHumansAndMutants,Militaries,3,Newbie,6,0.5,180.0,480.0,480.0,GeneralNPC_Militaries_Stormtrooper,0,0
base,GenericHumansAndMutants,Militaries,3,Newbie,6,0.5,180.0,480.0,480.0,GeneralNPC_Militaries_Sniper,0,0
base,GenericHumansAndMutants,Militaries,3,Newbie,6,0.5,180.0,480.0,480.0,GeneralNPC_Militaries_Heavy,0,0
base,GenericHumansAndMutants,Militaries,3,Experienced,6,0.5,180.0,480.0,480.0,GeneralNPC_Militaries_CloseCombat,1,1.0
base,GenericHumansAndMutants,Militaries,3,Experienced,6,0.5,180.0,480.0,480.0,GeneralNPC_Militaries_Recon,1,1.0
base,GenericHumansAndMutants,Militaries,3,Experienced,6,0.5,180.0,480.0,480.0,GeneralNPC_Militaries_Stormtrooper,1,1.0
base,GenericHumansAndMutants,Militaries,3,Veteran,6,0.5,180.0,480.0,480.0,GeneralNPC_Militaries_CloseCombat,1,1.0
base,GenericHumansAndMutants,Militaries,3,Veteran,6,0.5,180.0,480.0,480.0,GeneralNPC_Militaries_Recon,0,1.0
base,GenericHumansAndMutants,Militaries,3,Veteran,6,0.5,180.0,480.0,480.0,GeneralNPC_Militaries_Stormtrooper,3,1.0
base,GenericHumansAndMutants,Militaries,3,Veteran,6,0.5,180.0,480.0,480.0,GeneralNPC_Militaries_Heavy,0,1.0
base,GenericHumansAndMutants,Militaries,3,Master,7,0.5,180.0,480.0,480.0,GeneralNPC_Militaries_CloseCombat,1,0.5
base,GenericHumansAndMutants,Militaries,3,Master,7,0.5,180.0,480.0,480.0,GeneralNPC_Militaries_Recon,1,1.0
base,GenericHumansAndMutants,Militaries,3,Master,7,0.5,180.0,480.0,480.0,GeneralNPC_Militaries_Stormtrooper,2,1.0
base,GenericHumansAndMutants,Militaries,3,Master,7,0.5,180.0,480.0,480.0,GeneralNPC_Militaries_Sniper,1,0
base,GenericHumansAndMutants,Militaries,3,Master,7,0.5,180.0,480.0,480.0,GeneralNPC_Militaries_Heavy,1,1.0
base,GenericHumansAndMutants,Neutrals,3,Newbie,6,0.5,180.0,480.0,480.0,GeneralNPC_Neutral_CloseCombat,3,1
base,GenericHumansAndMutants,Neutrals,3,Newbie,6,0.5,180.0,480.0,480.0,GeneralNPC_Neutral_Recon,1,1
base,GenericHumansAndMutants,Neutrals,3,Newbie,6,0.5,180.0,480.0,480.0,GeneralNPC_Neutral_Sniper,0,0.2
base,GenericHumansAndMutants,Neutrals,3,Newbie,6,0.5,180.0,480.0,480.0,GeneralNPC_Neutral_Stormtrooper,0,0
base,GenericHumansAndMutants,Neutrals,3,Experienced,6,0.5,180.0,480.0,480.0,GeneralNPC_Neutral_CloseCombat,1,1.0
base,GenericHumansAndMutants,Neutrals,3,Experienced,6,0.5,180.0,480.0,480.0,GeneralNPC_Neutral_Recon,1,2.0
base,GenericHumansAndMutants,Neutrals,3,Experienced,6,0.5,180.0,480.0,480.0,GeneralNPC_Neutral_Stormtrooper,1,2.0
base,GenericHumansAndMutants,Neutrals,3,Experienced,6,0.5,180.0,480.0,480.0,GeneralNPC_Neutral_Sniper,0,0
base,GenericHumansAndMutants,Neutrals,3,Veteran,7,0.5,180.0,480.0,480.0,GeneralNPC_Neutral_CloseCombat,1,1.0
base,GenericHumansAndMutants,Neutrals,3,Veteran,7,0.5,180.0,480.0,480.0,GeneralNPC_Neutral_Recon,1,1.0
base,GenericHumansAndMutants,Neutrals,3,Veteran,7,0.5,180.0,480.0,480.0,GeneralNPC_Neutral_Stormtrooper,3,1.0
base,GenericHumansAndMutants,Neutrals,3,Veteran,7,0.5,180.0,480.0,480.0,GeneralNPC_Neutral_Sniper,1,0.2
base,GenericHumansAndMutants,Neutrals,3,Master,7,0.5,180.0,480.0,480.0,GeneralNPC_Neutral_CloseCombat,1,1.0
base,GenericHumansAndMutants,Neutrals,3,Master,7,0.5,180.0,480.0,480.0,GeneralNPC_Neutral_Recon,0,1.0
base,GenericHumansAndMutants,Neutrals,3,Master,7,0.5,180.0,480.0,480.0,GeneralNPC_Neutral_Stormtrooper,3,1.0
base,GenericHumansAndMutants,Neutrals,3,Master,7,0.5,180.0,480.0,480.0,GeneralNPC_Neutral_Sniper,1,0.2
base,GenericHumansAndMutants,Varta,3,Newbie,6,0.5,180.0,480.0,480.0,GeneralNPC_Varta_CloseCombat,1,1.0
base,GenericHumansAndMutants,Varta,3,Newbie,6,0.5,180.0,480.0,480.0,GeneralNPC_Varta_Recon,4,1.0
base,GenericHumansAndMutants,Varta,3,Newbie,6,0.5,180.0,480.0,480.0,GeneralNPC_Varta_Stormtrooper,0,0
base,GenericHumansAndMutants,Varta,3,Newbie,6,0.5,180.0,480.0,480.0,GeneralNPC_Varta_Sniper,0,0
base,GenericHumansAndMutants,Varta,3,Newbie,6,0.5,180.0,480.0,480.0,GeneralNPC_Varta_Heavy,0,0
base,GenericHumansAndMutants,Varta,3,Experienced,6,0.5,180.0,480.0,480.0,GeneralNPC_Varta_CloseCombat,1,1.0
base,GenericHumansAndMutants,Varta,3,Experienced,6,0.5,180.0,480.0,480.0,GeneralNPC_Varta_Recon,1,1.0
base,GenericHumansAndMutants,Varta,3,Experienced,6,0.5,180.0,480.0,480.0,GeneralNPC_Varta_Stormtrooper,1,1.0
base,GenericHumansAndMutants,Varta,3,Experienced,6,0.5,180.0,480.0,480.0,GeneralNPC_Varta_Sniper,0,0
base,GenericHumansAndMutants,Varta,3,Experienced,6,0.5,180.0,480.0,480.0,GeneralNPC_Varta_Heavy,0,0
base,GenericHumansAndMutants,Varta,3,Veteran,7,0.5,180.0,480.0,480.0,GeneralNPC_Varta_CloseCombat,1,1.0
base,GenericHumansAndMutants,Varta,3,Veteran,7,0.5,180.0,480.0,480.0,GeneralNPC_Varta_Recon,1,1.0
base,GenericHumansAndMutants,Varta,3,Veteran,7,0.5,180.0,480.0,480.0,GeneralNPC_Varta_Stormtrooper,2,1.0
base,GenericHumansAndMutants,Varta,3,Veteran,7,0.5,180.0,480.0,480.0,GeneralNPC_Varta_Sniper,1,0.2
base,GenericHumansAndMutants,Varta,3,Veteran,7,0.5,180.0,480.0,480.0,GeneralNPC_Varta_Heavy,0,0.5
base,GenericHumansAndMutants,Varta,3,Master,7,0.5,180.0,480.0,480.0,GeneralNPC_Varta_CloseCombat,1,1.0
base,GenericHumansAndMutants,Varta,3,Master,7,0.5,180.0,480.0,480.0,GeneralNPC_Varta_Recon,0,1.0
base,GenericHumansAndMutants,Varta,3,Master,7,0.5,180.0,480.0,480.0,GeneralNPC_Varta_Stormtrooper,2,1.0
base,GenericHumansAndMutants,Varta,3,Master,7,0.5,180.0,480.0,480.0,GeneralNPC_Varta_Sniper,1,0.2
base,GenericHumansAndMutants,Varta,3,Master,7,0.5,180.0,480.0,480.0,GeneralNPC_Varta_Heavy,1,0.2
base,GenericHumansAndMutants,Mercenaries,3,Newbie,6,0.5,180.0,480.0,480.0,GeneralNPC_Mercenaries_CloseCombat,0,1.0
base,GenericHumansAndMutants,Mercenaries,3,Newbie,6,0.5,180.0,480.0,480.0,GeneralNPC_Mercenaries_Recon,4,1.0
base,GenericHumansAndMutants,Mercenaries,3,Newbie,6,0.5,180.0,480.0,480.0,GeneralNPC_Mercenaries_Stormtrooper,0,0
base,GenericHumansAndMutants,Mercenaries,3,Newbie,6,0.5,180.0,480.0,480.0,GeneralNPC_Mercenaries_Sniper,0,0
base,GenericHumansAndMutants,Mercenaries,3,Experienced,6,0.5,180.0,480.0,480.0,GeneralNPC_Mercenaries_CloseCombat,1,1.0
base,GenericHumansAndMutants,Mercenaries,3,Experienced,6,0.5,180.0,480.0,480.0,GeneralNPC_Mercenaries_Recon,1,1.0
base,GenericHumansAndMutants,Mercenaries,3,Experienced,6,0.5,180.0,480.0,480.0,GeneralNPC_Mercenaries_Stormtrooper,1,1.0
base,GenericHumansAndMutants,Mercenaries,3,Experienced,6,0.5,180.0,480.0,480.0,GeneralNPC_Mercenaries_Sniper,0,0
base,GenericHumansAndMutants,Mercenaries,3,Veteran,7,0.5,180.0,480.0,480.0,GeneralNPC_Mercenaries_CloseCombat,1,1.0
base,GenericHumansAndMutants,Mercenaries,3,Veteran,7,0.5,180.0,480.0,480.0,GeneralNPC_Mercenaries_Recon,0,1.0
base,GenericHumansAndMutants,Mercenaries,3,Veteran,7,0.5,180.0,480.0,480.0,GeneralNPC_Mercenaries_Stormtrooper,3,1.0
base,GenericHumansAndMutants,Mercenaries,3,Veteran,7,0.5,180.0,480.0,480.0,GeneralNPC_Mercenaries_Sniper,1,0.2
base,GenericHumansAndMutants,Mercenaries,3,Master,7,0.5,180.0,480.0,480.0,GeneralNPC_Mercenaries_CloseCombat,1,1.0
base,GenericHumansAndMutants,Mercenaries,3,Master,7,0.5,180.0,480.0,480.0,GeneralNPC_Mercenaries_Recon,0,2.0
base,GenericHumansAndMutants,Mercenaries,3,Master,7,0.5,180.0,480.0,480.0,GeneralNPC_Mercenaries_Stormtrooper,3,1.0
base,GenericHumansAndMutants,Mercenaries,3,Master,7,0.5,180.0,480.0,480.0,GeneralNPC_Mercenaries_Sniper,1,0.2
base,GenericHumansAndMutants,Freedom,3,Newbie,6,0.5,180.0,480.0,480.0,GeneralNPC_Freedom_CloseCombat,1,1.0
base,GenericHumansAndMutants,Freedom,3,Newbie,6,0.5,180.0,480.0,480.0,GeneralNPC_Freedom_Recon,4,1.0
base,GenericHumansAndMutants,Freedom,3,Newbie,6,0.5,180.0,480.0,480.0,GeneralNPC_Freedom_Stormtrooper,1,1.0
base,GenericHumansAndMutants,Freedom,3,Newbie,6,0.5,180.0,480.0,480.0,GeneralNPC_Freedom_Sniper,1,1.0
base,GenericHumansAndMutants,Freedom,3,Experienced,6,0.5,180.0,480.0,480.0,GeneralNPC_Freedom_CloseCombat,0,1.0
base,GenericHumansAndMutants,Freedom,3,Experienced,6,0.5,180.0,480.0,480.0,GeneralNPC_Freedom_Recon,1,1.0
base,GenericHumansAndMutants,Freedom,3,Experienced,6,0.5,180.0,480.0,480.0,GeneralNPC_Freedom_Stormtrooper,1,1.0
base,GenericHumansAndMutants,Freedom,3,Experienced,6,0.5,180.0,480.0,480.0,GeneralNPC_Freedom_Sniper,0,0.2
base,GenericHumansAndMutants,Freedom,3,Veteran,7,0.5,180.0,480.0,480.0,GeneralNPC_Freedom_CloseCombat,1,1.0
base,GenericHumansAndMutants,Freedom,3,Veteran,7,0.5,180.0,480.0,480.0,GeneralNPC_Freedom_Recon,1,1.0
base,GenericHumansAndMutants,Freedom,3,Veteran,7,0.5,180.0,480.0,480.0,GeneralNPC_Freedom_Stormtrooper,2,1.0
base,GenericHumansAndMutants,Freedom,3,Veteran,7,0.5,180.0,480.0,480.0,GeneralNPC_Freedom_Sniper,1,0.2
base,GenericHumansAndMutants,Freedom,3,Master,7,0.5,180.0,480.0,480.0,GeneralNPC_Freedom_CloseCombat,1,1.0
base,GenericHumansAndMutants,Freedom,3,Master,7,0.5,180.0,480.0,480.0,GeneralNPC_Freedom_Recon,1,1.0
base,GenericHumansAndMutants,Freedom,3,Master,7,0.5,180.0,480.0,480.0,GeneralNPC_Freedom_Stormtrooper,2,1.0
base,GenericHumansAndMutants,Freedom,3,Master,7,0.5,180.0,480.0,480.0,GeneralNPC_Freedom_Sniper,1,0.2
base,GenericHumansAndMutants,Bandits,3,Newbie,6,0.5,180.0,480.0,480.0,GeneralNPC_Bandit_CloseCombat,3,1.0
base,GenericHumansAndMutants,Bandits,3,Newbie,6,0.5,180.0,480.0,480.0,GeneralNPC_Bandit_Recon,1,1.0
base,GenericHumansAndMutants,Bandits,3,Newbie,6,0.5,180.0,480.0,480.0,GeneralNPC_Bandit_Stormtrooper,0,0.0
base,GenericHumansAndMutants,Bandits,3,Newbie,6,0.5,180.0,480.0,480.0,GeneralNPC_Bandit_Heavy,0,0.0
base,GenericHumansAndMutants,Bandits,3,Experienced,6,0.5,180.0,480.0,480.0,GeneralNPC_Bandit_CloseCombat,1,1.0
base,GenericHumansAndMutants,Bandits,3,Experienced,6,0.5,180.0,480.0,480.0,GeneralNPC_Bandit_Recon,1,1.0
base,GenericHumansAndMutants,Bandits,3,Experienced,6,0.5,180.0,480.0,480.0,GeneralNPC_Bandit_Stormtrooper,1,0
base,GenericHumansAndMutants,Bandits,3,Experienced,6,0.5,180.0,480.0,480.0,GeneralNPC_Bandit_Heavy,0,0.0
base,GenericHumansAndMutants,Bandits,3,Veteran,7,0.5,180.0,480.0,480.0,GeneralNPC_Bandit_CloseCombat,1,1.0
base,GenericHumansAndMutants,Bandits,3,Veteran,7,0.5,180.0,480.0,480.0,GeneralNPC_Bandit_Recon,1,1.0
base,GenericHumansAndMutants,Bandits,3,Veteran,7,0.5,180.0,480.0,480.0,GeneralNPC_Bandit_Stormtrooper,3,1.0
base,GenericHumansAndMutants,Bandits,3,Veteran,7,0.5,180.0,480.0,480.0,GeneralNPC_Bandit_Heavy,0,0
base,GenericHumansAndMutants,Bandits,3,Master,8,0.5,180.0,480.0,480.0,GeneralNPC_Bandit_CloseCombat,1,1.0
base,GenericHumansAndMutants,Bandits,3,Master,8,0.5,180.0,480.0,480.0,GeneralNPC_Bandit_Recon,1,1.0
base,GenericHumansAndMutants,Bandits,3,Master,8,0.5,180.0,480.0,480.0,GeneralNPC_Bandit_Stormtrooper,3,1.0
base,GenericHumansAndMutants,Bandits,3,Master,8,0.5,180.0,480.0,480.0,GeneralNPC_Bandit_Heavy,0,0
base,GenericHumansAndMutants,Monolith,3,Newbie,6,0.5,180.0,480.0,480.0,GeneralNPC_Monolith_CloseCombat,1,1.0
base,GenericHumansAndMutants,Monolith,3,Newbie,6,0.5,180.0,480.0,480.0,GeneralNPC_Monolith_Recon,2,1.0
base,GenericHumansAndMutants,Monolith,3,Newbie,6,0.5,180.0,480.0,480.0,GeneralNPC_Monolith_Stormtrooper,2,1.0
base,GenericHumansAndMutants,Monolith,3,Newbie,6,0.5,180.0,480.0,480.0,GeneralNPC_Monolith_Sniper,0,0
base,GenericHumansAndMutants,Monolith,3,Experienced,6,0.5,180.0,480.0,480.0,GeneralNPC_Monolith_CloseCombat,1,1.0
base,GenericHumansAndMutants,Monolith,3,Experienced,6,0.5,180.0,480.0,480.0,GeneralNPC_Monolith_Recon,1,1.0
base,GenericHumansAndMutants,Monolith,3,Experienced,6,0.5,180.0,480.0,480.0,GeneralNPC_Monolith_Stormtrooper,1,1.0
base,GenericHumansAndMutants,Monolith,3,Experienced,6,0.5,180.0,480.0,480.0,GeneralNPC_Monolith_Sniper,0,0
base,GenericHumansAndMutants,Monolith,3,Veteran,8,0.5,180.0,480.0,480.0,GeneralNPC_Monolith_CloseCombat,1,1.0
base,GenericHumansAndMutants,Monolith,3,Veteran,8,0.5,180.0,480.0,480.0,GeneralNPC_Monolith_Recon,1,1.0
base,GenericHumansAndMutants,Monolith,3,Veteran,8,0.5,180.0,480.0,480.0,GeneralNPC_Monolith_Stormtrooper,3,1.0
base,GenericHumansAndMutants,Monolith,3,Veteran,8,0.5,180.0,480.0,480.0,GeneralNPC_Monolith_Sniper,1,0.2
base,GenericHumansAndMutants,Monolith,3,Master,8,0.5,180.0,480.0,480.0,GeneralNPC_Monolith_CloseCombat,1,1.0
base,GenericHumansAndMutants,Monolith,3,Master,8,0.5,180.0,480.0,480.0,GeneralNPC_Monolith_Recon,1,1.0
base,GenericHumansAndMutants,Monolith,3,Master,8,0.5,180.0,480.0,480.0,GeneralNPC_Monolith_Stormtrooper,3,1.0
base,GenericHumansAndMutants,Monolith,3,Master,8,0.5,180.0,480.0,480.0,GeneralNPC_Monolith_Sniper,1,0.2
base,GenericHumansAndMutants,Duty,3,Newbie,6,0.5,180.0,480.0,480.0,GeneralNPC_Duty_CloseCombat,1,1.0
base,GenericHumansAndMutants,Duty,3,Newbie,6,0.5,180.0,480.0,480.0,GeneralNPC_Duty_Recon,4,1.0
base,GenericHumansAndMutants,Duty,3,Newbie,6,0.5,180.0,480.0,480.0,GeneralNPC_Duty_Stormtrooper,0,0
base,GenericHumansAndMutants,Duty,3,Newbie,6,0.5,180.0,480.0,480.0,GeneralNPC_Duty_Sniper,0,0
base,GenericHumansAndMutants,Duty,3,Newbie,6,0.5,180.0,480.0,480.0,GeneralNPC_Duty_Heavy,0,0
base,GenericHumansAndMutants,Duty,3,Experienced,6,0.5,180.0,480.0,480.0,GeneralNPC_Duty_CloseCombat,1,1.0
base,GenericHumansAndMutants,Duty,3,Experienced,6,0.5,180.0,480.0,480.0,GeneralNPC_Duty_Recon,1,1.0
base,GenericHumansAndMutants,Duty,3,Experienced,6,0.5,180.0,480.0,480.0,GeneralNPC_Duty_Stormtrooper,1,1.0
base,GenericHumansAndMutants,Duty,3,Experienced,6,0.5,180.0,480.0,480.0,GeneralNPC_Duty_Sniper,0,0
base,GenericHumansAndMutants,Duty,3,Experienced,6,0.5,180.0,480.0,480.0,GeneralNPC_Duty_Heavy,0,0
base,GenericHumansAndMutants,Duty,3,Veteran,7,0.5,180.0,480.0,480.0,GeneralNPC_Duty_CloseCombat,1,1.0
base,GenericHumansAndMutants,Duty,3,Veteran,7,0.5,180.0,480.0,480.0,GeneralNPC_Duty_Recon,0,1.0
base,GenericHumansAndMutants,Duty,3,Veteran,7,0.5,180.0,480.0,480.0,GeneralNPC_Duty_Stormtrooper,3,1.0
base,GenericHumansAndMutants,Duty,3,Veteran,7,0.5,180.0,480.0,480.0,GeneralNPC_Duty_Sniper,1,0.2
base,GenericHumansAndMutants,Duty,3,Veteran,7,0.5,180.0,480.0,480.0,GeneralNPC_Duty_Heavy,0,0
base,GenericHumansAndMutants,Duty,3,Master,7,0.5,180.0,480.0,480.0,GeneralNPC_Duty_CloseCombat,1,1.0
base,GenericHumansAndMutants,Duty,3,Master,7,0.5,180.0,480.0,480.0,GeneralNPC_Duty_Recon,1,1.0
base,GenericHumansAndMutants,Duty,3,Master,7,0.5,180.0,480.0,480.0,GeneralNPC_Duty_Stormtrooper,2,1.0
base,GenericHumansAndMutants,Duty,3,Master,7,0.5,180.0,480.0,480.0,GeneralNPC_Duty_Sniper,1,0.2
base,GenericHumansAndMutants,Duty,3,Master,7,0.5,180.0,480.0,480.0,GeneralNPC_Duty_Heavy,0,0.5
base,GenericHumansAndMutants,Noon,3,Newbie,6,0.5,180.0,480.0,480.0,GeneralNPC_Noon_CloseCombat,0,1.0
base,GenericHumansAndMutants,Noon,3,Newbie,6,0.5,180.0,480.0,480.0,GeneralNPC_Noon_Recon,2,1.0
base,GenericHumansAndMutants,Noon,3,Newbie,6,0.5,180.0,480.0,480.0,GeneralNPC_Noon_Stormtrooper,2,1.0
base,GenericHumansAndMutants,Noon,3,Experienced,6,0.5,180.0,480.0,480.0,GeneralNPC_Noon_CloseCombat,1,1.0
base,GenericHumansAndMutants,Noon,3,Experienced,6,0.5,180.0,480.0,480.0,GeneralNPC_Noon_Recon,1,1.0
base,GenericHumansAndMutants,Noon,3,Experienced,6,0.5,180.0,480.0,480.0,GeneralNPC_Noon_Stormtrooper,1,1.0
base,GenericHumansAndMutants,Noon,3,Veteran,7,0.5,180.0,480.0,480.0,GeneralNPC_Noon_CloseCombat,1,1.0
base,GenericHumansAndMutants,Noon,3,Veteran,7,0.5,180.0,480.0,480.0,GeneralNPC_Noon_Recon,1,1.0
base,GenericHumansAndMutants,Noon,3,Veteran,7,0.5,180.0,480.0,480.0,GeneralNPC_Noon_Stormtrooper,3,1.0
base,GenericHumansAndMutants,Noon,3,Master,7,0.5,180.0,480.0,480.0,GeneralNPC_Noon_CloseCombat,1,1.0
base,GenericHumansAndMutants,Noon,3,Master,7,0.5,180.0,480.0,480.0,GeneralNPC_Noon_Recon,1,1.0
base,GenericHumansAndMutants,Noon,3,Master,7,0.5,180.0,480.0,480.0,GeneralNPC_Noon_Stormtrooper,3,1.0
base,GenericHumansAndMutants,Scientists,3,Newbie,6,0.5,180.0,480.0,480.0,GeneralNPC_Scientists_Recon,1,1.0
base,GenericHumansAndMutants,Scientists,3,Newbie,6,0.5,180.0,480.0,480.0,GeneralNPC_Scientists_Stormtrooper,1,1.0
base,GenericHumansAndMutants,Scientists,3,Experienced,6,0.5,180.0,480.0,480.0,GeneralNPC_Scientists_Recon,4,1.0
base,GenericHumansAndMutants,Scientists,3,Experienced,6,0.5,180.0,480.0,480.0,GeneralNPC_Scientists_Stormtrooper,1,1.0
base,GenericHumansAndMutants,Scientists,3,Veteran,7,0.5,180.0,480.0,480.0,GeneralNPC_Scientists_Recon,1,1.0
base,GenericHumansAndMutants,Scientists,3,Veteran,7,0.5,180.0,480.0,480.0,GeneralNPC_Scientists_Stormtrooper,4,1.0
base,GenericHumansAndMutants,Scientists,3,Master,7,0.5,180.0,480.0,480.0,GeneralNPC_Scientists_Recon,1,1.0
base,GenericHumansAndMutants,Scientists,3,Master,7,0.5,180.0,480.0,480.0,GeneralNPC_Scientists_Stormtrooper,3,1.0
base,GenericHumansAndMutants,Spark,3,Newbie,6,0.5,180.0,480.0,480.0,GeneralNPC_Spark_CloseCombat,4,1.0
base,GenericHumansAndMutants,Spark,3,Newbie,6,0.5,180.0,480.0,480.0,GeneralNPC_Spark_Recon,1,1.0
base,GenericHumansAndMutants,Spark,3,Newbie,6,0.5,180.0,480.0,480.0,GeneralNPC_Spark_Stormtrooper,0,0
base,GenericHumansAndMutants,Spark,3,Newbie,6,0.5,180.0,480.0,480.0,GeneralNPC_Spark_Sniper,0,0
base,GenericHumansAndMutants,Spark,3,Experienced,6,0.5,180.0,480.0,480.0,GeneralNPC_Spark_CloseCombat,1,1.0
base,GenericHumansAndMutants,Spark,3,Experienced,6,0.5,180.0,480.0,480.0,GeneralNPC_Spark_Recon,1,1.0
base,GenericHumansAndMutants,Spark,3,Experienced,6,0.5,180.0,480.0,480.0,GeneralNPC_Spark_Stormtrooper,1,1.0
base,GenericHumansAndMutants,Spark,3,Experienced,6,0.5,180.0,480.0,480.0,GeneralNPC_Spark_Sniper,0,0.2
base,GenericHumansAndMutants,Spark,3,Veteran,7,0.5,180.0,480.0,480.0,GeneralNPC_Spark_CloseCombat,1,1.0
base,GenericHumansAndMutants,Spark,3,Veteran,7,0.5,180.0,480.0,480.0,GeneralNPC_Spark_Recon,0,1.0
base,GenericHumansAndMutants,Spark,3,Veteran,7,0.5,180.0,480.0,480.0,GeneralNPC_Spark_Stormtrooper,3,1.0
base,GenericHumansAndMutants,Spark,3,Veteran,7,0.5,180.0,480.0,480.0,GeneralNPC_Spark_Sniper,1,0.2
base,GenericHumansAndMutants,Spark,3,Master,7,0.5,180.0,480.0,480.0,GeneralNPC_Spark_CloseCombat,1,1.0
base,GenericHumansAndMutants,Spark,3,Master,7,0.5,180.0,480.0,480.0,GeneralNPC_Spark_Recon,0,1.0
base,GenericHumansAndMutants,Spark,3,Master,7,0.5,180.0,480.0,480.0,GeneralNPC_Spark_Stormtrooper,3,1.0
base,GenericHumansAndMutants,Spark,3,Master,7,0.5,180.0,480.0,480.0,GeneralNPC_Spark_Sniper,1,0.2
base,GenericHumansAndMutants,Corpus,3,Newbie,6,0.5,180.0,480.0,480.0,GeneralNPC_Corpus_CloseCombat,1,1.0
base,GenericHumansAndMutants,Corpus,3,Newbie,6,0.5,180.0,480.0,480.0,GeneralNPC_Corpus_Recon,4,1.0
base,GenericHumansAndMutants,Corpus,3,Newbie,6,0.5,180.0,480.0,480.0,GeneralNPC_Corpus_Stormtrooper,0,0
base,GenericHumansAndMutants,Corpus,3,Newbie,6,0.5,180.0,480.0,480.0,GeneralNPC_Corpus_Sniper,0,0
base,GenericHumansAndMutants,Corpus,3,Newbie,6,0.5,180.0,480.0,480.0,GeneralNPC_Corpus_Heavy,0,0
base,GenericHumansAndMutants,Corpus,3,Experienced,6,0.5,180.0,480.0,480.0,GeneralNPC_Corpus_CloseCombat,0,1.0
base,GenericHumansAndMutants,Corpus,3,Experienced,6,0.5,180.0,480.0,480.0,GeneralNPC_Corpus_Recon,1,1.0
base,GenericHumansAndMutants,Corpus,3,Experienced,6,0.5,180.0,480.0,480.0,GeneralNPC_Corpus_Stormtrooper,2,1.0
base,GenericHumansAndMutants,Corpus,3,Experienced,6,0.5,180.0,480.0,480.0,GeneralNPC_Corpus_Sniper,0,0
base,GenericHumansAndMutants,Corpus,3,Experienced,6,0.5,180.0,480.0,480.0,GeneralNPC_Corpus_Heavy,0,0
base,GenericHumansAndMutants,Corpus,3,Veteran,7,0.5,180.0,480.0,480.0,GeneralNPC_Corpus_CloseCombat,1,1.0
base,GenericHumansAndMutants,Corpus,3,Veteran,7,0.5,180.0,480.0,480.0,GeneralNPC_Corpus_Recon,1,1.0
base,GenericHumansAndMutants,Corpus,3,Veteran,7,0.5,180.0,480.0,480.0,GeneralNPC_Corpus_Stormtrooper,2,1.0
base,GenericHumansAndMutants,Corpus,3,Veteran,7,0.5,180.0,480.0,480.0,GeneralNPC_Corpus_Sniper,0,0
base,GenericHumansAndMutants,Corpus,3,Veteran,7,0.5,180.0,480.0,480.0,GeneralNPC_Corpus_Heavy,1,0.2
base,GenericHumansAndMutants,Corpus,3,Master,7,0.5,180.0,480.0,480.0,GeneralNPC_Corpus_CloseCombat,0,1.0
base,GenericHumansAndMutants,Corpus,3,Master,7,0.5,180.0,480.0,480.0,GeneralNPC_Corpus_Recon,0,1.0
base,GenericHumansAndMutants,Corpus,3,Master,7,0.5,180.0,480.0,480.0,GeneralNPC_Corpus_Stormtrooper,3,1.0
base,GenericHumansAndMutants,Corpus,3,Master,7,0.5,180.0,480.0,480.0,GeneralNPC_Corpus_Sniper,1,0.2
base,GenericHumansAndMutants,Corpus,3,Master,7,0.5,180.0,480.0,480.0,GeneralNPC_Corpus_Heavy,1,0.2
base,GenericHumansAndMutants,Blinddog,3,Newbie,9,0.5,180.0,480.0,480.0,Blinddog,1,1.0
base,GenericHumansAndMutants,Blinddog,3,Experienced,9,0.5,180.0,480.0,480.0,Blinddog,1,1.0
base,GenericHumansAndMutants,Blinddog,3,Veteran,9,0.5,180.0,480.0,480.0,Blinddog,1,1.0
base,GenericHumansAndMutants,Blinddog,3,Master,9,0.5,180.0,480.0,480.0,Blinddog,1,1.0
base,GenericHumansAndMutants,Bloodsucker,3,Newbie,2,0.5,180.0,480.0,480.0,Bloodsucker,1,1.0
base,GenericHumansAndMutants,Bloodsucker,3,Experienced,2,0.5,180.0,480.0,480.0,Bloodsucker,1,1.0
base,GenericHumansAndMutants,Bloodsucker,3,Veteran,3,0.5,180.0,480.0,480.0,Bloodsucker,1,1.0
base,GenericHumansAndMutants,Bloodsucker,3,Master,3,0.5,180.0,480.0,480.0,Bloodsucker,1,1.0
base,GenericHumansAndMutants,Boar,3,Newbie,5,0.5,180.0,480.0,480.0,Boar,1,1.0
base,GenericHumansAndMutants,Boar,3,Experienced,5,0.5,180.0,480.0,480.0,Boar,1,1.0
base,GenericHumansAndMutants,Boar,3,Veteran,5,0.5,180.0,480.0,480.0,Boar,1,1.0
base,GenericHumansAndMutants,Boar,3,Master,5,0.5,180.0,480.0,480.0,Boar,1,1.0
base,GenericHumansAndMutants,Flesh,3,Newbie,5,0.5,180.0,480.0,480.0,Flesh,1,1.0
base,GenericHumansAndMutants,Flesh,3,Experienced,5,0.5,180.0,480.0,480.0,Flesh,1,1.0
base,GenericHumansAndMutants,Flesh,3,Veteran,5,0.5,180.0,480.0,480.0,Flesh,1,1.0
base,GenericHumansAndMutants,Flesh,3,Master,6,0.5,180.0,480.0,480.0,Flesh,1,1.0
base,GenericHumansAndMutants,Zombie,3,Newbie,6,0.5,180.0,480.0,480.0,GeneralZombie_Bandit_CloseCombat,0,1.0
base,GenericHumansAndMutants,Zombie,3,Newbie,6,0.5,180.0,480.0,480.0,GeneralZombie_Bandit_Recon,0,1.0
base,GenericHumansAndMutants,Zombie,3,Newbie,6,0.5,180.0,480.0,480.0,GeneralZombie_Bandit_Stormtrooper,0,1.0
base,GenericHumansAndMutants,Zombie,3,Newbie,6,0.5,180.0,480.0,480.0,GeneralZombie_Bandit_Heavy,0,1.0
base,GenericHumansAndMutants,Zombie,3,Newbie,6,0.5,180.0,480.0,480.0,GeneralZombie_Neutral_CloseCombat,0,1.0
base,GenericHumansAndMutants,Zombie,3,Newbie,6,0.5,180.0,480.0,480.0,GeneralZombie_Neutral_Recon,0,1.0
base,GenericHumansAndMutants,Zombie,3,Newbie,6,0.5,180.0,480.0,480.0,GeneralZombie_Neutral_Stormtrooper,0,1.0
base,GenericHumansAndMutants,Zombie,3,Newbie,6,0.5,180.0,480.0,480.0,GeneralZombie_Neutral_Sniper,0,1.0
base,GenericHumansAndMutants,Zombie,3,Newbie,6,0.5,180.0,480.0,480.0,GeneralZombie_Corpus_CloseCombat,0,1.0
base,GenericHumansAndMutants,Zombie,3,Newbie,6,0.5,180.0,480.0,480.0,GeneralZombie_Corpus_Recon,0,1.0
base,GenericHumansAndMutants,Zombie,3,Newbie,6,0.5,180.0,480.0,480.0,GeneralZombie_Corpus_Stormtrooper,0,1.0
base,GenericHumansAndMutants,Zombie,3,Newbie,6,0.5,180.0,480.0,480.0,GeneralZombie_Corpus_Sniper,0,1.0
base,GenericHumansAndMutants,Zombie,3,Newbie,6,0.5,180.0,480.0,480.0,GeneralZombie_Corpus_Heavy,0,1.0
base,GenericHumansAndMutants,Zombie,3,Newbie,6,0.5,180.0,480.0,480.0,GeneralZombie_Freedom_CloseCombat,0,1.0
base,GenericHumansAndMutants,Zombie,3,Newbie,6,0.5,180.0,480.0,480.0,GeneralZombie_Freedom_Recon,0,1.0
base,GenericHumansAndMutants,Zombie,3,Newbie,6,0.5,180.0,480.0,480.0,GeneralZombie_Freedom_Stormtrooper,0,1.0
base,GenericHumansAndMutants,Zombie,3,Newbie,6,0.5,180.0,480.0,480.0,GeneralZombie_Freedom_Sniper,0,1.0
base,GenericHumansAndMutants,Zombie,3,Newbie,6,0.5,180.0,480.0,480.0,GeneralZombie_Duty_CloseCombat,0,1.0
base,GenericHumansAndMutants,Zombie,3,Newbie,6,0.5,180.0,480.0,480.0,GeneralZombie_Duty_Recon,0,1.0
base,GenericHumansAndMutants,Zombie,3,Newbie,6,0.5,180.0,480.0,480.0,GeneralZombie_Duty_Stormtrooper,0,1.0
base,GenericHumansAndMutants,Zombie,3,Newbie,6,0.5,180.0,480.0,480.0,GeneralZombie_Duty_Sniper,0,1.0
base,GenericHumansAndMutants,Zombie,3,Newbie,6,0.5,180.0,480.0,480.0,GeneralZombie_Duty_Heavy,0,1.0
base,GenericHumansAndMutants,Zombie,3,Experienced,8,0.5,180.0,480.0,480.0,GeneralZombie_Bandit_CloseCombat,0,1.0
base,GenericHumansAndMutants,Zombie,3,Experienced,8,0.5,180.0,480.0,480.0,GeneralZombie_Bandit_Recon,0,1.0
base,GenericHumansAndMutants,Zombie,3,Experienced,8,0.5,180.0,480.0,480.0,GeneralZombie_Bandit_Stormtrooper,0,1.0
base,GenericHumansAndMutants,Zombie,3,Experienced,8,0.5,180.0,480.0,480.0,GeneralZombie_Bandit_Heavy,0,1.0
base,GenericHumansAndMutants,Zombie,3,Experienced,8,0.5,180.0,480.0,480.0,GeneralZombie_Neutral_CloseCombat,0,1.0
base,GenericHumansAndMutants,Zombie,3,Experienced,8,0.5,180.0,480.0,480.0,GeneralZombie_Neutral_Recon,0,1.0
base,GenericHumansAndMutants,Zombie,3,Experienced,8,0.5,180.0,480.0,480.0,GeneralZombie_Neutral_Stormtrooper,0,1.0
base,GenericHumansAndMutants,Zombie,3,Experienced,8,0.5,180.0,480.0,480.0,GeneralZombie_Neutral_Sniper,0,1.0
base,GenericHumansAndMutants,Zombie,3,Experienced,8,0.5,180.0,480.0,480.0,GeneralZombie_Corpus_CloseCombat,0,1.0
base,GenericHumansAndMutants,Zombie,3,Experienced,8,0.5,180.0,480.0,480.0,GeneralZombie_Corpus_Recon,0,1.0
base,GenericHumansAndMutants,Zombie,3,Experienced,8,0.5,180.0,480.0,480.0,GeneralZombie_Corpus_Stormtrooper,0,1.0
base,GenericHumansAndMutants,Zombie,3,Experienced,8,0.5,180.0,480.0,480.0,GeneralZombie_Corpus_Sniper,0,1.0
base,GenericHumansAndMutants,Zombie,3,Experienced,8,0.5,180.0,480.0,480.0,GeneralZombie_Corpus_Heavy,0,1.0
base,GenericHumansAndMutants,Zombie,3,Experienced,8,0.5,180.0,480.0,480.0,GeneralZombie_Freedom_CloseCombat,0,1.0
base,GenericHumansAndMutants,Zombie,3,Experienced,8,0.5,180.0,480.0,480.0,GeneralZombie_Freedom_Recon,0,1.0
base,GenericHumansAndMutants,Zombie,3,Experienced,8,0.5,180.0,480.0,480.0,GeneralZombie_Freedom_Stormtrooper,0,1.0
base,GenericHumansAndMutants,Zombie,3,Experienced,8,0.5,180.0,480.0,480.0,GeneralZombie_Freedom_Sniper,0,1.0
base,GenericHumansAndMutants,Zombie,3,Experienced,8,0.5,180.0,480.0,480.0,GeneralZombie_Duty_CloseCombat,0,1.0
base,GenericHumansAndMutants,Zombie,3,Experienced,8,0.5,180.0,480.0,480.0,GeneralZombie_Duty_Recon,0,1.0
base,GenericHumansAndMutants,Zombie,3,Experienced,8,0.5,180.0,480.0,480.0,GeneralZombie_Duty_Stormtrooper,0,1.0
base,GenericHumansAndMutants,Zombie,3,Experienced,8,0.5,180.0,480.0,480.0,GeneralZombie_Duty_Sniper,0,1.0
base,GenericHumansAndMutants,Zombie,3,Experienced,8,0.5,180.0,480.0,480.0,GeneralZombie_Duty_Heavy,0,1.0
base,GenericHumansAndMutants,Zombie,3,Veteran,10,0.5,180.0,480.0,480.0,GeneralZombie_Bandit_CloseCombat,0,1.0
base,GenericHumansAndMutants,Zombie,3,Veteran,10,0.5,180.0,480.0,480.0,GeneralZombie_Bandit_Recon,0,1.0
base,GenericHumansAndMutants,Zombie,3,Veteran,10,0.5,180.0,480.0,480.0,GeneralZombie_Bandit_Stormtrooper,0,1.0
base,GenericHumansAndMutants,Zombie,3,Veteran,10,0.5,180.0,480.0,480.0,GeneralZombie_Bandit_Heavy,0,1.0
base,GenericHumansAndMutants,Zombie,3,Veteran,10,0.5,180.0,480.0,480.0,GeneralZombie_Neutral_CloseCombat,0,1.0
base,GenericHumansAndMutants,Zombie,3,Veteran,10,0.5,180.0,480.0,480.0,GeneralZombie_Neutral_Recon,0,1.0
base,GenericHumansAndMutants,Zombie,3,Veteran,10,0.5,180.0,480.0,480.0,GeneralZombie_Neutral_Stormtrooper,0,1.0
base,GenericHumansAndMutants,Zombie,3,Veteran,10,0.5,180.0,480.0,480.0,GeneralZombie_Neutral_Sniper,0,1.0
base,GenericHumansAndMutants,Zombie,3,Veteran,10,0.5,180.0,480.0,480.0,GeneralZombie_Corpus_CloseCombat,0,1.0
base,GenericHumansAndMutants,Zombie,3,Veteran,10,0.5,180.0,480.0,480.0,GeneralZombie_Corpus_Recon,0,1.0
base,GenericHumansAndMutants,Zombie,3,Veteran,10,0.5,180.0,480.0,480.0,GeneralZombie_Corpus_Stormtrooper,0,1.0
base,GenericHumansAndMutants,Zombie,3,Veteran,10,0.5,180.0,480.0,480.0,GeneralZombie_Corpus_Sniper,0,1.0
base,GenericHumansAndMutants,Zombie,3,Veteran,10,0.5,180.0,480.0,480.0,GeneralZombie_Corpus_Heavy,0,1.0
base,GenericHumansAndMutants,Zombie,3,Veteran,10,0.5,180.0,480.0,480.0,GeneralZombie_Freedom_CloseCombat,0,1.0
base,GenericHumansAndMutants,Zombie,3,Veteran,10,0.5,180.0,480.0,480.0,GeneralZombie_Freedom_Recon,0,1.0
base,GenericHumansAndMutants,Zombie,3,Veteran,10,0.5,180.0,480.0,480.0,GeneralZombie_Freedom_Stormtrooper,0,1.0
base,GenericHumansAndMutants,Zombie,3,Veteran,10,0.5,180.0,480.0,480.0,GeneralZombie_Freedom_Sniper,0,1.0
base,GenericHumansAndMutants,Zombie,3,Veteran,10,0.5,180.0,480.0,480.0,GeneralZombie_Duty_CloseCombat,0,1.0
base,GenericHumansAndMutants,Zombie,3,Veteran,10,0.5,180.0,480.0,480.0,GeneralZombie_Duty_Recon,0,1.0
base,GenericHumansAndMutants,Zombie,3,Veteran,10,0.5,180.0,480.0,480.0,GeneralZombie_Duty_Stormtrooper,0,1.0
base,GenericHumansAndMutants,Zombie,3,Veteran,10,0.5,180.0,480.0,480.0,GeneralZombie_Duty_Sniper,0,1.0
base,GenericHumansAndMutants,Zombie,3,Veteran,10,0.5,180.0,480.0,480.0,GeneralZombie_Duty_Heavy,0,1.0
base,GenericHumansAndMutants,Zombie,3,Master,10,0.5,180.0,480.0,480.0,GeneralZombie_Bandit_CloseCombat,0,1.0
base,GenericHumansAndMutants,Zombie,3,Master,10,0.5,180.0,480.0,480.0,GeneralZombie_Bandit_Recon,0,1.0
base,GenericHumansAndMutants,Zombie,3,Master,10,0.5,180.0,480.0,480.0,GeneralZombie_Bandit_Stormtrooper,0,1.0
base,GenericHumansAndMutants,Zombie,3,Master,10,0.5,180.0,480.0,480.0,GeneralZombie_Bandit_Heavy,0,1.0
base,GenericHumansAndMutants,Zombie,3,Master,10,0.5,180.0,480.0,480.0,GeneralZombie_Neutral_CloseCombat,0,1.0
base,GenericHumansAndMutants,Zombie,3,Master,10,0.5,180.0,480.0,480.0,GeneralZombie_Neutral_Recon,0,1.0
base,GenericHumansAndMutants,Zombie,3,Master,10,0.5,180.0,480.0,480.0,GeneralZombie_Neutral_Stormtrooper,0,1.0
base,GenericHumansAndMutants,Zombie,3,Master,10,0.5,180.0,480.0,480.0,GeneralZombie_Neutral_Sniper,0,1.0
base,GenericHumansAndMutants,Zombie,3,Master,10,0.5,180.0,480.0,480.0,GeneralZombie_Corpus_CloseCombat,0,1.0
base,GenericHumansAndMutants,Zombie,3,Master,10,0.5,180.0,480.0,480.0,GeneralZombie_Corpus_Recon,0,1.0
base,GenericHumansAndMutants,Zombie,3,Master,10,0.5,180.0,480.0,480.0,GeneralZombie_Corpus_Stormtrooper,0,1.0
base,GenericHumansAndMutants,Zombie,3,Master,10,0.5,180.0,480.0,480.0,GeneralZombie_Corpus_Sniper,0,1.0
base,GenericHumansAndMutants,Zombie,3,Master,10,0.5,180.0,480.0,480.0,GeneralZombie_Corpus_Heavy,0,1.0
base,GenericHumansAndMutants,Zombie,3,Master,10,0.5,180.0,480.0,480.0,GeneralZombie_Freedom_CloseCombat,0,1.0
base,GenericHumansAndMutants,Zombie,3,Master,10,0.5,180.0,480.0,480.0,GeneralZombie_Freedom_Recon,0,1.0
base,GenericHumansAndMutants,Zombie,3,Master,10,0.5,180.0,480.0,480.0,GeneralZombie_Freedom_Stormtrooper,0,1.0
base,GenericHumansAndMutants,Zombie,3,Master,10,0.5,180.0,480.0,480.0,GeneralZombie_Freedom_Sniper,0,1.0
base,GenericHumansAndMutants,Zombie,3,Master,10,0.5,180.0,480.0,480.0,GeneralZombie_Duty_CloseCombat,0,1.0
base,GenericHumansAndMutants,Zombie,3,Master,10,0.5,180.0,480.0,480.0,GeneralZombie_Duty_Recon,0,1.0
base,GenericHumansAndMutants,Zombie,3,Master,10,0.5,180.0,480.0,480.0,GeneralZombie_Duty_Stormtrooper,0,1.0
base,GenericHumansAndMutants,Zombie,3,Master,10,0.5,180.0,480.0,480.0,GeneralZombie_Duty_Sniper,0,1.0
base,GenericHumansAndMutants,Zombie,3,Master,10,0.5,180.0,480.0,480.0,GeneralZombie_Duty_Heavy,0,1.0
base,GenericHumansAndMutants,Snork,3,Newbie,8,0.5,180.0,480.0,480.0,Snork,1,1.0
base,GenericHumansAndMutants,Snork,3,Experienced,8,0.5,180.0,480.0,480.0,Snork,1,1.0
base,GenericHumansAndMutants,Snork,3,Veteran,9,0.5,180.0,480.0,480.0,Snork,1,1.0
base,GenericHumansAndMutants,Snork,3,Master,9,0.5,180.0,480.0,480.0,Snork,1,1.0
base,GenericHumansAndMutants,Pseudodog,3,Newbie,1,1.0,180.0,480.0,480.0,PseudoDog,1,1.0
base,GenericHumansAndMutants,Pseudodog,3,Experienced,1,1.0,180.0,480.0,480.0,PseudoDog,1,1.0
base,GenericHumansAndMutants,Pseudodog,3,Veteran,2,0.5,180.0,480.0,480.0,PseudoDog,1,1.0
base,GenericHumansAndMutants,Pseudodog,3,Master,2,0.5,180.0,480.0,480.0,PseudoDog,1,1.0
base,GenericHumansAndMutants,Bayun,3,Newbie,2,0.5,180.0,480.0,480.0,Bayun,1,1.0
base,GenericHumansAndMutants,Bayun,3,Experienced,2,0.5,180.0,480.0,480.0,Bayun,1,1.0
base,GenericHumansAndMutants,Bayun,3,Veteran,2,0.5,180.0,480.0,480.0,Bayun,1,1.0
base,GenericHumansAndMutants,Bayun,3,Master,2,0.5,180.0,480.0,480.0,Bayun,1,1.0
base,GenericHumansAndMutants,Tushkan,3,Newbie,14,0.5,180.0,480.0,480.0,Tushkan,1,1.0
base,GenericHumansAndMutants,Tushkan,3,Experienced,16,0.5,180.0,480.0,480.0,Tushkan,1,1.0
base,GenericHumansAndMutants,Tushkan,3,Veteran,20,0.5,180.0,480.0,480.0,Tushkan,1,1.0
base,GenericHumansAndMutants,Tushkan,3,Master,24,0.5,180.0,480.0,480.0,Tushkan,1,1.0
base,GenericHumansAndMutants,Controller,3,Newbie,1,1.0,180.0,480.0,480.0,Controller,1,1.0
base,GenericHumansAndMutants,Controller,3,Experienced,1,1.0,180.0,480.0,480.0,Controller,1,1.0
base,GenericHumansAndMutants,Controller,3,Veteran,1,1.0,180.0,480.0,480.0,Controller,1,1.0
base,GenericHumansAndMutants,Controller,3,Master,2,0.5,180.0,480.0,480.0,Controller,1,1.0
base,GenericHumansAndMutants,Deer,3,Newbie,1,1.0,180.0,480.0,480.0,Deer,1,1.0
base,GenericHumansAndMutants,Deer,3,Experienced,1,1.0,180.0,480.0,480.0,Deer,1,1.0
base,GenericHumansAndMutants,Deer,3,Veteran,2,0.5,180.0,480.0,480.0,Deer,1,1.0
base,GenericHumansAndMutants,Deer,3,Master,2,0.5,180.0,480.0,480.0,Deer,1,1.0
base,SmallLivingSpace,Militaries,3,Newbie,6,0.5,180.0,480.0,480.0,GeneralNPC_Militaries_CloseCombat,0,1.0
base,SmallLivingSpace,Militaries,3,Newbie,6,0.5,180.0,480.0,480.0,GeneralNPC_Militaries_Recon,5,1.0
base,SmallLivingSpace,Militaries,3,Newbie,6,0.5,180.0,480.0,480.0,GeneralNPC_Militaries_Stormtrooper,0,0
base,SmallLivingSpace,Militaries,3,Newbie,6,0.5,180.0,480.0,480.0,GeneralNPC_Militaries_Sniper,0,0
base,SmallLivingSpace,Militaries,3,Newbie,6,0.5,180.0,480.0,480.0,GeneralNPC_Militaries_Heavy,0,0
base,SmallLivingSpace,Militaries,3,Experienced,6,0.5,180.0,480.0,480.0,GeneralNPC_Militaries_CloseCombat,1,1.0
base,SmallLivingSpace,Militaries,3,Experienced,6,0.5,180.0,480.0,480.0,GeneralNPC_Militaries_Recon,1,1.0
base,SmallLivingSpace,Militaries,3,Experienced,6,0.5,180.0,480.0,480.0,GeneralNPC_Militaries_Stormtrooper,1,1.0
base,SmallLivingSpace,Militaries,3,Veteran,6,0.5,180.0,480.0,480.0,GeneralNPC_Militaries_CloseCombat,1,1.0
base,SmallLivingSpace,Militaries,3,Veteran,6,0.5,180.0,480.0,480.0,GeneralNPC_Militaries_Recon,0,1.0
base,SmallLivingSpace,Militaries,3,Veteran,6,0.5,180.0,480.0,480.0,GeneralNPC_Militaries_Stormtrooper,3,1.0
base,SmallLivingSpace,Militaries,3,Veteran,6,0.5,180.0,480.0,480.0,GeneralNPC_Militaries_Heavy,0,1.0
base,SmallLivingSpace,Militaries,3,Master,7,0.5,180.0,480.0,480.0,GeneralNPC_Militaries_CloseCombat,1,0.5
base,SmallLivingSpace,Militaries,3,Master,7,0.5,180.0,480.0,480.0,GeneralNPC_Militaries_Recon,1,1.0
base,SmallLivingSpace,Militaries,3,Master,7,0.5,180.0,480.0,480.0,GeneralNPC_Militaries_Stormtrooper,2,1.0
base,SmallLivingSpace,Militaries,3,Master,7,0.5,180.0,480.0,480.0,GeneralNPC_Militaries_Sniper,1,0
base,SmallLivingSpace,Militaries,3,Master,7,0.5,180.0,480.0,480.0,GeneralNPC_Militaries_Heavy,1,1.0
base,SmallLivingSpace,Neutrals,3,Newbie,6,0.5,180.0,480.0,480.0,GeneralNPC_Neutral_CloseCombat,3,1
base,SmallLivingSpace,Neutrals,3,Newbie,6,0.5,180.0,480.0,480.0,GeneralNPC_Neutral_Recon,1,1
base,SmallLivingSpace,Neutrals,3,Newbie,6,0.5,180.0,480.0,480.0,GeneralNPC_Neutral_Sniper,0,0.2
base,SmallLivingSpace,Neutrals,3,Newbie,6,0.5,180.0,480.0,480.0,GeneralNPC_Neutral_Stormtrooper,0,0
base,SmallLivingSpace,Neutrals,3,Experienced,6,0.5,180.0,480.0,480.0,GeneralNPC_Neutral_CloseCombat,1,1.0
base,SmallLivingSpace,Neutrals,3,Experienced,6,0.5,180.0,480.0,480.0,GeneralNPC_Neutral_Recon,1,2.0
base,SmallLivingSpace,Neutrals,3,Experienced,6,0.5,180.0,480.0,480.0,GeneralNPC_Neutral_Stormtrooper,1,2.0
base,SmallLivingSpace,Neutrals,3,Experienced,6,0.5,180.0,480.0,480.0,GeneralNPC_Neutral_Sniper,0,0
base,SmallLivingSpace,Neutrals,3,Veteran,7,0.5,180.0,480.0,480.0,GeneralNPC_Neutral_CloseCombat,1,1.0
base,SmallLivingSpace,Neutrals,3,Veteran,7,0.5,180.0,480.0,480.0,GeneralNPC_Neutral_Recon,1,1.0
base,SmallLivingSpace,Neutrals,3,Veteran,7,0.5,180.0,480.0,480.0,GeneralNPC_Neutral_Stormtrooper,3,1.0
base,SmallLivingSpace,Neutrals,3,Veteran,7,0.5,180.0,480.0,480.0,GeneralNPC_Neutral_Sniper,1,0.2
base,SmallLivingSpace,Neutrals,3,Master,7,0.5,180.0,480.0,480.0,GeneralNPC_Neutral_CloseCombat,1,1.0
base,SmallLivingSpace,Neutrals,3,Master,7,0.5,180.0,480.0,480.0,GeneralNPC_Neutral_Recon,0,1.0
base,SmallLivingSpace,Neutrals,3,Master,7,0.5,180.0,480.0,480.0,GeneralNPC_Neutral_Stormtrooper,3,1.0
base,SmallLivingSpace,Neutrals,3,Master,7,0.5,180.0,480.0,480.0,GeneralNPC_Neutral_Sniper,1,0.2
base,SmallLivingSpace,Varta,3,Newbie,6,0.5,180.0,480.0,480.0,GeneralNPC_Varta_CloseCombat,1,1.0
base,SmallLivingSpace,Varta,3,Newbie,6,0.5,180.0,480.0,480.0,GeneralNPC_Varta_Recon,4,1.0
base,SmallLivingSpace,Varta,3,Newbie,6,0.5,180.0,480.0,480.0,GeneralNPC_Varta_Stormtrooper,0,0
base,SmallLivingSpace,Varta,3,Newbie,6,0.5,180.0,480.0,480.0,GeneralNPC_Varta_Sniper,0,0
base,SmallLivingSpace,Varta,3,Newbie,6,0.5,180.0,480.0,480.0,GeneralNPC_Varta_Heavy,0,0
base,SmallLivingSpace,Varta,3,Experienced,6,0.5,180.0,480.0,480.0,GeneralNPC_Varta_CloseCombat,1,1.0
base,SmallLivingSpace,Varta,3,Experienced,6,0.5,180.0,480.0,480.0,GeneralNPC_Varta_Recon,1,1.0
base,SmallLivingSpace,Varta,3,Experienced,6,0.5,180.0,480.0,480.0,GeneralNPC_Varta_Stormtrooper,1,1.0
base,SmallLivingSpace,Varta,3,Experienced,6,0.5,180.0,480.0,480.0,GeneralNPC_Varta_Sniper,0,0
base,SmallLivingSpace,Varta,3,Experienced,6,0.5,180.0,480.0,480.0,GeneralNPC_Varta_Heavy,0,0
base,SmallLivingSpace,Varta,3,Veteran,7,0.5,180.0,480.0,480.0,GeneralNPC_Varta_CloseCombat,1,1.0
base,SmallLivingSpace,Varta,3,Veteran,7,0.5,180.0,480.0,480.0,GeneralNPC_Varta_Recon,1,1.0
base,SmallLivingSpace,Varta,3,Veteran,7,0.5,180.0,480.0,480.0,GeneralNPC_Varta_Stormtrooper,2,1.0
base,SmallLivingSpace,Varta,3,Veteran,7,0.5,180.0,480.0,480.0,GeneralNPC_Varta_Sniper,1,0.2
base,SmallLivingSpace,Varta,3,Veteran,7,0.5,180.0,480.0,480.0,GeneralNPC_Varta_Heavy,0,0.5
base,SmallLivingSpace,Varta,3,Master,7,0.5,180.0,480.0,480.0,GeneralNPC_Varta_CloseCombat,1,1.0
base,SmallLivingSpace,Varta,3,Master,7,0.5,180.0,480.0,480.0,GeneralNPC_Varta_Recon,0,1.0
base,SmallLivingSpace,Varta,3,Master,7,0.5,180.0,480.0,480.0,GeneralNPC_Varta_Stormtrooper,2,1.0
base,SmallLivingSpace,Varta,3,Master,7,0.5,180.0,480.0,480.0,GeneralNPC_Varta_Sniper,1,0.2
base,SmallLivingSpace,Varta,3,Master,7,0.5,180.0,480.0,480.0,GeneralNPC_Varta_Heavy,1,0.2
base,SmallLivingSpace,Mercenaries,3,Newbie,6,0.5,180.0,480.0,480.0,GeneralNPC_Mercenaries_CloseCombat,0,1.0
base,SmallLivingSpace,Mercenaries,3,Newbie,6,0.5,180.0,480.0,480.0,GeneralNPC_Mercenaries_Recon,4,1.0
base,SmallLivingSpace,Mercenaries,3,Newbie,6,0.5,180.0,480.0,480.0,GeneralNPC_Mercenaries_Stormtrooper,0,0
base,SmallLivingSpace,Mercenaries,3,Newbie,6,0.5,180.0,480.0,480.0,GeneralNPC_Mercenaries_Sniper,0,0
base,SmallLivingSpace,Mercenaries,3,Experienced,6,0.5,180.0,480.0,480.0,GeneralNPC_Mercenaries_CloseCombat,1,1.0
base,SmallLivingSpace,Mercenaries,3,Experienced,6,0.5,180.0,480.0,480.0,GeneralNPC_Mercenaries_Recon,1,1.0
base,SmallLivingSpace,Mercenaries,3,Experienced,6,0.5,180.0,480.0,480.0,GeneralNPC_Mercenaries_Stormtrooper,1,1.0
base,SmallLivingSpace,Mercenaries,3,Experienced,6,0.5,180.0,480.0,480.0,GeneralNPC_Mercenaries_Sniper,0,0
base,SmallLivingSpace,Mercenaries,3,Veteran,7,0.5,180.0,480.0,480.0,GeneralNPC_Mercenaries_CloseCombat,1,1.0
base,SmallLivingSpace,Mercenaries,3,Veteran,7,0.5,180.0,480.0,480.0,GeneralNPC_Mercenaries_Recon,0,1.0
base,SmallLivingSpace,Mercenaries,3,Veteran,7,0.5,180.0,480.0,480.0,GeneralNPC_Mercenaries_Stormtrooper,3,1.0
base,SmallLivingSpace,Mercenaries,3,Veteran,7,0.5,180.0,480.0,480.0,GeneralNPC_Mercenaries_Sniper,1,0.2
base,SmallLivingSpace,Mercenaries,3,Master,7,0.5,180.0,480.0,480.0,GeneralNPC_Mercenaries_CloseCombat,1,1.0
base,SmallLivingSpace,Mercenaries,3,Master,7,0.5,180.0,480.0,480.0,GeneralNPC_Mercenaries_Recon,0,2.0
base,SmallLivingSpace,Mercenaries,3,Master,7,0.5,180.0,480.0,480.0,GeneralNPC_Mercenaries_Stormtrooper,3,1.0
base,SmallLivingSpace,Mercenaries,3,Master,7,0.5,180.0,480.0,480.0,GeneralNPC_Mercenaries_Sniper,1,0.2
base,SmallLivingSpace,Freedom,3,Newbie,6,0.5,180.0,480.0,480.0,GeneralNPC_Freedom_CloseCombat,1,1.0
base,SmallLivingSpace,Freedom,3,Newbie,6,0.5,180.0,480.0,480.0,GeneralNPC_Freedom_Recon,4,1.0
base,SmallLivingSpace,Freedom,3,Newbie,6,0.5,180.0,480.0,480.0,GeneralNPC_Freedom_Stormtrooper,1,1.0
base,SmallLivingSpace,Freedom,3,Newbie,6,0.5,180.0,480.0,480.0,GeneralNPC_Freedom_Sniper,1,1.0
base,SmallLivingSpace,Freedom,3,Experienced,6,0.5,180.0,480.0,480.0,GeneralNPC_Freedom_CloseCombat,0,1.0
base,SmallLivingSpace,Freedom,3,Experienced,6,0.5,180.0,480.0,480.0,GeneralNPC_Freedom_Recon,1,1.0
base,SmallLivingSpace,Freedom,3,Experienced,6,0.5,180.0,480.0,480.0,GeneralNPC_Freedom_Stormtrooper,1,1.0
base,SmallLivingSpace,Freedom,3,Experienced,6,0.5,180.0,480.0,480.0,GeneralNPC_Freedom_Sniper,0,0.2
base,SmallLivingSpace,Freedom,3,Veteran,7,0.5,180.0,480.0,480.0,GeneralNPC_Freedom_CloseCombat,1,1.0
base,SmallLivingSpace,Freedom,3,Veteran,7,0.5,180.0,480.0,480.0,GeneralNPC_Freedom_Recon,1,1.0
base,SmallLivingSpace,Freedom,3,Veteran,7,0.5,180.0,480.0,480.0,GeneralNPC_Freedom_Stormtrooper,2,1.0
base,SmallLivingSpace,Freedom,3,Veteran,7,0.5,180.0,480.0,480.0,GeneralNPC_Freedom_Sniper,1,0.2
base,SmallLivingSpace,Freedom,3,Master,7,0.5,180.0,480.0,480.0,GeneralNPC_Freedom_CloseCombat,1,1.0
base,SmallLivingSpace,Freedom,3,Master,7,0.5,180.0,480.0,480.0,GeneralNPC_Freedom_Recon,1,1.0
base,SmallLivingSpace,Freedom,3,Master,7,0.5,180.0,480.0,480.0,GeneralNPC_Freedom_Stormtrooper,2,1.0
base,SmallLivingSpace,Freedom,3,Master,7,0.5,180.0,480.0,480.0,GeneralNPC_Freedom_Sniper,1,0.2
base,SmallLivingSpace,Bandits,3,Newbie,6,0.5,180.0,480.0,480.0,GeneralNPC_Bandit_CloseCombat,3,1.0
base,SmallLivingSpace,Bandits,3,Newbie,6,0.5,180.0,480.0,480.0,GeneralNPC_Bandit_Recon,1,1.0
base,SmallLivingSpace,Bandits,3,Newbie,6,0.5,180.0,480.0,480.0,GeneralNPC_Bandit_Stormtrooper,0,0.0
base,SmallLivingSpace,Bandits,3,Newbie,6,0.5,180.0,480.0,480.0,GeneralNPC_Bandit_Heavy,0,0.0
base,SmallLivingSpace,Bandits,3,Experienced,6,0.5,180.0,480.0,480.0,GeneralNPC_Bandit_CloseCombat,1,1.0
base,SmallLivingSpace,Bandits,3,Experienced,6,0.5,180.0,480.0,480.0,GeneralNPC_Bandit_Recon,1,1.0
base,SmallLivingSpace,Bandits,3,Experienced,6,0.5,180.0,480.0,480.0,GeneralNPC_Bandit_Stormtrooper,1,0
base,SmallLivingSpace,Bandits,3,Experienced,6,0.5,180.0,480.0,480.0,GeneralNPC_Bandit_Heavy,0,0.0
base,SmallLivingSpace,Bandits,3,Veteran,7,0.5,180.0,480.0,480.0,GeneralNPC_Bandit_CloseCombat,1,1.0
base,SmallLivingSpace,Bandits,3,Veteran,7,0.5,180.0,480.0,480.0,GeneralNPC_Bandit_Recon,1,1.0
base,SmallLivingSpace,Bandits,3,Veteran,7,0.5,180.0,480.0,480.0,GeneralNPC_Bandit_Stormtrooper,3,1.0
base,SmallLivingSpace,Bandits,3,Veteran,7,0.5,180.0,480.0,480.0,GeneralNPC_Bandit_Heavy,0,0
base,SmallLivingSpace,Bandits,3,Master,8,0.5,180.0,480.0,480.0,GeneralNPC_Bandit_CloseCombat,1,1.0
base,SmallLivingSpace,Bandits,3,Master,8,0.5,180.0,480.0,480.0,GeneralNPC_Bandit_Recon,1,1.0
base,SmallLivingSpace,Bandits,3,Master,8,0.5,180.0,480.0,480.0,GeneralNPC_Bandit_Stormtrooper,3,1.0
base,SmallLivingSpace,Bandits,3,Master,8,0.5,180.0,480.0,480.0,GeneralNPC_Bandit_Heavy,0,0
base,SmallLivingSpace,Monolith,3,Newbie,6,0.5,180.0,480.0,480.0,GeneralNPC_Monolith_CloseCombat,1,1.0
base,SmallLivingSpace,Monolith,3,Newbie,6,0.5,180.0,480.0,480.0,GeneralNPC_Monolith_Recon,2,1.0
base,SmallLivingSpace,Monolith,3,Newbie,6,0.5,180.0,480.0,480.0,GeneralNPC_Monolith_Stormtrooper,2,1.0
base,SmallLivingSpace,Monolith,3,Newbie,6,0.5,180.0,480.0,480.0,GeneralNPC_Monolith_Sniper,0,0
base,SmallLivingSpace,Monolith,3,Experienced,6,0.5,180.0,480.0,480.0,GeneralNPC_Monolith_CloseCombat,1,1.0
base,SmallLivingSpace,Monolith,3,Experienced,6,0.5,180.0,480.0,480.0,GeneralNPC_Monolith_Recon,1,1.0
base,SmallLivingSpace,Monolith,3,Experienced,6,0.5,180.0,480.0,480.0,GeneralNPC_Monolith_Stormtrooper,1,1.0
base,SmallLivingSpace,Monolith,3,Experienced,6,0.5,180.0,480.0,480.0,GeneralNPC_Monolith_Sniper,0,0
base,SmallLivingSpace,Monolith,3,Veteran,8,0.5,180.0,480.0,480.0,GeneralNPC_Monolith_CloseCombat,1,1.0
base,SmallLivingSpace,Monolith,3,Veteran,8,0.5,180.0,480.0,480.0,GeneralNPC_Monolith_Recon,1,1.0
base,SmallLivingSpace,Monolith,3,Veteran,8,0.5,180.0,480.0,480.0,GeneralNPC_Monolith_Stormtrooper,3,1.0
base,SmallLivingSpace,Monolith,3,Veteran,8,0.5,180.0,480.0,480.0,GeneralNPC_Monolith_Sniper,1,0.2
base,SmallLivingSpace,Monolith,3,Master,8,0.5,180.0,480.0,480.0,GeneralNPC_Monolith_CloseCombat,1,1.0
base,SmallLivingSpace,Monolith,3,Master,8,0.5,180.0,480.0,480.0,GeneralNPC_Monolith_Recon,1,1.0
base,SmallLivingSpace,Monolith,3,Master,8,0.5,180.0,480.0,480.0,GeneralNPC_Monolith_Stormtrooper,3,1.0
base,SmallLivingSpace,Monolith,3,Master,8,0.5,180.0,480.0,480.0,GeneralNPC_Monolith_Sniper,1,0.2
base,SmallLivingSpace,Duty,3,Newbie,6,0.5,180.0,480.0,480.0,GeneralNPC_Duty_CloseCombat,1,1.0
base,SmallLivingSpace,Duty,3,Newbie,6,0.5,180.0,480.0,480.0,GeneralNPC_Duty_Recon,4,1.0
base,SmallLivingSpace,Duty,3,Newbie,6,0.5,180.0,480.0,480.0,GeneralNPC_Duty_Stormtrooper,0,0
base,SmallLivingSpace,Duty,3,Newbie,6,0.5,180.0,480.0,480.0,GeneralNPC_Duty_Sniper,0,0
base,SmallLivingSpace,Duty,3,Newbie,6,0.5,180.0,480.0,480.0,GeneralNPC_Duty_Heavy,0,0
base,SmallLivingSpace,Duty,3,Experienced,6,0.5,180.0,480.0,480.0,GeneralNPC_Duty_CloseCombat,1,1.0
base,SmallLivingSpace,Duty,3,Experienced,6,0.5,180.0,480.0,480.0,GeneralNPC_Duty_Recon,1,1.0
base,SmallLivingSpace,Duty,3,Experienced,6,0.5,180.0,480.0,480.0,GeneralNPC_Duty_Stormtrooper,1,1.0
base,SmallLivingSpace,Duty,3,Experienced,6,0.5,180.0,480.0,480.0,GeneralNPC_Duty_Sniper,0,0
base,SmallLivingSpace,Duty,3,Experienced,6,0.5,180.0,480.0,480.0,GeneralNPC_Duty_Heavy,0,0
base,SmallLivingSpace,Duty,3,Veteran,7,0.5,180.0,480.0,480.0,GeneralNPC_Duty_CloseCombat,1,1.0
base,SmallLivingSpace,Duty,3,Veteran,7,0.5,180.0,480.0,480.0,GeneralNPC_Duty_Recon,0,1.0
base,SmallLivingSpace,Duty,3,Veteran,7,0.5,180.0,480.0,480.0,GeneralNPC_Duty_Stormtrooper,3,1.0
base,SmallLivingSpace,Duty,3,Veteran,7,0.5,180.0,480.0,480.0,GeneralNPC_Duty_Sniper,1,0.2
base,SmallLivingSpace,Duty,3,Veteran,7,0.5,180.0,480.0,480.0,GeneralNPC_Duty_Heavy,0,0
base,SmallLivingSpace,Duty,3,Master,7,0.5,180.0,480.0,480.0,GeneralNPC_Duty_CloseCombat,1,1.0
base,SmallLivingSpace,Duty,3,Master,7,0.5,180.0,480.0,480.0,GeneralNPC_Duty_Recon,1,1.0
base,SmallLivingSpace,Duty,3,Master,7,0.5,180.0,480.0,480.0,GeneralNPC_Duty_Stormtrooper,2,1.0
base,SmallLivingSpace,Duty,3,Master,7,0.5,180.0,480.0,480.0,GeneralNPC_Duty_Sniper,1,0.2
base,SmallLivingSpace,Duty,3,Master,7,0.5,180.0,480.0,480.0,GeneralNPC_Duty_Heavy,0,0.5
base,SmallLivingSpace,Noon,3,Newbie,6,0.5,180.0,480.0,480.0,GeneralNPC_Noon_CloseCombat,0,1.0
base,SmallLivingSpace,Noon,3,Newbie,6,0.5,180.0,480.0,480.0,GeneralNPC_Noon_Recon,2,1.0
base,SmallLivingSpace,Noon,3,Newbie,6,0.5,180.0,480.0,480.0,GeneralNPC_Noon_Stormtrooper,2,1.0
base,SmallLivingSpace,Noon,3,Experienced,6,0.5,180.0,480.0,480.0,GeneralNPC_Noon_CloseCombat,1,1.0
base,SmallLivingSpace,Noon,3,Experienced,6,0.5,180.0,480.0,480.0,GeneralNPC_Noon_Recon,1,1.0
base,SmallLivingSpace,Noon,3,Experienced,6,0.5,180.0,480.0,480.0,GeneralNPC_Noon_Stormtrooper,1,1.0
base,SmallLivingSpace,Noon,3,Veteran,7,0.5,180.0,480.0,480.0,GeneralNPC_Noon_CloseCombat,1,1.0
base,SmallLivingSpace,Noon,3,Veteran,7,0.5,180.0,480.0,480.0,GeneralNPC_Noon_Recon,1,1.0
base,SmallLivingSpace,Noon,3,Veteran,7,0.5,180.0,480.0,480.0,GeneralNPC_Noon_Stormtrooper,3,1.0
base,SmallLivingSpace,Noon,3,Master,7,0.5,180.0,480.0,480.0,GeneralNPC_Noon_CloseCombat,1,1.0
base,SmallLivingSpace,Noon,3,Master,7,0.5,180.0,480.0,480.0,GeneralNPC_Noon_Recon,1,1.0
base,SmallLivingSpace,Noon,3,Master,7,0.5,180.0,480.0,480.0,GeneralNPC_Noon_Stormtrooper,3,1.0
base,SmallLivingSpace,Scientists,3,Newbie,6,0.5,180.0,480.0,480.0,GeneralNPC_Scientists_Recon,1,1.0
base,SmallLivingSpace,Scientists,3,Newbie,6,0.5,180.0,480.0,480.0,GeneralNPC_Scientists_Stormtrooper,1,1.0
base,SmallLivingSpace,Scientists,3,Experienced,6,0.5,180.0,480.0,480.0,GeneralNPC_Scientists_Recon,4,1.0
base,SmallLivingSpace,Scientists,3,Experienced,6,0.5,180.0,480.0,480.0,GeneralNPC_Scientists_Stormtrooper,1,1.0
base,SmallLivingSpace,Scientists,3,Veteran,7,0.5,180.0,480.0,480.0,GeneralNPC_Scientists_Recon,1,1.0
base,SmallLivingSpace,Scientists,3,Veteran,7,0.5,180.0,480.0,480.0,GeneralNPC_Scientists_Stormtrooper,4,1.0
base,SmallLivingSpace,Scientists,3,Master,7,0.5,180.0,480.0,480.0,GeneralNPC_Scientists_Recon,1,1.0
base,SmallLivingSpace,Scientists,3,Master,7,0.5,180.0,480.0,480.0,GeneralNPC_Scientists_Stormtrooper,3,1.0
base,SmallLivingSpace,Spark,3,Newbie,6,0.5,180.0,480.0,480.0,GeneralNPC_Spark_CloseCombat,4,1.0
base,SmallLivingSpace,Spark,3,Newbie,6,0.5,180.0,480.0,480.0,GeneralNPC_Spark_Recon,1,1.0
base,SmallLivingSpace,Spark,3,Newbie,6,0.5,180.0,480.0,480.0,GeneralNPC_Spark_Stormtrooper,0,0
base,SmallLivingSpace,Spark,3,Newbie,6,0.5,180.0,480.0,480.0,GeneralNPC_Spark_Sniper,0,0
base,SmallLivingSpace,Spark,3,Experienced,6,0.5,180.0,480.0,480.0,GeneralNPC_Spark_CloseCombat,1,1.0
base,SmallLivingSpace,Spark,3,Experienced,6,0.5,180.0,480.0,480.0,GeneralNPC_Spark_Recon,1,1.0
base,SmallLivingSpace,Spark,3,Experienced,6,0.5,180.0,480.0,480.0,GeneralNPC_Spark_Stormtrooper,1,1.0
base,SmallLivingSpace,Spark,3,Experienced,6,0.5,180.0,480.0,480.0,GeneralNPC_Spark_Sniper,0,0.2
base,SmallLivingSpace,Spark,3,Veteran,7,0.5,180.0,480.0,480.0,GeneralNPC_Spark_CloseCombat,1,1.0
base,SmallLivingSpace,Spark,3,Veteran,7,0.5,180.0,480.0,480.0,GeneralNPC_Spark_Recon,0,1.0
base,SmallLivingSpace,Spark,3,Veteran,7,0.5,180.0,480.0,480.0,GeneralNPC_Spark_Stormtrooper,3,1.0
base,SmallLivingSpace,Spark,3,Veteran,7,0.5,180.0,480.0,480.0,GeneralNPC_Spark_Sniper,1,0.2
base,SmallLivingSpace,Spark,3,Master,7,0.5,180.0,480.0,480.0,GeneralNPC_Spark_CloseCombat,1,1.0
base,SmallLivingSpace,Spark,3,Master,7,0.5,180.0,480.0,480.0,GeneralNPC_Spark_Recon,0,1.0
base,SmallLivingSpace,Spark,3,Master,7,0.5,180.0,480.0,480.0,GeneralNPC_Spark_Stormtrooper,3,1.0
base,SmallLivingSpace,Spark,3,Master,7,0.5,180.0,480.0,480.0,GeneralNPC_Spark_Sniper,1,0.2
base,SmallLivingSpace,Corpus,3,Newbie,6,0.5,180.0,480.0,480.0,GeneralNPC_Corpus_CloseCombat,1,1.0
base,SmallLivingSpace,Corpus,3,Newbie,6,0.5,180.0,480.0,480.0,GeneralNPC_Corpus_Recon,4,1.0
base,SmallLivingSpace,Corpus,3,Newbie,6,0.5,180.0,480.0,480.0,GeneralNPC_Corpus_Stormtrooper,0,0
base,SmallLivingSpace,Corpus,3,Newbie,6,0.5,180.0,480.0,480.0,GeneralNPC_Corpus_Sniper,0,0
base,SmallLivingSpace,Corpus,3,Newbie,6,0.5,180.0,480.0,480.0,GeneralNPC_Corpus_Heavy,0,0
base,SmallLivingSpace,Corpus,3,Experienced,6,0.5,180.0,480.0,480.0,GeneralNPC_Corpus_CloseCombat,0,1.0
base,SmallLivingSpace,Corpus,3,Experienced,6,0.5,180.0,480.0,480.0,GeneralNPC_Corpus_Recon,1,1.0
base,SmallLivingSpace,Corpus,3,Experienced,6,0.5,180.0,480.0,480.0,GeneralNPC_Corpus_Stormtrooper,2,1.0
base,SmallLivingSpace,Corpus,3,Experienced,6,0.5,180.0,480.0,480.0,GeneralNPC_Corpus_Sniper,0,0
base,SmallLivingSpace,Corpus,3,Experienced,6,0.5,180.0,480.0,480.0,GeneralNPC_Corpus_Heavy,0,0
base,SmallLivingSpace,Corpus,3,Veteran,7,0.5,180.0,480.0,480.0,GeneralNPC_Corpus_CloseCombat,1,1.0
base,SmallLivingSpace,Corpus,3,Veteran,7,0.5,180.0,480.0,480.0,GeneralNPC_Corpus_Recon,1,1.0
base,SmallLivingSpace,Corpus,3,Veteran,7,0.5,180.0,480.0,480.0,GeneralNPC_Corpus_Stormtrooper,2,1.0
base,SmallLivingSpace,Corpus,3,Veteran,7,0.5,180.0,480.0,480.0,GeneralNPC_Corpus_Sniper,0,0
base,SmallLivingSpace,Corpus,3,Veteran,7,0.5,180.0,480.0,480.0,GeneralNPC_Corpus_Heavy,1,0.2
base,SmallLivingSpace,Corpus,3,Master,7,0.5,180.0,480.0,480.0,GeneralNPC_Corpus_CloseCombat,0,1.0
base,SmallLivingSpace,Corpus,3,Master,7,0.5,180.0,480.0,480.0,GeneralNPC_Corpus_Recon,0,1.0
base,SmallLivingSpace,Corpus,3,Master,7,0.5,180.0,480.0,480.0,GeneralNPC_Corpus_Stormtrooper,3,1.0
base,SmallLivingSpace,Corpus,3,Master,7,0.5,180.0,480.0,480.0,GeneralNPC_Corpus_Sniper,1,0.2
base,SmallLivingSpace,Corpus,3,Master,7,0.5,180.0,480.0,480.0,GeneralNPC_Corpus_Heavy,1,0.2
base,SmallLivingSpace,Bloodsucker,3,Newbie,2,0.5,180.0,480.0,480.0,Bloodsucker,1,1.0
base,SmallLivingSpace,Bloodsucker,3,Experienced,2,0.5,180.0,480.0,480.0,Bloodsucker,1,1.0
base,SmallLivingSpace,Bloodsucker,3,Veteran,3,0.5,180.0,480.0,480.0,Bloodsucker,1,1.0
base,SmallLivingSpace,Bloodsucker,3,Master,3,0.5,180.0,480.0,480.0,Bloodsucker,1,1.0
base,SmallLivingSpace,Zombie,3,Newbie,6,0.5,180.0,480.0,480.0,GeneralZombie_Bandit_CloseCombat,0,1.0
base,SmallLivingSpace,Zombie,3,Newbie,6,0.5,180.0,480.0,480.0,GeneralZombie_Bandit_Recon,0,1.0
base,SmallLivingSpace,Zombie,3,Newbie,6,0.5,180.0,480.0,480.0,GeneralZombie_Bandit_Stormtrooper,0,1.0
base,SmallLivingSpace,Zombie,3,Newbie,6,0.5,180.0,480.0,480.0,GeneralZombie_Bandit_Heavy,0,1.0
base,SmallLivingSpace,Zombie,3,Newbie,6,0.5,180.0,480.0,480.0,GeneralZombie_Neutral_CloseCombat,0,1.0
base,SmallLivingSpace,Zombie,3,Newbie,6,0.5,180.0,480.0,480.0,GeneralZombie_Neutral_Recon,0,1.0
base,SmallLivingSpace,Zombie,3,Newbie,6,0.5,180.0,480.0,480.0,GeneralZombie_Neutral_Stormtrooper,0,1.0
base,SmallLivingSpace,Zombie,3,Newbie,6,0.5,180.0,480.0,480.0,GeneralZombie_Neutral_Sniper,0,1.0
base,SmallLivingSpace,Zombie,3,Newbie,6,0.5,180.0,480.0,480.0,GeneralZombie_Corpus_CloseCombat,0,1.0
base,SmallLivingSpace,Zombie,3,Newbie,6,0.5,180.0,480.0,480.0,GeneralZombie_Corpus_Recon,0,1.0
base,SmallLivingSpace,Zombie,3,Newbie,6,0.5,180.0,480.0,480.0,GeneralZombie_Corpus_Stormtrooper,0,1.0
base,SmallLivingSpace,Zombie,3,Newbie,6,0.5,180.0,480.0,480.0,GeneralZombie_Corpus_Sniper,0,1.0
base,SmallLivingSpace,Zombie,3,Newbie,6,0.5,180.0,480.0,480.0,GeneralZombie_Corpus_Heavy,0,1.0
base,SmallLivingSpace,Zombie,3,Newbie,6,0.5,180.0,480.0,480.0,GeneralZombie_Freedom_CloseCombat,0,1.0
base,SmallLivingSpace,Zombie,3,Newbie,6,0.5,180.0,480.0,480.0,GeneralZombie_Freedom_Recon,0,1.0
base,SmallLivingSpace,Zombie,3,Newbie,6,0.5,180.0,480.0,480.0,GeneralZombie_Freedom_Stormtrooper,0,1.0
base,SmallLivingSpace,Zombie,3,Newbie,6,0.5,180.0,480.0,480.0,GeneralZombie_Freedom_Sniper,0,1.0
base,SmallLivingSpace,Zombie,3,Newbie,6,0.5,180.0,480.0,480.0,GeneralZombie_Duty_CloseCombat,0,1.0
base,SmallLivingSpace,Zombie,3,Newbie,6,0.5,180.0,480.0,480.0,GeneralZombie_Duty_Recon,0,1.0
base,SmallLivingSpace,Zombie,3,Newbie,6,0.5,180.0,480.0,480.0,GeneralZombie_Duty_Stormtrooper,0,1.0
base,SmallLivingSpace,Zombie,3,Newbie,6,0.5,180.0,480.0,480.0,GeneralZombie_Duty_Sniper,0,1.0
base,SmallLivingSpace,Zombie,3,Newbie,6,0.5,180.0,480.0,480.0,GeneralZombie_Duty_Heavy,0,1.0
base,SmallLivingSpace,Zombie,3,Experienced,8,0.5,180.0,480.0,480.0,GeneralZombie_Bandit_CloseCombat,0,1.0
base,SmallLivingSpace,Zombie,3,Experienced,8,0.5,180.0,480.0,480.0,GeneralZombie_Bandit_Recon,0,1.0
base,SmallLivingSpace,Zombie,3,Experienced,8,0.5,180.0,480.0,480.0,GeneralZombie_Bandit_Stormtrooper,0,1.0
base,SmallLivingSpace,Zombie,3,Experienced,8,0.5,180.0,480.0,480.0,GeneralZombie_Bandit_Heavy,0,1.0
base,SmallLivingSpace,Zombie,3,Experienced,8,0.5,180.0,480.0,480.0,GeneralZombie_Neutral_CloseCombat,0,1.0
base,SmallLivingSpace,Zombie,3,Experienced,8,0.5,180.0,480.0,480.0,GeneralZombie_Neutral_Recon,0,1.0
base,SmallLivingSpace,Zombie,3,Experienced,8,0.5,180.0,480.0,480.0,GeneralZombie_Neutral_Stormtrooper,0,1.0
base,SmallLivingSpace,Zombie,3,Experienced,8,0.5,180.0,480.0,480.0,GeneralZombie_Neutral_Sniper,0,1.0
base,SmallLivingSpace,Zombie,3,Experienced,8,0.5,180.0,480.0,480.0,GeneralZombie_Corpus_CloseCombat,0,1.0
base,SmallLivingSpace,Zombie,3,Experienced,8,0.5,180.0,480.0,480.0,GeneralZombie_Corpus_Recon,0,1.0
base,SmallLivingSpace,Zombie,3,Experienced,8,0.5,180.0,480.0,480.0,GeneralZombie_Corpus_Stormtrooper,0,1.0
base,SmallLivingSpace,Zombie,3,Experienced,8,0.5,180.0,480.0,480.0,GeneralZombie_Corpus_Sniper,0,1.0
base,SmallLivingSpace,Zombie,3,Experienced,8,0.5,180.0,480.0,480.0,GeneralZombie_Corpus_Heavy,0,1.0
base,SmallLivingSpace,Zombie,3,Experienced,8,0.5,180.0,480.0,480.0,GeneralZombie_Freedom_CloseCombat,0,1.0
base,SmallLivingSpace,Zombie,3,Experienced,8,0.5,180.0,480.0,480.0,GeneralZombie_Freedom_Recon,0,1.0
base,SmallLivingSpace,Zombie,3,Experienced,8,0.5,180.0,480.0,480.0,GeneralZombie_Freedom_Stormtrooper,0,1.0
base,SmallLivingSpace,Zombie,3,Experienced,8,0.5,180.0,480.0,480.0,GeneralZombie_Freedom_Sniper,0,1.0
base,SmallLivingSpace,Zombie,3,Experienced,8,0.5,180.0,480.0,480.0,GeneralZombie_Duty_CloseCombat,0,1.0
base,SmallLivingSpace,Zombie,3,Experienced,8,0.5,180.0,480.0,480.0,GeneralZombie_Duty_Recon,0,1.0
base,SmallLivingSpace,Zombie,3,Experienced,8,0.5,180.0,480.0,480.0,GeneralZombie_Duty_Stormtrooper,0,1.0
base,SmallLivingSpace,Zombie,3,Experienced,8,0.5,180.0,480.0,480.0,GeneralZombie_Duty_Sniper,0,1.0
base,SmallLivingSpace,Zombie,3,Experienced,8,0.5,180.0,480.0,480.0,GeneralZombie_Duty_Heavy,0,1.0
base,SmallLivingSpace,Zombie,3,Veteran,10,0.5,180.0,480.0,480.0,GeneralZombie_Bandit_CloseCombat,0,1.0
base,SmallLivingSpace,Zombie,3,Veteran,10,0.5,180.0,480.0,480.0,GeneralZombie_Bandit_Recon,0,1.0
base,SmallLivingSpace,Zombie,3,Veteran,10,0.5,180.0,480.0,480.0,GeneralZombie_Bandit_Stormtrooper,0,1.0
base,SmallLivingSpace,Zombie,3,Veteran,10,0.5,180.0,480.0,480.0,GeneralZombie_Bandit_Heavy,0,1.0
base,SmallLivingSpace,Zombie,3,Veteran,10,0.5,180.0,480.0,480.0,GeneralZombie_Neutral_CloseCombat,0,1.0
base,SmallLivingSpace,Zombie,3,Veteran,10,0.5,180.0,480.0,480.0,GeneralZombie_Neutral_Recon,0,1.0
base,SmallLivingSpace,Zombie,3,Veteran,10,0.5,180.0,480.0,480.0,GeneralZombie_Neutral_Stormtrooper,0,1.0
base,SmallLivingSpace,Zombie,3,Veteran,10,0.5,180.0,480.0,480.0,GeneralZombie_Neutral_Sniper,0,1.0
base,SmallLivingSpace,Zombie,3,Veteran,10,0.5,180.0,480.0,480.0,GeneralZombie_Corpus_CloseCombat,0,1.0
base,SmallLivingSpace,Zombie,3,Veteran,10,0.5,180.0,480.0,480.0,GeneralZombie_Corpus_Recon,0,1.0
base,SmallLivingSpace,Zombie,3,Veteran,10,0.5,180.0,480.0,480.0,GeneralZombie_Corpus_Stormtrooper,0,1.0
base,SmallLivingSpace,Zombie,3,Veteran,10,0.5,180.0,480.0,480.0,GeneralZombie_Corpus_Sniper,0,1.0
base,SmallLivingSpace,Zombie,3,Veteran,10,0.5,180.0,480.0,480.0,GeneralZombie_Corpus_Heavy,0,1.0
base,SmallLivingSpace,Zombie,3,Veteran,10,0.5,180.0,480.0,480.0,GeneralZombie_Freedom_CloseCombat,0,1.0
base,SmallLivingSpace,Zombie,3,Veteran,10,0.5,180.0,480.0,480.0,GeneralZombie_Freedom_Recon,0,1.0
base,SmallLivingSpace,Zombie,3,Veteran,10,0.5,180.0,480.0,480.0,GeneralZombie_Freedom_Stormtrooper,0,1.0
base,SmallLivingSpace,Zombie,3,Veteran,10,0.5,180.0,480.0,480.0,GeneralZombie_Freedom_Sniper,0,1.0
base,SmallLivingSpace,Zombie,3,Veteran,10,0.5,180.0,480.0,480.0,GeneralZombie_Duty_CloseCombat,0,1.0
base,SmallLivingSpace,Zombie,3,Veteran,10,0.5,180.0,480.0,480.0,GeneralZombie_Duty_Recon,0,1.0
base,SmallLivingSpace,Zombie,3,Veteran,10,0.5,180.0,480.0,480.0,GeneralZombie_Duty_Stormtrooper,0,1.0
base,SmallLivingSpace,Zombie,3,Veteran,10,0.5,180.0,480.0,480.0,GeneralZombie_Duty_Sniper,0,1.0
base,SmallLivingSpace,Zombie,3,Veteran,10,0.5,180.0,480.0,480.0,GeneralZombie_Duty_Heavy,0,1.0
base,SmallLivingSpace,Zombie,3,Master,10,0.5,180.0,480.0,480.0,GeneralZombie_Bandit_CloseCombat,0,1.0
base,SmallLivingSpace,Zombie,3,Master,10,0.5,180.0,480.0,480.0,GeneralZombie_Bandit_Recon,0,1.0
base,SmallLivingSpace,Zombie,3,Master,10,0.5,180.0,480.0,480.0,GeneralZombie_Bandit_Stormtrooper,0,1.0
base,SmallLivingSpace,Zombie,3,Master,10,0.5,180.0,480.0,480.0,GeneralZombie_Bandit_Heavy,0,1.0
base,SmallLivingSpace,Zombie,3,Master,10,0.5,180.0,480.0,480.0,GeneralZombie_Neutral_CloseCombat,0,1.0
base,SmallLivingSpace,Zombie,3,Master,10,0.5,180.0,480.0,480.0,GeneralZombie_Neutral_Recon,0,1.0
base,SmallLivingSpace,Zombie,3,Master,10,0.5,180.0,480.0,480.0,GeneralZombie_Neutral_Stormtrooper,0,1.0
base,SmallLivingSpace,Zombie,3,Master,10,0.5,180.0,480.0,480.0,GeneralZombie_Neutral_Sniper,0,1.0
base,SmallLivingSpace,Zombie,3,Master,10,0.5,180.0,480.0,480.0,GeneralZombie_Corpus_CloseCombat,0,1.0
base,SmallLivingSpace,Zombie,3,Master,10,0.5,180.0,480.0,480.0,GeneralZombie_Corpus_Recon,0,1.0
base,SmallLivingSpace,Zombie,3,Master,10,0.5,180.0,480.0,480.0,GeneralZombie_Corpus_Stormtrooper,0,1.0
base,SmallLivingSpace,Zombie,3,Master,10,0.5,180.0,480.0,480.0,GeneralZombie_Corpus_Sniper,0,1.0
base,SmallLivingSpace,Zombie,3,Master,10,0.5,180.0,480.0,480.0,GeneralZombie_Corpus_Heavy,0,1.0
base,SmallLivingSpace,Zombie,3,Master,10,0.5,180.0,480.0,480.0,GeneralZombie_Freedom_CloseCombat,0,1.0
base,SmallLivingSpace,Zombie,3,Master,10,0.5,180.0,480.0,480.0,GeneralZombie_Freedom_Recon,0,1.0
base,SmallLivingSpace,Zombie,3,Master,10,0.5,180.0,480.0,480.0,GeneralZombie_Freedom_Stormtrooper,0,1.0
base,SmallLivingSpace,Zombie,3,Master,10,0.5,180.0,480.0,480.0,GeneralZombie_Freedom_Sniper,0,1.0
base,SmallLivingSpace,Zombie,3,Master,10,0.5,180.0,480.0,480.0,GeneralZombie_Duty_CloseCombat,0,1.0
base,SmallLivingSpace,Zombie,3,Master,10,0.5,180.0,480.0,480.0,GeneralZombie_Duty_Recon,0,1.0
base,SmallLivingSpace,Zombie,3,Master,10,0.5,180.0,480.0,480.0,GeneralZombie_Duty_Stormtrooper,0,1.0
base,SmallLivingSpace,Zombie,3,Master,10,0.5,180.0,480.0,480.0,GeneralZombie_Duty_Sniper,0,1.0
base,SmallLivingSpace,Zombie,3,Master,10,0.5,180.0,480.0,480.0,GeneralZombie_Duty_Heavy,0,1.0
base,SmallLivingSpace,Bayun,3,Newbie,2,0.5,180.0,480.0,480.0,Bayun,1,1.0
base,SmallLivingSpace,Bayun,3,Experienced,2,0.5,180.0,480.0,480.0,Bayun,1,1.0
base,SmallLivingSpace,Bayun,3,Veteran,2,0.5,180.0,480.0,480.0,Bayun,1,1.0
base,SmallLivingSpace,Bayun,3,Master,2,0.5,180.0,480.0,480.0,Bayun,1,1.0
base,SmallLivingSpace,Tushkan,3,Newbie,14,0.5,180.0,480.0,480.0,Tushkan,1,1.0
base,SmallLivingSpace,Tushkan,3,Experienced,16,0.5,180.0,480.0,480.0,Tushkan,1,1.0
base,SmallLivingSpace,Tushkan,3,Veteran,20,0.5,180.0,480.0,480.0,Tushkan,1,1.0
base,SmallLivingSpace,Tushkan,3,Master,24,0.5,180.0,480.0,480.0,Tushkan,1,1.0
base,BigLivingSpace,Militaries,3,Newbie,6,0.5,180.0,480.0,480.0,GeneralNPC_Militaries_CloseCombat,0,1.0
base,BigLivingSpace,Militaries,3,Newbie,6,0.5,180.0,480.0,480.0,GeneralNPC_Militaries_Recon,5,1.0
base,BigLivingSpace,Militaries,3,Newbie,6,0.5,180.0,480.0,480.0,GeneralNPC_Militaries_Stormtrooper,0,0
base,BigLivingSpace,Militaries,3,Newbie,6,0.5,180.0,480.0,480.0,GeneralNPC_Militaries_Sniper,0,0
base,BigLivingSpace,Militaries,3,Newbie,6,0.5,180.0,480.0,480.0,GeneralNPC_Militaries_Heavy,0,0
base,BigLivingSpace,Militaries,3,Experienced,6,0.5,180.0,480.0,480.0,GeneralNPC_Militaries_CloseCombat,1,1.0
base,BigLivingSpace,Militaries,3,Experienced,6,0.5,180.0,480.0,480.0,GeneralNPC_Militaries_Recon,1,1.0
base,BigLivingSpace,Militaries,3,Experienced,6,0.5,180.0,480.0,480.0,GeneralNPC_Militaries_Stormtrooper,1,1.0
base,BigLivingSpace,Militaries,3,Veteran,6,0.5,180.0,480.0,480.0,GeneralNPC_Militaries_CloseCombat,1,1.0
base,BigLivingSpace,Militaries,3,Veteran,6,0.5,180.0,480.0,480.0,GeneralNPC_Militaries_Recon,0,1.0
base,BigLivingSpace,Militaries,3,Veteran,6,0.5,180.0,480.0,480.0,GeneralNPC_Militaries_Stormtrooper,3,1.0
base,BigLivingSpace,Militaries,3,Veteran,6,0.5,180.0,480.0,480.0,GeneralNPC_Militaries_Heavy,0,1.0
base,BigLivingSpace,Militaries,3,Master,7,0.5,180.0,480.0,480.0,GeneralNPC_Militaries_CloseCombat,1,0.5
base,BigLivingSpace,Militaries,3,Master,7,0.5,180.0,480.0,480.0,GeneralNPC_Militaries_Recon,1,1.0
base,BigLivingSpace,Militaries,3,Master,7,0.5,180.0,480.0,480.0,GeneralNPC_Militaries_Stormtrooper,2,1.0
base,BigLivingSpace,Militaries,3,Master,7,0.5,180.0,480.0,480.0,GeneralNPC_Militaries_Sniper,1,0
base,BigLivingSpace,Militaries,3,Master,7,0.5,180.0,480.0,480.0,GeneralNPC_Militaries_Heavy,1,1.0
base,BigLivingSpace,Neutrals,3,Newbie,6,0.5,180.0,480.0,480.0,GeneralNPC_Neutral_CloseCombat,3,1
base,BigLivingSpace,Neutrals,3,Newbie,6,0.5,180.0,480.0,480.0,GeneralNPC_Neutral_Recon,1,1
base,BigLivingSpace,Neutrals,3,Newbie,6,0.5,180.0,480.0,480.0,GeneralNPC_Neutral_Sniper,0,0.2
base,BigLivingSpace,Neutrals,3,Newbie,6,0.5,180.0,480.0,480.0,GeneralNPC_Neutral_Stormtrooper,0,0
base,BigLivingSpace,Neutrals,3,Experienced,6,0.5,180.0,480.0,480.0,GeneralNPC_Neutral_CloseCombat,1,1.0
base,BigLivingSpace,Neutrals,3,Experienced,6,0.5,180.0,480.0,480.0,GeneralNPC_Neutral_Recon,1,2.0
base,BigLivingSpace,Neutrals,3,Experienced,6,0.5,180.0,480.0,480.0,GeneralNPC_Neutral_Stormtrooper,1,2.0
base,BigLivingSpace,Neutrals,3,Experienced,6,0.5,180.0,480.0,480.0,GeneralNPC_Neutral_Sniper,0,0
base,BigLivingSpace,Neutrals,3,Veteran,7,0.5,180.0,480.0,480.0,GeneralNPC_Neutral_CloseCombat,1,1.0
base,BigLivingSpace,Neutrals,3,Veteran,7,0.5,180.0,480.0,480.0,GeneralNPC_Neutral_Recon,1,1.0
base,BigLivingSpace,Neutrals,3,Veteran,7,0.5,180.0,480.0,480.0,GeneralNPC_Neutral_Stormtrooper,3,1.0
base,BigLivingSpace,Neutrals,3,Veteran,7,0.5,180.0,480.0,480.0,GeneralNPC_Neutral_Sniper,1,0.2
base,BigLivingSpace,Neutrals,3,Master,7,0.5,180.0,480.0,480.0,GeneralNPC_Neutral_CloseCombat,1,1.0
base,BigLivingSpace,Neutrals,3,Master,7,0.5,180.0,480.0,480.0,GeneralNPC_Neutral_Recon,0,1.0
base,BigLivingSpace,Neutrals,3,Master,7,0.5,180.0,480.0,480.0,GeneralNPC_Neutral_Stormtrooper,3,1.0
base,BigLivingSpace,Neutrals,3,Master,7,0.5,180.0,480.0,480.0,GeneralNPC_Neutral_Sniper,1,0.2
base,BigLivingSpace,Varta,3,Newbie,6,0.5,180.0,480.0,480.0,GeneralNPC_Varta_CloseCombat,1,1.0
base,BigLivingSpace,Varta,3,Newbie,6,0.5,180.0,480.0,480.0,GeneralNPC_Varta_Recon,4,1.0
base,BigLivingSpace,Varta,3,Newbie,6,0.5,180.0,480.0,480.0,GeneralNPC_Varta_Stormtrooper,0,0
base,BigLivingSpace,Varta,3,Newbie,6,0.5,180.0,480.0,480.0,GeneralNPC_Varta_Sniper,0,0
base,BigLivingSpace,Varta,3,Newbie,6,0.5,180.0,480.0,480.0,GeneralNPC_Varta_Heavy,0,0
base,BigLivingSpace,Varta,3,Experienced,6,0.5,180.0,480.0,480.0,GeneralNPC_Varta_CloseCombat,1,1.0
base,BigLivingSpace,Varta,3,Experienced,6,0.5,180.0,480.0,480.0,GeneralNPC_Varta_Recon,1,1.0
base,BigLivingSpace,Varta,3,Experienced,6,0.5,180.0,480.0,480.0,GeneralNPC_Varta_Stormtrooper,1,1.0
base,BigLivingSpace,Varta,3,Experienced,6,0.5,180.0,480.0,480.0,GeneralNPC_Varta_Sniper,0,0
base,BigLivingSpace,Varta,3,Experienced,6,0.5,180.0,480.0,480.0,GeneralNPC_Varta_Heavy,0,0
base,BigLivingSpace,Varta,3,Veteran,7,0.5,180.0,480.0,480.0,GeneralNPC_Varta_CloseCombat,1,1.0
base,BigLivingSpace,Varta,3,Veteran,7,0.5,180.0,480.0,480.0,GeneralNPC_Varta_Recon,1,1.0
base,BigLivingSpace,Varta,3,Veteran,7,0.5,180.0,480.0,480.0,GeneralNPC_Varta_Stormtrooper,2,1.0
base,BigLivingSpace,Varta,3,Veteran,7,0.5,180.0,480.0,480.0,GeneralNPC_Varta_Sniper,1,0.2
base,BigLivingSpace,Varta,3,Veteran,7,0.5,180.0,480.0,480.0,GeneralNPC_Varta_Heavy,0,0.5
base,BigLivingSpace,Varta,3,Master,7,0.5,180.0,480.0,480.0,GeneralNPC_Varta_CloseCombat,1,1.0
base,BigLivingSpace,Varta,3,Master,7,0.5,180.0,480.0,480.0,GeneralNPC_Varta_Recon,0,1.0
base,BigLivingSpace,Varta,3,Master,7,0.5,180.0,480.0,480.0,GeneralNPC_Varta_Stormtrooper,2,1.0
base,BigLivingSpace,Varta,3,Master,7,0.5,180.0,480.0,480.0,GeneralNPC_Varta_Sniper,1,0.2
base,BigLivingSpace,Varta,3,Master,7,0.5,180.0,480.0,480.0,GeneralNPC_Varta_Heavy,1,0.2
base,BigLivingSpace,Mercenaries,3,Newbie,6,0.5,180.0,480.0,480.0,GeneralNPC_Mercenaries_CloseCombat,0,1.0
base,BigLivingSpace,Mercenaries,3,Newbie,6,0.5,180.0,480.0,480.0,GeneralNPC_Mercenaries_Recon,4,1.0
base,BigLivingSpace,Mercenaries,3,Newbie,6,0.5,180.0,480.0,480.0,GeneralNPC_Mercenaries_Stormtrooper,0,0
base,BigLivingSpace,Mercenaries,3,Newbie,6,0.5,180.0,480.0,480.0,GeneralNPC_Mercenaries_Sniper,0,0
base,BigLivingSpace,Mercenaries,3,Experienced,6,0.5,180.0,480.0,480.0,GeneralNPC_Mercenaries_CloseCombat,1,1.0
base,BigLivingSpace,Mercenaries,3,Experienced,6,0.5,180.0,480.0,480.0,GeneralNPC_Mercenaries_Recon,1,1.0
base,BigLivingSpace,Mercenaries,3,Experienced,6,0.5,180.0,480.0,480.0,GeneralNPC_Mercenaries_Stormtrooper,1,1.0
base,BigLivingSpace,Mercenaries,3,Experienced,6,0.5,180.0,480.0,480.0,GeneralNPC_Mercenaries_Sniper,0,0
base,BigLivingSpace,Mercenaries,3,Veteran,7,0.5,180.0,480.0,480.0,GeneralNPC_Mercenaries_CloseCombat,1,1.0
base,BigLivingSpace,Mercenaries,3,Veteran,7,0.5,180.0,480.0,480.0,GeneralNPC_Mercenaries_Recon,0,1.0
base,BigLivingSpace,Mercenaries,3,Veteran,7,0.5,180.0,480.0,480.0,GeneralNPC_Mercenaries_Stormtrooper,3,1.0
base,BigLivingSpace,Mercenaries,3,Veteran,7,0.5,180.0,480.0,480.0,GeneralNPC_Mercenaries_Sniper,1,0.2
base,BigLivingSpace,Mercenaries,3,Master,7,0.5,180.0,480.0,480.0,GeneralNPC_Mercenaries_CloseCombat,1,1.0
base,BigLivingSpace,Mercenaries,3,Master,7,0.5,180.0,480.0,480.0,GeneralNPC_Mercenaries_Recon,0,2.0
base,BigLivingSpace,Mercenaries,3,Master,7,0.5,180.0,480.0,480.0,GeneralNPC_Mercenaries_Stormtrooper,3,1.0
base,BigLivingSpace,Mercenaries,3,Master,7,0.5,180.0,480.0,480.0,GeneralNPC_Mercenaries_Sniper,1,0.2
base,BigLivingSpace,Freedom,3,Newbie,6,0.5,180.0,480.0,480.0,GeneralNPC_Freedom_CloseCombat,1,1.0
base,BigLivingSpace,Freedom,3,Newbie,6,0.5,180.0,480.0,480.0,GeneralNPC_Freedom_Recon,4,1.0
base,BigLivingSpace,Freedom,3,Newbie,6,0.5,180.0,480.0,480.0,GeneralNPC_Freedom_Stormtrooper,1,1.0
base,BigLivingSpace,Freedom,3,Newbie,6,0.5,180.0,480.0,480.0,GeneralNPC_Freedom_Sniper,1,1.0
base,BigLivingSpace,Freedom,3,Experienced,6,0.5,180.0,480.0,480.0,GeneralNPC_Freedom_CloseCombat,0,1.0
base,BigLivingSpace,Freedom,3,Experienced,6,0.5,180.0,480.0,480.0,GeneralNPC_Freedom_Recon,1,1.0
base,BigLivingSpace,Freedom,3,Experienced,6,0.5,180.0,480.0,480.0,GeneralNPC_Freedom_Stormtrooper,1,1.0
base,BigLivingSpace,Freedom,3,Experienced,6,0.5,180.0,480.0,480.0,GeneralNPC_Freedom_Sniper,0,0.2
base,BigLivingSpace,Freedom,3,Veteran,7,0.5,180.0,480.0,480.0,GeneralNPC_Freedom_CloseCombat,1,1.0
base,BigLivingSpace,Freedom,3,Veteran,7,0.5,180.0,480.0,480.0,GeneralNPC_Freedom_Recon,1,1.0
base,BigLivingSpace,Freedom,3,Veteran,7,0.5,180.0,480.0,480.0,GeneralNPC_Freedom_Stormtrooper,2,1.0
base,BigLivingSpace,Freedom,3,Veteran,7,0.5,180.0,480.0,480.0,GeneralNPC_Freedom_Sniper,1,0.2
base,BigLivingSpace,Freedom,3,Master,7,0.5,180.0,480.0,480.0,GeneralNPC_Freedom_CloseCombat,1,1.0
base,BigLivingSpace,Freedom,3,Master,7,0.5,180.0,480.0,480.0,GeneralNPC_Freedom_Recon,1,1.0
base,BigLivingSpace,Freedom,3,Master,7,0.5,180.0,480.0,480.0,GeneralNPC_Freedom_Stormtrooper,2,1.0
base,BigLivingSpace,Freedom,3,Master,7,0.5,180.0,480.0,480.0,GeneralNPC_Freedom_Sniper,1,0.2
base,BigLivingSpace,Bandits,3,Newbie,6,0.5,180.0,480.0,480.0,GeneralNPC_Bandit_CloseCombat,3,1.0
base,BigLivingSpace,Bandits,3,Newbie,6,0.5,180.0,480.0,480.0,GeneralNPC_Bandit_Recon,1,1.0
base,BigLivingSpace,Bandits,3,Newbie,6,0.5,180.0,480.0,480.0,GeneralNPC_Bandit_Stormtrooper,0,0.0
base,BigLivingSpace,Bandits,3,Newbie,6,0.5,180.0,480.0,480.0,GeneralNPC_Bandit_Heavy,0,0.0
base,BigLivingSpace,Bandits,3,Experienced,6,0.5,180.0,480.0,480.0,GeneralNPC_Bandit_CloseCombat,1,1.0
base,BigLivingSpace,Bandits,3,Experienced,6,0.5,180.0,480.0,480.0,GeneralNPC_Bandit_Recon,1,1.0
base,BigLivingSpace,Bandits,3,Experienced,6,0.5,180.0,480.0,480.0,GeneralNPC_Bandit_Stormtrooper,1,0
base,BigLivingSpace,Bandits,3,Experienced,6,0.5,180.0,480.0,480.0,GeneralNPC_Bandit_Heavy,0,0.0
base,BigLivingSpace,Bandits,3,Veteran,7,0.5,180.0,480.0,480.0,GeneralNPC_Bandit_CloseCombat,1,1.0
base,BigLivingSpace,Bandits,3,Veteran,7,0.5,180.0,480.0,480.0,GeneralNPC_Bandit_Recon,1,1.0
base,BigLivingSpace,Bandits,3,Veteran,7,0.5,180.0,480.0,480.0,GeneralNPC_Bandit_Stormtrooper,3,1.0
base,BigLivingSpace,Bandits,3,Veteran,7,0.5,180.0,480.0,480.0,GeneralNPC_Bandit_Heavy,0,0
base,BigLivingSpace,Bandits,3,Master,8,0.5,180.0,480.0,480.0,GeneralNPC_Bandit_CloseCombat,1,1.0
base,BigLivingSpace,Bandits,3,Master,8,0.5,180.0,480.0,480.0,GeneralNPC_Bandit_Recon,1,1.0
base,BigLivingSpace,Bandits,3,Master,8,0.5,180.0,480.0,480.0,GeneralNPC_Bandit_Stormtrooper,3,1.0
base,BigLivingSpace,Bandits,3,Master,8,0.5,180.0,480.0,480.0,GeneralNPC_Bandit_Heavy,0,0
base,BigLivingSpace,Monolith,3,Newbie,6,0.5,180.0,480.0,480.0,GeneralNPC_Monolith_CloseCombat,1,1.0
base,BigLivingSpace,Monolith,3,Newbie,6,0.5,180.0,480.0,480.0,GeneralNPC_Monolith_Recon,2,1.0
base,BigLivingSpace,Monolith,3,Newbie,6,0.5,180.0,480.0,480.0,GeneralNPC_Monolith_Stormtrooper,2,1.0
base,BigLivingSpace,Monolith,3,Newbie,6,0.5,180.0,480.0,480.0,GeneralNPC_Monolith_Sniper,0,0
base,BigLivingSpace,Monolith,3,Experienced,6,0.5,180.0,480.0,480.0,GeneralNPC_Monolith_CloseCombat,1,1.0
base,BigLivingSpace,Monolith,3,Experienced,6,0.5,180.0,480.0,480.0,GeneralNPC_Monolith_Recon,1,1.0
base,BigLivingSpace,Monolith,3,Experienced,6,0.5,180.0,480.0,480.0,GeneralNPC_Monolith_Stormtrooper,1,1.0
base,BigLivingSpace,Monolith,3,Experienced,6,0.5,180.0,480.0,480.0,GeneralNPC_Monolith_Sniper,0,0
base,BigLivingSpace,Monolith,3,Veteran,8,0.5,180.0,480.0,480.0,GeneralNPC_Monolith_CloseCombat,1,1.0
base,BigLivingSpace,Monolith,3,Veteran,8,0.5,180.0,480.0,480.0,GeneralNPC_Monolith_Recon,1,1.0
base,BigLivingSpace,Monolith,3,Veteran,8,0.5,180.0,480.0,480.0,GeneralNPC_Monolith_Stormtrooper,3,1.0
base,BigLivingSpace,Monolith,3,Veteran,8,0.5,180.0,480.0,480.0,GeneralNPC_Monolith_Sniper,1,0.2
base,BigLivingSpace,Monolith,3,Master,8,0.5,180.0,480.0,480.0,GeneralNPC_Monolith_CloseCombat,1,1.0
base,BigLivingSpace,Monolith,3,Master,8,0.5,180.0,480.0,480.0,GeneralNPC_Monolith_Recon,1,1.0
base,BigLivingSpace,Monolith,3,Master,8,0.5,180.0,480.0,480.0,GeneralNPC_Monolith_Stormtrooper,3,1.0
base,BigLivingSpace,Monolith,3,Master,8,0.5,180.0,480.0,480.0,GeneralNPC_Monolith_Sniper,1,0.2
base,BigLivingSpace,Duty,3,Newbie,6,0.5,180.0,480.0,480.0,GeneralNPC_Duty_CloseCombat,1,1.0
base,BigLivingSpace,Duty,3,Newbie,6,0.5,180.0,480.0,480.0,GeneralNPC_Duty_Recon,4,1.0
base,BigLivingSpace,Duty,3,Newbie,6,0.5,180.0,480.0,480.0,GeneralNPC_Duty_Stormtrooper,0,0
base,BigLivingSpace,Duty,3,Newbie,6,0.5,180.0,480.0,480.0,GeneralNPC_Duty_Sniper,0,0
base,BigLivingSpace,Duty,3,Newbie,6,0.5,180.0,480.0,480.0,GeneralNPC_Duty_Heavy,0,0
base,BigLivingSpace,Duty,3,Experienced,6,0.5,180.0,480.0,480.0,GeneralNPC_Duty_CloseCombat,1,1.0
base,BigLivingSpace,Duty,3,Experienced,6,0.5,180.0,480.0,480.0,GeneralNPC_Duty_Recon,1,1.0
base,BigLivingSpace,Duty,3,Experienced,6,0.5,180.0,480.0,480.0,GeneralNPC_Duty_Stormtrooper,1,1.0
base,BigLivingSpace,Duty,3,Experienced,6,0.5,180.0,480.0,480.0,GeneralNPC_Duty_Sniper,0,0
base,BigLivingSpace,Duty,3,Experienced,6,0.5,180.0,480.0,480.0,GeneralNPC_Duty_Heavy,0,0
base,BigLivingSpace,Duty,3,Veteran,7,0.5,180.0,480.0,480.0,GeneralNPC_Duty_CloseCombat,1,1.0
base,BigLivingSpace,Duty,3,Veteran,7,0.5,180.0,480.0,480.0,GeneralNPC_Duty_Recon,0,1.0
base,BigLivingSpace,Duty,3,Veteran,7,0.5,180.0,480.0,480.0,GeneralNPC_Duty_Stormtrooper,3,1.0
base,BigLivingSpace,Duty,3,Veteran,7,0.5,180.0,480.0,480.0,GeneralNPC_Duty_Sniper,1,0.2
base,BigLivingSpace,Duty,3,Veteran,7,0.5,180.0,480.0,480.0,GeneralNPC_Duty_Heavy,0,0
base,BigLivingSpace,Duty,3,Master,7,0.5,180.0,480.0,480.0,GeneralNPC_Duty_CloseCombat,1,1.0
base,BigLivingSpace,Duty,3,Master,7,0.5,180.0,480.0,480.0,GeneralNPC_Duty_Recon,1,1.0
base,BigLivingSpace,Duty,3,Master,7,0.5,180.0,480.0,480.0,GeneralNPC_Duty_Stormtrooper,2,1.0
base,BigLivingSpace,Duty,3,Master,7,0.5,180.0,480.0,480.0,GeneralNPC_Duty_Sniper,1,0.2
base,BigLivingSpace,Duty,3,Master,7,0.5,180.0,480.0,480.0,GeneralNPC_Duty_Heavy,0,0.5
base,BigLivingSpace,Noon,3,Newbie,6,0.5,180.0,480.0,480.0,GeneralNPC_Noon_CloseCombat,0,1.0
base,BigLivingSpace,Noon,3,Newbie,6,0.5,180.0,480.0,480.0,GeneralNPC_Noon_Recon,2,1.0
base,BigLivingSpace,Noon,3,Newbie,6,0.5,180.0,480.0,480.0,GeneralNPC_Noon_Stormtrooper,2,1.0
base,BigLivingSpace,Noon,3,Experienced,6,0.5,180.0,480.0,480.0,GeneralNPC_Noon_CloseCombat,1,1.0
base,BigLivingSpace,Noon,3,Experienced,6,0.5,180.0,480.0,480.0,GeneralNPC_Noon_Recon,1,1.0
base,BigLivingSpace,Noon,3,Experienced,6,0.5,180.0,480.0,480.0,GeneralNPC_Noon_Stormtrooper,1,1.0
base,BigLivingSpace,Noon,3,Veteran,7,0.5,180.0,480.0,480.0,GeneralNPC_Noon_CloseCombat,1,1.0
base,BigLivingSpace,Noon,3,Veteran,7,0.5,180.0,480.0,480.0,GeneralNPC_Noon_Recon,1,1.0
base,BigLivingSpace,Noon,3,Veteran,7,0.5,180.0,480.0,480.0,GeneralNPC_Noon_Stormtrooper,3,1.0
base,BigLivingSpace,Noon,3,Master,7,0.5,180.0,480.0,480.0,GeneralNPC_Noon_CloseCombat,1,1.0
base,BigLivingSpace,Noon,3,Master,7,0.5,180.0,480.0,480.0,GeneralNPC_Noon_Recon,1,1.0
base,BigLivingSpace,Noon,3,Master,7,0.5,180.0,480.0,480.0,GeneralNPC_Noon_Stormtrooper,3,1.0
base,BigLivingSpace,Scientists,3,Newbie,6,0.5,180.0,480.0,480.0,GeneralNPC_Scientists_Recon,1,1.0
base,BigLivingSpace,Scientists,3,Newbie,6,0.5,180.0,480.0,480.0,GeneralNPC_Scientists_Stormtrooper,1,1.0
base,BigLivingSpace,Scientists,3,Experienced,6,0.5,180.0,480.0,480.0,GeneralNPC_Scientists_Recon,4,1.0
base,BigLivingSpace,Scientists,3,Experienced,6,0.5,180.0,480.0,480.0,GeneralNPC_Scientists_Stormtrooper,1,1.0
base,BigLivingSpace,Scientists,3,Veteran,7,0.5,180.0,480.0,480.0,GeneralNPC_Scientists_Recon,1,1.0
base,BigLivingSpace,Scientists,3,Veteran,7,0.5,180.0,480.0,480.0,GeneralNPC_Scientists_Stormtrooper,4,1.0
base,BigLivingSpace,Scientists,3,Master,7,0.5,180.0,480.0,480.0,GeneralNPC_Scientists_Recon,1,1.0
base,BigLivingSpace,Scientists,3,Master,7,0.5,180.0,480.0,480.0,GeneralNPC_Scientists_Stormtrooper,3,1.0
base,BigLivingSpace,Spark,3,Newbie,6,0.5,180.0,480.0,480.0,GeneralNPC_Spark_CloseCombat,4,1.0
base,BigLivingSpace,Spark,3,Newbie,6,0.5,180.0,480.0,480.0,GeneralNPC_Spark_Recon,1,1.0
base,BigLivingSpace,Spark,3,Newbie,6,0.5,180.0,480.0,480.0,GeneralNPC_Spark_Stormtrooper,0,0
base,BigLivingSpace,Spark,3,Newbie,6,0.5,180.0,480.0,480.0,GeneralNPC_Spark_Sniper,0,0
base,BigLivingSpace,Spark,3,Experienced,6,0.5,180.0,480.0,480.0,GeneralNPC_Spark_CloseCombat,1,1.0
base,BigLivingSpace,Spark,3,Experienced,6,0.5,180.0,480.0,480.0,GeneralNPC_Spark_Recon,1,1.0
base,BigLivingSpace,Spark,3,Experienced,6,0.5,180.0,480.0,480.0,GeneralNPC_Spark_Stormtrooper,1,1.0
base,BigLivingSpace,Spark,3,Experienced,6,0.5,180.0,480.0,480.0,GeneralNPC_Spark_Sniper,0,0.2
base,BigLivingSpace,Spark,3,Veteran,7,0.5,180.0,480.0,480.0,GeneralNPC_Spark_CloseCombat,1,1.0
base,BigLivingSpace,Spark,3,Veteran,7,0.5,180.0,480.0,480.0,GeneralNPC_Spark_Recon,0,1.0
base,BigLivingSpace,Spark,3,Veteran,7,0.5,180.0,480.0,480.0,GeneralNPC_Spark_Stormtrooper,3,1.0
base,BigLivingSpace,Spark,3,Veteran,7,0.5,180.0,480.0,480.0,GeneralNPC_Spark_Sniper,1,0.2
base,BigLivingSpace,Spark,3,Master,7,0.5,180.0,480.0,480.0,GeneralNPC_Spark_CloseCombat,1,1.0
base,BigLivingSpace,Spark,3,Master,7,0.5,180.0,480.0,480.0,GeneralNPC_Spark_Recon,0,1.0
base,BigLivingSpace,Spark,3,Master,7,0.5,180.0,480.0,480.0,GeneralNPC_Spark_Stormtrooper,3,1.0
base,BigLivingSpace,Spark,3,Master,7,0.5,180.0,480.0,480.0,GeneralNPC_Spark_Sniper,1,0.2
base,BigLivingSpace,Corpus,3,Newbie,6,0.5,180.0,480.0,480.0,GeneralNPC_Corpus_CloseCombat,1,1.0
base,BigLivingSpace,Corpus,3,Newbie,6,0.5,180.0,480.0,480.0,GeneralNPC_Corpus_Recon,4,1.0
base,BigLivingSpace,Corpus,3,Newbie,6,0.5,180.0,480.0,480.0,GeneralNPC_Corpus_Stormtrooper,0,0
base,BigLivingSpace,Corpus,3,Newbie,6,0.5,180.0,480.0,480.0,GeneralNPC_Corpus_Sniper,0,0
base,BigLivingSpace,Corpus,3,Newbie,6,0.5,180.0,480.0,480.0,GeneralNPC_Corpus_Heavy,0,0
base,BigLivingSpace,Corpus,3,Experienced,6,0.5,180.0,480.0,480.0,GeneralNPC_Corpus_CloseCombat,0,1.0
base,BigLivingSpace,Corpus,3,Experienced,6,0.5,180.0,480.0,480.0,GeneralNPC_Corpus_Recon,1,1.0
base,BigLivingSpace,Corpus,3,Experienced,6,0.5,180.0,480.0,480.0,GeneralNPC_Corpus_Stormtrooper,2,1.0
base,BigLivingSpace,Corpus,3,Experienced,6,0.5,180.0,480.0,480.0,GeneralNPC_Corpus_Sniper,0,0
base,BigLivingSpace,Corpus,3,Experienced,6,0.5,180.0,480.0,480.0,GeneralNPC_Corpus_Heavy,0,0
base,BigLivingSpace,Corpus,3,Veteran,7,0.5,180.0,480.0,480.0,GeneralNPC_Corpus_CloseCombat,1,1.0
base,BigLivingSpace,Corpus,3,Veteran,7,0.5,180.0,480.0,480.0,GeneralNPC_Corpus_Recon,1,1.0
base,BigLivingSpace,Corpus,3,Veteran,7,0.5,180.0,480.0,480.0,GeneralNPC_Corpus_Stormtrooper,2,1.0
base,BigLivingSpace,Corpus,3,Veteran,7,0.5,180.0,480.0,480.0,GeneralNPC_Corpus_Sniper,0,0
base,BigLivingSpace,Corpus,3,Veteran,7,0.5,180.0,480.0,480.0,GeneralNPC_Corpus_Heavy,1,0.2
base,BigLivingSpace,Corpus,3,Master,7,0.5,180.0,480.0,480.0,GeneralNPC_Corpus_CloseCombat,0,1.0
base,BigLivingSpace,Corpus,3,Master,7,0.5,180.0,480.0,480.0,GeneralNPC_Corpus_Recon,0,1.0
base,BigLivingSpace,Corpus,3,Master,7,0.5,180.0,480.0,480.0,GeneralNPC_Corpus_Stormtrooper,3,1.0
base,BigLivingSpace,Corpus,3,Master,7,0.5,180.0,480.0,480.0,GeneralNPC_Corpus_Sniper,1,0.2
base,BigLivingSpace,Corpus,3,Master,7,0.5,180.0,480.0,480.0,GeneralNPC_Corpus_Heavy,1,0.2
base,BigLivingSpace,Blinddog,3,Newbie,9,0.5,180.0,480.0,480.0,Blinddog,1,1.0
base,BigLivingSpace,Blinddog,3,Experienced,9,0.5,180.0,480.0,480.0,Blinddog,1,1.0
base,BigLivingSpace,Blinddog,3,Veteran,9,0.5,180.0,480.0,480.0,Blinddog,1,1.0
base,BigLivingSpace,Blinddog,3,Master,9,0.5,180.0,480.0,480.0,Blinddog,1,1.0
base,BigLivingSpace,Bloodsucker,3,Newbie,2,0.5,180.0,480.0,480.0,Bloodsucker,1,1.0
base,BigLivingSpace,Bloodsucker,3,Experienced,2,0.5,180.0,480.0,480.0,Bloodsucker,1,1.0
base,BigLivingSpace,Bloodsucker,3,Veteran,3,0.5,180.0,480.0,480.0,Bloodsucker,1,1.0
base,BigLivingSpace,Bloodsucker,3,Master,3,0.5,180.0,480.0,480.0,Bloodsucker,1,1.0
base,BigLivingSpace,Boar,3,Newbie,5,0.5,180.0,480.0,480.0,Boar,1,1.0
base,BigLivingSpace,Boar,3,Experienced,5,0.5,180.0,480.0,480.0,Boar,1,1.0
base,BigLivingSpace,Boar,3,Veteran,5,0.5,180.0,480.0,480.0,Boar,1,1.0
base,BigLivingSpace,Boar,3,Master,5,0.5,180.0,480.0,480.0,Boar,1,1.0
base,BigLivingSpace,Flesh,3,Newbie,5,0.5,180.0,480.0,480.0,Flesh,1,1.0
base,BigLivingSpace,Flesh,3,Experienced,5,0.5,180.0,480.0,480.0,Flesh,1,1.0
base,BigLivingSpace,Flesh,3,Veteran,5,0.5,180.0,480.0,480.0,Flesh,1,1.0
base,BigLivingSpace,Flesh,3,Master,6,0.5,180.0,480.0,480.0,Flesh,1,1.0
base,BigLivingSpace,Zombie,3,Newbie,6,0.5,180.0,480.0,480.0,GeneralZombie_Bandit_CloseCombat,0,1.0
base,BigLivingSpace,Zombie,3,Newbie,6,0.5,180.0,480.0,480.0,GeneralZombie_Bandit_Recon,0,1.0
base,BigLivingSpace,Zombie,3,Newbie,6,0.5,180.0,480.0,480.0,GeneralZombie_Bandit_Stormtrooper,0,1.0
base,BigLivingSpace,Zombie,3,Newbie,6,0.5,180.0,480.0,480.0,GeneralZombie_Bandit_Heavy,0,1.0
base,BigLivingSpace,Zombie,3,Newbie,6,0.5,180.0,480.0,480.0,GeneralZombie_Neutral_CloseCombat,0,1.0
base,BigLivingSpace,Zombie,3,Newbie,6,0.5,180.0,480.0,480.0,GeneralZombie_Neutral_Recon,0,1.0
base,BigLivingSpace,Zombie,3,Newbie,6,0.5,180.0,480.0,480.0,GeneralZombie_Neutral_Stormtrooper,0,1.0
base,BigLivingSpace,Zombie,3,Newbie,6,0.5,180.0,480.0,480.0,GeneralZombie_Neutral_Sniper,0,1.0
base,BigLivingSpace,Zombie,3,Newbie,6,0.5,180.0,480.0,480.0,GeneralZombie_Corpus_CloseCombat,0,1.0
base,BigLivingSpace,Zombie,3,Newbie,6,0.5,180.0,480.0,480.0,GeneralZombie_Corpus_Recon,0,1.0
base,BigLivingSpace,Zombie,3,Newbie,6,0.5,180.0,480.0,480.0,GeneralZombie_Corpus_Stormtrooper,0,1.0
base,BigLivingSpace,Zombie,3,Newbie,6,0.5,180.0,480.0,480.0,GeneralZombie_Corpus_Sniper,0,1.0
base,BigLivingSpace,Zombie,3,Newbie,6,0.5,180.0,480.0,480.0,GeneralZombie_Corpus_Heavy,0,1.0
base,BigLivingSpace,Zombie,3,Newbie,6,0.5,180.0,480.0,480.0,GeneralZombie_Freedom_CloseCombat,0,1.0
base,BigLivingSpace,Zombie,3,Newbie,6,0.5,180.0,480.0,480.0,GeneralZombie_Freedom_Recon,0,1.0
base,BigLivingSpace,Zombie,3,Newbie,6,0.5,180.0,480.0,480.0,GeneralZombie_Freedom_Stormtrooper,0,1.0
base,BigLivingSpace,Zombie,3,Newbie,6,0.5,180.0,480.0,480.0,GeneralZombie_Freedom_Sniper,0,1.0
base,BigLivingSpace,Zombie,3,Newbie,6,0.5,180.0,480.0,480.0,GeneralZombie_Duty_CloseCombat,0,1.0
base,BigLivingSpace,Zombie,3,Newbie,6,0.5,180.0,480.0,480.0,GeneralZombie_Duty_Recon,0,1.0
base,BigLivingSpace,Zombie,3,Newbie,6,0.5,180.0,480.0,480.0,GeneralZombie_Duty_Stormtrooper,0,1.0
base,BigLivingSpace,Zombie,3,Newbie,6,0.5,180.0,480.0,480.0,GeneralZombie_Duty_Sniper,0,1.0
base,BigLivingSpace,Zombie,3,Newbie,6,0.5,180.0,480.0,480.0,GeneralZombie_Duty_Heavy,0,1.0
base,BigLivingSpace,Zombie,3,Experienced,8,0.5,180.0,480.0,480.0,GeneralZombie_Bandit_CloseCombat,0,1.0
base,BigLivingSpace,Zombie,3,Experienced,8,0.5,180.0,480.0,480.0,GeneralZombie_Bandit_Recon,0,1.0
base,BigLivingSpace,Zombie,3,Experienced,8,0.5,180.0,480.0,480.0,GeneralZombie_Bandit_Stormtrooper,0,1.0
base,BigLivingSpace,Zombie,3,Experienced,8,0.5,180.0,480.0,480.0,GeneralZombie_Bandit_Heavy,0,1.0
base,BigLivingSpace,Zombie,3,Experienced,8,0.5,180.0,480.0,480.0,GeneralZombie_Neutral_CloseCombat,0,1.0
base,BigLivingSpace,Zombie,3,Experienced,8,0.5,180.0,480.0,480.0,GeneralZombie_Neutral_Recon,0,1.0
base,BigLivingSpace,Zombie,3,Experienced,8,0.5,180.0,480.0,480.0,GeneralZombie_Neutral_Stormtrooper,0,1.0
base,BigLivingSpace,Zombie,3,Experienced,8,0.5,180.0,480.0,480.0,GeneralZombie_Neutral_Sniper,0,1.0
base,BigLivingSpace,Zombie,3,Experienced,8,0.5,180.0,480.0,480.0,GeneralZombie_Corpus_CloseCombat,0,1.0
base,BigLivingSpace,Zombie,3,Experienced,8,0.5,180.0,480.0,480.0,GeneralZombie_Corpus_Recon,0,1.0
base,BigLivingSpace,Zombie,3,Experienced,8,0.5,180.0,480.0,480.0,GeneralZombie_Corpus_Stormtrooper,0,1.0
base,BigLivingSpace,Zombie,3,Experienced,8,0.5,180.0,480.0,480.0,GeneralZombie_Corpus_Sniper,0,1.0
base,BigLivingSpace,Zombie,3,Experienced,8,0.5,180.0,480.0,480.0,GeneralZombie_Corpus_Heavy,0,1.0
base,BigLivingSpace,Zombie,3,Experienced,8,0.5,180.0,480.0,480.0,GeneralZombie_Freedom_CloseCombat,0,1.0
base,BigLivingSpace,Zombie,3,Experienced,8,0.5,180.0,480.0,480.0,GeneralZombie_Freedom_Recon,0,1.0
base,BigLivingSpace,Zombie,3,Experienced,8,0.5,180.0,480.0,480.0,GeneralZombie_Freedom_Stormtrooper,0,1.0
base,BigLivingSpace,Zombie,3,Experienced,8,0.5,180.0,480.0,480.0,GeneralZombie_Freedom_Sniper,0,1.0
base,BigLivingSpace,Zombie,3,Experienced,8,0.5,180.0,480.0,480.0,GeneralZombie_Duty_CloseCombat,0,1.0
base,BigLivingSpace,Zombie,3,Experienced,8,0.5,180.0,480.0,480.0,GeneralZombie_Duty_Recon,0,1.0
base,BigLivingSpace,Zombie,3,Experienced,8,0.5,180.0,480.0,480.0,GeneralZombie_Duty_Stormtrooper,0,1.0
base,BigLivingSpace,Zombie,3,Experienced,8,0.5,180.0,480.0,480.0,GeneralZombie_Duty_Sniper,0,1.0
base,BigLivingSpace,Zombie,3,Experienced,8,0.5,180.0,480.0,480.0,GeneralZombie_Duty_Heavy,0,1.0
base,BigLivingSpace,Zombie,3,Veteran,10,0.5,180.0,480.0,480.0,GeneralZombie_Bandit_CloseCombat,0,1.0
base,BigLivingSpace,Zombie,3,Veteran,10,0.5,180.0,480.0,480.0,GeneralZombie_Bandit_Recon,0,1.0
base,BigLivingSpace,Zombie,3,Veteran,10,0.5,180.0,480.0,480.0,GeneralZombie_Bandit_Stormtrooper,0,1.0
base,BigLivingSpace,Zombie,3,Veteran,10,0.5,180.0,480.0,480.0,GeneralZombie_Bandit_Heavy,0,1.0
base,BigLivingSpace,Zombie,3,Veteran,10,0.5,180.0,480.0,480.0,GeneralZombie_Neutral_CloseCombat,0,1.0
base,BigLivingSpace,Zombie,3,Veteran,10,0.5,180.0,480.0,480.0,GeneralZombie_Neutral_Recon,0,1.0
base,BigLivingSpace,Zombie,3,Veteran,10,0.5,180.0,480.0,480.0,GeneralZombie_Neutral_Stormtrooper,0,1.0
base,BigLivingSpace,Zombie,3,Veteran,10,0.5,180.0,480.0,480.0,GeneralZombie_Neutral_Sniper,0,1.0
base,BigLivingSpace,Zombie,3,Veteran,10,0.5,180.0,480.0,480.0,GeneralZombie_Corpus_CloseCombat,0,1.0
base,BigLivingSpace,Zombie,3,Veteran,10,0.5,180.0,480.0,480.0,GeneralZombie_Corpus_Recon,0,1.0
base,BigLivingSpace,Zombie,3,Veteran,10,0.5,180.0,480.0,480.0,GeneralZombie_Corpus_Stormtrooper,0,1.0
base,BigLivingSpace,Zombie,3,Veteran,10,0.5,180.0,480.0,480.0,GeneralZombie_Corpus_Sniper,0,1.0
base,BigLivingSpace,Zombie,3,Veteran,10,0.5,180.0,480.0,480.0,GeneralZombie_Corpus_Heavy,0,1.0
base,BigLivingSpace,Zombie,3,Veteran,10,0.5,180.0,480.0,480.0,GeneralZombie_Freedom_CloseCombat,0,1.0
base,BigLivingSpace,Zombie,3,Veteran,10,0.5,180.0,480.0,480.0,GeneralZombie_Freedom_Recon,0,1.0
base,BigLivingSpace,Zombie,3,Veteran,10,0.5,180.0,480.0,480.0,GeneralZombie_Freedom_Stormtrooper,0,1.0
base,BigLivingSpace,Zombie,3,Veteran,10,0.5,180.0,480.0,480.0,GeneralZombie_Freedom_Sniper,0,1.0
base,BigLivingSpace,Zombie,3,Veteran,10,0.5,180.0,480.0,480.0,GeneralZombie_Duty_CloseCombat,0,1.0
base,BigLivingSpace,Zombie,3,Veteran,10,0.5,180.0,480.0,480.0,GeneralZombie_Duty_Recon,0,1.0
base,BigLivingSpace,Zombie,3,Veteran,10,0.5,180.0,480.0,480.0,GeneralZombie_Duty_Stormtrooper,0,1.0
base,BigLivingSpace,Zombie,3,Veteran,10,0.5,180.0,480.0,480.0,GeneralZombie_Duty_Sniper,0,1.0
base,BigLivingSpace,Zombie,3,Veteran,10,0.5,180.0,480.0,480.0,GeneralZombie_Duty_Heavy,0,1.0
base,BigLivingSpace,Zombie,3,Master,10,0.5,180.0,480.0,480.0,GeneralZombie_Bandit_CloseCombat,0,1.0
base,BigLivingSpace,Zombie,3,Master,10,0.5,180.0,480.0,480.0,GeneralZombie_Bandit_Recon,0,1.0
base,BigLivingSpace,Zombie,3,Master,10,0.5,180.0,480.0,480.0,GeneralZombie_Bandit_Stormtrooper,0,1.0
base,BigLivingSpace,Zombie,3,Master,10,0.5,180.0,480.0,480.0,GeneralZombie_Bandit_Heavy,0,1.0
base,BigLivingSpace,Zombie,3,Master,10,0.5,180.0,480.0,480.0,GeneralZombie_Neutral_CloseCombat,0,1.0
base,BigLivingSpace,Zombie,3,Master,10,0.5,180.0,480.0,480.0,GeneralZombie_Neutral_Recon,0,1.0
base,BigLivingSpace,Zombie,3,Master,10,0.5,180.0,480.0,480.0,GeneralZombie_Neutral_Stormtrooper,0,1.0
base,BigLivingSpace,Zombie,3,Master,10,0.5,180.0,480.0,480.0,GeneralZombie_Neutral_Sniper,0,1.0
base,BigLivingSpace,Zombie,3,Master,10,0.5,180.0,480.0,480.0,GeneralZombie_Corpus_CloseCombat,0,1.0
base,BigLivingSpace,Zombie,3,Master,10,0.5,180.0,480.0,480.0,GeneralZombie_Corpus_Recon,0,1.0
base,BigLivingSpace,Zombie,3,Master,10,0.5,180.0,480.0,480.0,GeneralZombie_Corpus_Stormtrooper,0,1.0
base,BigLivingSpace,Zombie,3,Master,10,0.5,180.0,480.0,480.0,GeneralZombie_Corpus_Sniper,0,1.0
base,BigLivingSpace,Zombie,3,Master,10,0.5,180.0,480.0,480.0,GeneralZombie_Corpus_Heavy,0,1.0
base,BigLivingSpace,Zombie,3,Master,10,0.5,180.0,480.0,480.0,GeneralZombie_Freedom_CloseCombat,0,1.0
base,BigLivingSpace,Zombie,3,Master,10,0.5,180.0,480.0,480.0,GeneralZombie_Freedom_Recon,0,1.0
base,BigLivingSpace,Zombie,3,Master,10,0.5,180.0,480.0,480.0,GeneralZombie_Freedom_Stormtrooper,0,1.0
base,BigLivingSpace,Zombie,3,Master,10,0.5,180.0,480.0,480.0,GeneralZombie_Freedom_Sniper,0,1.0
base,BigLivingSpace,Zombie,3,Master,10,0.5,180.0,480.0,480.0,GeneralZombie_Duty_CloseCombat,0,1.0
base,BigLivingSpace,Zombie,3,Master,10,0.5,180.0,480.0,480.0,GeneralZombie_Duty_Recon,0,1.0
base,BigLivingSpace,Zombie,3,Master,10,0.5,180.0,480.0,480.0,GeneralZombie_Duty_Stormtrooper,0,1.0
base,BigLivingSpace,Zombie,3,Master,10,0.5,180.0,480.0,480.0,GeneralZombie_Duty_Sniper,0,1.0
base,BigLivingSpace,Zombie,3,Master,10,0.5,180.0,480.0,480.0,GeneralZombie_Duty_Heavy,0,1.0
base,BigLivingSpace,Snork,3,Newbie,8,0.5,180.0,480.0,480.0,Snork,1,1.0
base,BigLivingSpace,Snork,3,Experienced,8,0.5,180.0,480.0,480.0,Snork,1,1.0
base,BigLivingSpace,Snork,3,Veteran,9,0.5,180.0,480.0,480.0,Snork,1,1.0
base,BigLivingSpace,Snork,3,Master,9,0.5,180.0,480.0,480.0,Snork,1,1.0
base,BigLivingSpace,Pseudodog,3,Newbie,1,1.0,180.0,480.0,480.0,PseudoDog,1,1.0
base,BigLivingSpace,Pseudodog,3,Experienced,1,1.0,180.0,480.0,480.0,PseudoDog,1,1.0
base,BigLivingSpace,Pseudodog,3,Veteran,2,0.5,180.0,480.0,480.0,PseudoDog,1,1.0
base,BigLivingSpace,Pseudodog,3,Master,2,0.5,180.0,480.0,480.0,PseudoDog,1,1.0
base,BigLivingSpace,Bayun,3,Newbie,2,0.5,180.0,480.0,480.0,Bayun,1,1.0
base,BigLivingSpace,Bayun,3,Experienced,2,0.5,180.0,480.0,480.0,Bayun,1,1.0
base,BigLivingSpace,Bayun,3,Veteran,2,0.5,180.0,480.0,480.0,Bayun,1,1.0
base,BigLivingSpace,Bayun,3,Master,2,0.5,180.0,480.0,480.0,Bayun,1,1.0
base,BigLivingSpace,Tushkan,3,Newbie,14,0.5,180.0,480.0,480.0,Tushkan,1,1.0
base,BigLivingSpace,Tushkan,3,Experienced,16,0.5,180.0,480.0,480.0,Tushkan,1,1.0
base,BigLivingSpace,Tushkan,3,Veteran,20,0.5,180.0,480.0,480.0,Tushkan,1,1.0
base,BigLivingSpace,Tushkan,3,Master,24,0.5,180.0,480.0,480.0,Tushkan,1,1.0
base,WildUnderground,Bloodsucker,3,Newbie,2,0.5,180.0,480.0,480.0,Bloodsucker,1,1.0
base,WildUnderground,Bloodsucker,3,Experienced,2,0.5,180.0,480.0,480.0,Bloodsucker,1,1.0
base,WildUnderground,Bloodsucker,3,Veteran,3,0.5,180.0,480.0,480.0,Bloodsucker,1,1.0
base,WildUnderground,Bloodsucker,3,Master,3,0.5,180.0,480.0,480.0,Bloodsucker,1,1.0
base,WildUnderground,Zombie,3,Newbie,6,0.5,180.0,480.0,480.0,GeneralZombie_Bandit_CloseCombat,0,1.0
base,WildUnderground,Zombie,3,Newbie,6,0.5,180.0,480.0,480.0,GeneralZombie_Bandit_Recon,0,1.0
base,WildUnderground,Zombie,3,Newbie,6,0.5,180.0,480.0,480.0,GeneralZombie_Bandit_Stormtrooper,0,1.0
base,WildUnderground,Zombie,3,Newbie,6,0.5,180.0,480.0,480.0,GeneralZombie_Bandit_Heavy,0,1.0
base,WildUnderground,Zombie,3,Newbie,6,0.5,180.0,480.0,480.0,GeneralZombie_Neutral_CloseCombat,0,1.0
base,WildUnderground,Zombie,3,Newbie,6,0.5,180.0,480.0,480.0,GeneralZombie_Neutral_Recon,0,1.0
base,WildUnderground,Zombie,3,Newbie,6,0.5,180.0,480.0,480.0,GeneralZombie_Neutral_Stormtrooper,0,1.0
base,WildUnderground,Zombie,3,Newbie,6,0.5,180.0,480.0,480.0,GeneralZombie_Neutral_Sniper,0,1.0
base,WildUnderground,Zombie,3,Newbie,6,0.5,180.0,480.0,480.0,GeneralZombie_Corpus_CloseCombat,0,1.0
base,WildUnderground,Zombie,3,Newbie,6,0.5,180.0,480.0,480.0,GeneralZombie_Corpus_Recon,0,1.0
base,WildUnderground,Zombie,3,Newbie,6,0.5,180.0,480.0,480.0,GeneralZombie_Corpus_Stormtrooper,0,1.0
base,WildUnderground,Zombie,3,Newbie,6,0.5,180.0,480.0,480.0,GeneralZombie_Corpus_Sniper,0,1.0
base,WildUnderground,Zombie,3,Newbie,6,0.5,180.0,480.0,480.0,GeneralZombie_Corpus_Heavy,0,1.0
base,WildUnderground,Zombie,3,Newbie,6,0.5,180.0,480.0,480.0,GeneralZombie_Freedom_CloseCombat,0,1.0
base,WildUnderground,Zombie,3,Newbie,6,0.5,180.0,480.0,480.0,GeneralZombie_Freedom_Recon,0,1.0
base,WildUnderground,Zombie,3,Newbie,6,0.5,180.0,480.0,480.0,GeneralZombie_Freedom_Stormtrooper,0,1.0
base,WildUnderground,Zombie,3,Newbie,6,0.5,180.0,480.0,480.0,GeneralZombie_Freedom_Sniper,0,1.0
base,WildUnderground,Zombie,3,Newbie,6,0.5,180.0,480.0,480.0,GeneralZombie_Duty_CloseCombat,0,1.0
base,WildUnderground,Zombie,3,Newbie,6,0.5,180.0,480.0,480.0,GeneralZombie_Duty_Recon,0,1.0
base,WildUnderground,Zombie,3,Newbie,6,0.5,180.0,480.0,480.0,GeneralZombie_Duty_Stormtrooper,0,1.0
base,WildUnderground,Zombie,3,Newbie,6,0.5,180.0,480.0,480.0,GeneralZombie_Duty_Sniper,0,1.0
base,WildUnderground,Zombie,3,Newbie,6,0.5,180.0,480.0,480.0,GeneralZombie_Duty_Heavy,0,1.0
base,WildUnderground,Zombie,3,Experienced,8,0.5,180.0,480.0,480.0,GeneralZombie_Bandit_CloseCombat,0,1.0
base,WildUnderground,Zombie,3,Experienced,8,0.5,180.0,480.0,480.0,GeneralZombie_Bandit_Recon,0,1.0
base,WildUnderground,Zombie,3,Experienced,8,0.5,180.0,480.0,480.0,GeneralZombie_Bandit_Stormtrooper,0,1.0
base,WildUnderground,Zombie,3,Experienced,8,0.5,180.0,480.0,480.0,GeneralZombie_Bandit_Heavy,0,1.0
base,WildUnderground,Zombie,3,Experienced,8,0.5,180.0,480.0,480.0,GeneralZombie_Neutral_CloseCombat,0,1.0
base,WildUnderground,Zombie,3,Experienced,8,0.5,180.0,480.0,480.0,GeneralZombie_Neutral_Recon,0,1.0
base,WildUnderground,Zombie,3,Experienced,8,0.5,180.0,480.0,480.0,GeneralZombie_Neutral_Stormtrooper,0,1.0
base,WildUnderground,Zombie,3,Experienced,8,0.5,180.0,480.0,480.0,GeneralZombie_Neutral_Sniper,0,1.0
base,WildUnderground,Zombie,3,Experienced,8,0.5,180.0,480.0,480.0,GeneralZombie_Corpus_CloseCombat,0,1.0
base,WildUnderground,Zombie,3,Experienced,8,0.5,180.0,480.0,480.0,GeneralZombie_Corpus_Recon,0,1.0
base,WildUnderground,Zombie,3,Experienced,8,0.5,180.0,480.0,480.0,GeneralZombie_Corpus_Stormtrooper,0,1.0
base,WildUnderground,Zombie,3,Experienced,8,0.5,180.0,480.0,480.0,GeneralZombie_Corpus_Sniper,0,1.0
base,WildUnderground,Zombie,3,Experienced,8,0.5,180.0,480.0,480.0,GeneralZombie_Corpus_Heavy,0,1.0
base,WildUnderground,Zombie,3,Experienced,8,0.5,180.0,480.0,480.0,GeneralZombie_Freedom_CloseCombat,0,1.0
base,WildUnderground,Zombie,3,Experienced,8,0.5,180.0,480.0,480.0,GeneralZombie_Freedom_Recon,0,1.0
base,WildUnderground,Zombie,3,Experienced,8,0.5,180.0,480.0,480.0,GeneralZombie_Freedom_Stormtrooper,0,1.0
base,WildUnderground,Zombie,3,Experienced,8,0.5,180.0,480.0,480.0,GeneralZombie_Freedom_Sniper,0,1.0
base,WildUnderground,Zombie,3,Experienced,8,0.5,180.0,480.0,480.0,GeneralZombie_Duty_CloseCombat,0,1.0
base,WildUnderground,Zombie,3,Experienced,8,0.5,180.0,480.0,480.0,GeneralZombie_Duty_Recon,0,1.0
base,WildUnderground,Zombie,3,Experienced,8,0.5,180.0,480.0,480.0,GeneralZombie_Duty_Stormtrooper,0,1.0
base,WildUnderground,Zombie,3,Experienced,8,0.5,180.0,480.0,480.0,GeneralZombie_Duty_Sniper,0,1.0
base,WildUnderground,Zombie,3,Experienced,8,0.5,180.0,480.0,480.0,GeneralZombie_Duty_Heavy,0,1.0
base,WildUnderground,Zombie,3,Veteran,10,0.5,180.0,480.0,480.0,GeneralZombie_Bandit_CloseCombat,0,1.0
base,WildUnderground,Zombie,3,Veteran,10,0.5,180.0,480.0,480.0,GeneralZombie_Bandit_Recon,0,1.0
base,WildUnderground,Zombie,3,Veteran,10,0.5,180.0,480.0,480.0,GeneralZombie_Bandit_Stormtrooper,0,1.0
base,WildUnderground,Zombie,3,Veteran,10,0.5,180.0,480.0,480.0,GeneralZombie_Bandit_Heavy,0,1.0
base,WildUnderground,Zombie,3,Veteran,10,0.5,180.0,480.0,480.0,GeneralZombie_Neutral_CloseCombat,0,1.0
base,WildUnderground,Zombie,3,Veteran,10,0.5,180.0,480.0,480.0,GeneralZombie_Neutral_Recon,0,1.0
base,WildUnderground,Zombie,3,Veteran,10,0.5,180.0,480.0,480.0,GeneralZombie_Neutral_Stormtrooper,0,1.0
base,WildUnderground,Zombie,3,Veteran,10,0.5,180.0,480.0,480.0,GeneralZombie_Neutral_Sniper,0,1.0
base,WildUnderground,Zombie,3,Veteran,10,0.5,180.0,480.0,480.0,GeneralZombie_Corpus_CloseCombat,0,1.0
base,WildUnderground,Zombie,3,Veteran,10,0.5,180.0,480.0,480.0,GeneralZombie_Corpus_Recon,0,1.0
base,WildUnderground,Zombie,3,Veteran,10,0.5,180.0,480.0,480.0,GeneralZombie_Corpus_Stormtrooper,0,1.0
base,WildUnderground,Zombie,3,Veteran,10,0.5,180.0,480.0,480.0,GeneralZombie_Corpus_Sniper,0,1.0
base,WildUnderground,Zombie,3,Veteran,10,0.5,180.0,480.0,480.0,GeneralZombie_Corpus_Heavy,0,1.0
base,WildUnderground,Zombie,3,Veteran,10,0.5,180.0,480.0,480.0,GeneralZombie_Freedom_CloseCombat,0,1.0
base,WildUnderground,Zombie,3,Veteran,10,0.5,180.0,480.0,480.0,GeneralZombie_Freedom_Recon,0,1.0
base,WildUnderground,Zombie,3,Veteran,10,0.5,180.0,480.0,480.0,GeneralZombie_Freedom_Stormtrooper,0,1.0
base,WildUnderground,Zombie,3,Veteran,10,0.5,180.0,480.0,480.0,GeneralZombie_Freedom_Sniper,0,1.0
base,WildUnderground,Zombie,3,Veteran,10,0.5,180.0,480.0,480.0,GeneralZombie_Duty_CloseCombat,0,1.0
base,WildUnderground,Zombie,3,Veteran,10,0.5,180.0,480.0,480.0,GeneralZombie_Duty_Recon,0,1.0
base,WildUnderground,Zombie,3,Veteran,10,0.5,180.0,480.0,480.0,GeneralZombie_Duty_Stormtrooper,0,1.0
base,WildUnderground,Zombie,3,Veteran,10,0.5,180.0,480.0,480.0,GeneralZombie_Duty_Sniper,0,1.0
base,WildUnderground,Zombie,3,Veteran,10,0.5,180.0,480.0,480.0,GeneralZombie_Duty_Heavy,0,1.0
base,WildUnderground,Zombie,3,Master,10,0.5,180.0,480.0,480.0,GeneralZombie_Bandit_CloseCombat,0,1.0
base,WildUnderground,Zombie,3,Master,10,0.5,180.0,480.0,480.0,GeneralZombie_Bandit_Recon,0,1.0
base,WildUnderground,Zombie,3,Master,10,0.5,180.0,480.0,480.0,GeneralZombie_Bandit_Stormtrooper,0,1.0
base,WildUnderground,Zombie,3,Master,10,0.5,180.0,480.0,480.0,GeneralZombie_Bandit_Heavy,0,1.0
base,WildUnderground,Zombie,3,Master,10,0.5,180.0,480.0,480.0,GeneralZombie_Neutral_CloseCombat,0,1.0
base,WildUnderground,Zombie,3,Master,10,0.5,180.0,480.0,480.0,GeneralZombie_Neutral_Recon,0,1.0
base,WildUnderground,Zombie,3,Master,10,0.5,180.0,480.0,480.0,GeneralZombie_Neutral_Stormtrooper,0,1.0
base,WildUnderground,Zombie,3,Master,10,0.5,180.0,480.0,480.0,GeneralZombie_Neutral_Sniper,0,1.0
base,WildUnderground,Zombie,3,Master,10,0.5,180.0,480.0,480.0,GeneralZombie_Corpus_CloseCombat,0,1.0
base,WildUnderground,Zombie,3,Master,10,0.5,180.0,480.0,480.0,GeneralZombie_Corpus_Recon,0,1.0
base,WildUnderground,Zombie,3,Master,10,0.5,180.0,480.0,480.0,GeneralZombie_Corpus_Stormtrooper,0,1.0
base,WildUnderground,Zombie,3,Master,10,0.5,180.0,480.0,480.0,GeneralZombie_Corpus_Sniper,0,1.0
base,WildUnderground,Zombie,3,Master,10,0.5,180.0,480.0,480.0,GeneralZombie_Corpus_Heavy,0,1.0
base,WildUnderground,Zombie,3,Master,10,0.5,180.0,480.0,480.0,GeneralZombie_Freedom_CloseCombat,0,1.0
base,WildUnderground,Zombie,3,Master,10,0.5,180.0,480.0,480.0,GeneralZombie_Freedom_Recon,0,1.0
base,WildUnderground,Zombie,3,Master,10,0.5,180.0,480.0,480.0,GeneralZombie_Freedom_Stormtrooper,0,1.0
base,WildUnderground,Zombie,3,Master,10,0.5,180.0,480.0,480.0,GeneralZombie_Freedom_Sniper,0,1.0
base,WildUnderground,Zombie,3,Master,10,0.5,180.0,480.0,480.0,GeneralZombie_Duty_CloseCombat,0,1.0
base,WildUnderground,Zombie,3,Master,10,0.5,180.0,480.0,480.0,GeneralZombie_Duty_Recon,0,1.0
base,WildUnderground,Zombie,3,Master,10,0.5,180.0,480.0,480.0,GeneralZombie_Duty_Stormtrooper,0,1.0
base,WildUnderground,Zombie,3,Master,10,0.5,180.0,480.0,480.0,GeneralZombie_Duty_Sniper,0,1.0
base,WildUnderground,Zombie,3,Master,10,0.5,180.0,480.0,480.0,GeneralZombie_Duty_Heavy,0,1.0
base,WildUnderground,Snork,3,Newbie,8,0.5,180.0,480.0,480.0,Snork,1,1.0
base,WildUnderground,Snork,3,Experienced,8,0.5,180.0,480.0,480.0,Snork,1,1.0
base,WildUnderground,Snork,3,Veteran,9,0.5,180.0,480.0,480.0,Snork,1,1.0
base,WildUnderground,Snork,3,Master,9,0.5,180.0,480.0,480.0,Snork,1,1.0
base,WildUnderground,Bayun,3,Newbie,2,0.5,180.0,480.0,480.0,Bayun,1,1.0
base,WildUnderground,Bayun,3,Experienced,2,0.5,180.0,480.0,480.0,Bayun,1,1.0
base,WildUnderground,Bayun,3,Veteran,2,0.5,180.0,480.0,480.0,Bayun,1,1.0
base,WildUnderground,Bayun,3,Master,2,0.5,180.0,480.0,480.0,Bayun,1,1.0
base,WildUnderground,Tushkan,3,Newbie,14,0.5,180.0,480.0,480.0,Tushkan,1,1.0
base,WildUnderground,Tushkan,3,Experienced,16,0.5,180.0,480.0,480.0,Tushkan,1,1.0
base,WildUnderground,Tushkan,3,Veteran,20,0.5,180.0,480.0,480.0,Tushkan,1,1.0
base,WildUnderground,Tushkan,3,Master,24,0.5,180.0,480.0,480.0,Tushkan,1,1.0
base,LivingUnderground,Militaries,3,Newbie,6,0.5,180.0,480.0,480.0,GeneralNPC_Militaries_CloseCombat,0,1.0
base,LivingUnderground,Militaries,3,Newbie,6,0.5,180.0,480.0,480.0,GeneralNPC_Militaries_Recon,5,1.0
base,LivingUnderground,Militaries,3,Newbie,6,0.5,180.0,480.0,480.0,GeneralNPC_Militaries_Stormtrooper,0,0
base,LivingUnderground,Militaries,3,Newbie,6,0.5,180.0,480.0,480.0,GeneralNPC_Militaries_Sniper,0,0
base,LivingUnderground,Militaries,3,Newbie,6,0.5,180.0,480.0,480.0,GeneralNPC_Militaries_Heavy,0,0
base,LivingUnderground,Militaries,3,Experienced,6,0.5,180.0,480.0,480.0,GeneralNPC_Militaries_CloseCombat,1,1.0
base,LivingUnderground,Militaries,3,Experienced,6,0.5,180.0,480.0,480.0,GeneralNPC_Militaries_Recon,1,1.0
base,LivingUnderground,Militaries,3,Experienced,6,0.5,180.0,480.0,480.0,GeneralNPC_Militaries_Stormtrooper,1,1.0
base,LivingUnderground,Militaries,3,Veteran,6,0.5,180.0,480.0,480.0,GeneralNPC_Militaries_CloseCombat,1,1.0
base,LivingUnderground,Militaries,3,Veteran,6,0.5,180.0,480.0,480.0,GeneralNPC_Militaries_Recon,0,1.0
base,LivingUnderground,Militaries,3,Veteran,6,0.5,180.0,480.0,480.0,GeneralNPC_Militaries_Stormtrooper,3,1.0
base,LivingUnderground,Militaries,3,Veteran,6,0.5,180.0,480.0,480.0,GeneralNPC_Militaries_Heavy,0,1.0
base,LivingUnderground,Militaries,3,Master,7,0.5,180.0,480.0,480.0,GeneralNPC_Militaries_CloseCombat,1,0.5
base,LivingUnderground,Militaries,3,Master,7,0.5,180.0,480.0,480.0,GeneralNPC_Militaries_Recon,1,1.0
base,LivingUnderground,Militaries,3,Master,7,0.5,180.0,480.0,480.0,GeneralNPC_Militaries_Stormtrooper,2,1.0
base,LivingUnderground,Militaries,3,Master,7,0.5,180.0,480.0,480.0,GeneralNPC_Militaries_Sniper,1,0
base,LivingUnderground,Militaries,3,Master,7,0.5,180.0,480.0,480.0,GeneralNPC_Militaries_Heavy,1,1.0
base,LivingUnderground,Neutrals,3,Newbie,6,0.5,180.0,480.0,480.0,GeneralNPC_Neutral_CloseCombat,3,1
base,LivingUnderground,Neutrals,3,Newbie,6,0.5,180.0,480.0,480.0,GeneralNPC_Neutral_Recon,1,1
base,LivingUnderground,Neutrals,3,Newbie,6,0.5,180.0,480.0,480.0,GeneralNPC_Neutral_Sniper,0,0.2
base,LivingUnderground,Neutrals,3,Newbie,6,0.5,180.0,480.0,480.0,GeneralNPC_Neutral_Stormtrooper,0,0
base,LivingUnderground,Neutrals,3,Experienced,6,0.5,180.0,480.0,480.0,GeneralNPC_Neutral_CloseCombat,1,1.0
base,LivingUnderground,Neutrals,3,Experienced,6,0.5,180.0,480.0,480.0,GeneralNPC_Neutral_Recon,1,2.0
base,LivingUnderground,Neutrals,3,Experienced,6,0.5,180.0,480.0,480.0,GeneralNPC_Neutral_Stormtrooper,1,2.0
base,LivingUnderground,Neutrals,3,Experienced,6,0.5,180.0,480.0,480.0,GeneralNPC_Neutral_Sniper,0,0
base,LivingUnderground,Neutrals,3,Veteran,7,0.5,180.0,480.0,480.0,GeneralNPC_Neutral_CloseCombat,1,1.0
base,LivingUnderground,Neutrals,3,Veteran,7,0.5,180.0,480.0,480.0,GeneralNPC_Neutral_Recon,1,1.0
base,LivingUnderground,Neutrals,3,Veteran,7,0.5,180.0,480.0,480.0,GeneralNPC_Neutral_Stormtrooper,3,1.0
base,LivingUnderground,Neutrals,3,Veteran,7,0.5,180.0,480.0,480.0,GeneralNPC_Neutral_Sniper,1,0.2
base,LivingUnderground,Neutrals,3,Master,7,0.5,180.0,480.0,480.0,GeneralNPC_Neutral_CloseCombat,1,1.0
base,LivingUnderground,Neutrals,3,Master,7,0.5,180.0,480.0,480.0,GeneralNPC_Neutral_Recon,0,1.0
base,LivingUnderground,Neutrals,3,Master,7,0.5,180.0,480.0,480.0,GeneralNPC_Neutral_Stormtrooper,3,1.0
base,LivingUnderground,Neutrals,3,Master,7,0.5,180.0,480.0,480.0,GeneralNPC_Neutral_Sniper,1,0.2
base,LivingUnderground,Varta,3,Newbie,6,0.5,180.0,480.0,480.0,GeneralNPC_Varta_CloseCombat,1,1.0
base,LivingUnderground,Varta,3,Newbie,6,0.5,180.0,480.0,480.0,GeneralNPC_Varta_Recon,4,1.0
base,LivingUnderground,Varta,3,Newbie,6,0.5,180.0,480.0,480.0,GeneralNPC_Varta_Stormtrooper,0,0
base,LivingUnderground,Varta,3,Newbie,6,0.5,180.0,480.0,480.0,GeneralNPC_Varta_Sniper,0,0
base,LivingUnderground,Varta,3,Newbie,6,0.5,180.0,480.0,480.0,GeneralNPC_Varta_Heavy,0,0
base,LivingUnderground,Varta,3,Experienced,6,0.5,180.0,480.0,480.0,GeneralNPC_Varta_CloseCombat,1,1.0
base,LivingUnderground,Varta,3,Experienced,6,0.5,180.0,480.0,480.0,GeneralNPC_Varta_Recon,1,1.0
base,LivingUnderground,Varta,3,Experienced,6,0.5,180.0,480.0,480.0,GeneralNPC_Varta_Stormtrooper,1,1.0
base,LivingUnderground,Varta,3,Experienced,6,0.5,180.0,480.0,480.0,GeneralNPC_Varta_Sniper,0,0
base,LivingUnderground,Varta,3,Experienced,6,0.5,180.0,480.0,480.0,GeneralNPC_Varta_Heavy,0,0
base,LivingUnderground,Varta,3,Veteran,7,0.5,180.0,480.0,480.0,GeneralNPC_Varta_CloseCombat,1,1.0
base,LivingUnderground,Varta,3,Veteran,7,0.5,180.0,480.0,480.0,GeneralNPC_Varta_Recon,1,1.0
base,LivingUnderground,Varta,3,Veteran,7,0.5,180.0,480.0,480.0,GeneralNPC_Varta_Stormtrooper,2,1.0
base,LivingUnderground,Varta,3,Veteran,7,0.5,180.0,480.0,480.0,GeneralNPC_Varta_Sniper,1,0.2
base,LivingUnderground,Varta,3,Veteran,7,0.5,180.0,480.0,480.0,GeneralNPC_Varta_Heavy,0,0.5
base,LivingUnderground,Varta,3,Master,7,0.5,180.0,480.0,480.0,GeneralNPC_Varta_CloseCombat,1,1.0
base,LivingUnderground,Varta,3,Master,7,0.5,180.0,480.0,480.0,GeneralNPC_Varta_Recon,0,1.0
base,LivingUnderground,Varta,3,Master,7,0.5,180.0,480.0,480.0,GeneralNPC_Varta_Stormtrooper,2,1.0
base,LivingUnderground,Varta,3,Master,7,0.5,180.0,480.0,480.0,GeneralNPC_Varta_Sniper,1,0.2
base,LivingUnderground,Varta,3,Master,7,0.5,180.0,480.0,480.0,GeneralNPC_Varta_Heavy,1,0.2
base,LivingUnderground,Mercenaries,3,Newbie,6,0.5,180.0,480.0,480.0,GeneralNPC_Mercenaries_CloseCombat,0,1.0
base,LivingUnderground,Mercenaries,3,Newbie,6,0.5,180.0,480.0,480.0,GeneralNPC_Mercenaries_Recon,4,1.0
base,LivingUnderground,Mercenaries,3,Newbie,6,0.5,180.0,480.0,480.0,GeneralNPC_Mercenaries_Stormtrooper,0,0
base,LivingUnderground,Mercenaries,3,Newbie,6,0.5,180.0,480.0,480.0,GeneralNPC_Mercenaries_Sniper,0,0
base,LivingUnderground,Mercenaries,3,Experienced,6,0.5,180.0,480.0,480.0,GeneralNPC_Mercenaries_CloseCombat,1,1.0
base,LivingUnderground,Mercenaries,3,Experienced,6,0.5,180.0,480.0,480.0,GeneralNPC_Mercenaries_Recon,1,1.0
base,LivingUnderground,Mercenaries,3,Experienced,6,0.5,180.0,480.0,480.0,GeneralNPC_Mercenaries_Stormtrooper,1,1.0
base,LivingUnderground,Mercenaries,3,Experienced,6,0.5,180.0,480.0,480.0,GeneralNPC_Mercenaries_Sniper,0,0
base,LivingUnderground,Mercenaries,3,Veteran,7,0.5,180.0,480.0,480.0,GeneralNPC_Mercenaries_CloseCombat,1,1.0
base,LivingUnderground,Mercenaries,3,Veteran,7,0.5,180.0,480.0,480.0,GeneralNPC_Mercenaries_Recon,0,1.0
base,LivingUnderground,Mercenaries,3,Veteran,7,0.5,180.0,480.0,480.0,GeneralNPC_Mercenaries_Stormtrooper,3,1.0
base,LivingUnderground,Mercenaries,3,Veteran,7,0.5,180.0,480.0,480.0,GeneralNPC_Mercenaries_Sniper,1,0.2
base,LivingUnderground,Mercenaries,3,Master,7,0.5,180.0,480.0,480.0,GeneralNPC_Mercenaries_CloseCombat,1,1.0
base,LivingUnderground,Mercenaries,3,Master,7,0.5,180.0,480.0,480.0,GeneralNPC_Mercenaries_Recon,0,2.0
base,LivingUnderground,Mercenaries,3,Master,7,0.5,180.0,480.0,480.0,GeneralNPC_Mercenaries_Stormtrooper,3,1.0
base,LivingUnderground,Mercenaries,3,Master,7,0.5,180.0,480.0,480.0,GeneralNPC_Mercenaries_Sniper,1,0.2
base,LivingUnderground,Freedom,3,Newbie,6,0.5,180.0,480.0,480.0,GeneralNPC_Freedom_CloseCombat,1,1.0
base,LivingUnderground,Freedom,3,Newbie,6,0.5,180.0,480.0,480.0,GeneralNPC_Freedom_Recon,4,1.0
base,LivingUnderground,Freedom,3,Newbie,6,0.5,180.0,480.0,480.0,GeneralNPC_Freedom_Stormtrooper,1,1.0
base,LivingUnderground,Freedom,3,Newbie,6,0.5,180.0,480.0,480.0,GeneralNPC_Freedom_Sniper,1,1.0
base,LivingUnderground,Freedom,3,Experienced,6,0.5,180.0,480.0,480.0,GeneralNPC_Freedom_CloseCombat,0,1.0
base,LivingUnderground,Freedom,3,Experienced,6,0.5,180.0,480.0,480.0,GeneralNPC_Freedom_Recon,1,1.0
base,LivingUnderground,Freedom,3,Experienced,6,0.5,180.0,480.0,480.0,GeneralNPC_Freedom_Stormtrooper,1,1.0
base,LivingUnderground,Freedom,3,Experienced,6,0.5,180.0,480.0,480.0,GeneralNPC_Freedom_Sniper,0,0.2
base,LivingUnderground,Freedom,3,Veteran,7,0.5,180.0,480.0,480.0,GeneralNPC_Freedom_CloseCombat,1,1.0
base,LivingUnderground,Freedom,3,Veteran,7,0.5,180.0,480.0,480.0,GeneralNPC_Freedom_Recon,1,1.0
base,LivingUnderground,Freedom,3,Veteran,7,0.5,180.0,480.0,480.0,GeneralNPC_Freedom_Stormtrooper,2,1.0
base,LivingUnderground,Freedom,3,Veteran,7,0.5,180.0,480.0,480.0,GeneralNPC_Freedom_Sniper,1,0.2
base,LivingUnderground,Freedom,3,Master,7,0.5,180.0,480.0,480.0,GeneralNPC_Freedom_CloseCombat,1,1.0
base,LivingUnderground,Freedom,3,Master,7,0.5,180.0,480.0,480.0,GeneralNPC_Freedom_Recon,1,1.0
base,LivingUnderground,Freedom,3,Master,7,0.5,180.0,480.0,480.0,GeneralNPC_Freedom_Stormtrooper,2,1.0
base,LivingUnderground,Freedom,3,Master,7,0.5,180.0,480.0,480.0,GeneralNPC_Freedom_Sniper,1,0.2
base,LivingUnderground,Bandits,3,Newbie,6,0.5,180.0,480.0,480.0,GeneralNPC_Bandit_CloseCombat,3,1.0
base,LivingUnderground,Bandits,3,Newbie,6,0.5,180.0,480.0,480.0,GeneralNPC_Bandit_Recon,1,1.0
base,LivingUnderground,Bandits,3,Newbie,6,0.5,180.0,480.0,480.0,GeneralNPC_Bandit_Stormtrooper,0,0.0
base,LivingUnderground,Bandits,3,Newbie,6,0.5,180.0,480.0,480.0,GeneralNPC_Bandit_Heavy,0,0.0
base,LivingUnderground,Bandits,3,Experienced,6,0.5,180.0,480.0,480.0,GeneralNPC_Bandit_CloseCombat,1,1.0
base,LivingUnderground,Bandits,3,Experienced,6,0.5,180.0,480.0,480.0,GeneralNPC_Bandit_Recon,1,1.0
base,LivingUnderground,Bandits,3,Experienced,6,0.5,180.0,480.0,480.0,GeneralNPC_Bandit_Stormtrooper,1,0
base,LivingUnderground,Bandits,3,Experienced,6,0.5,180.0,480.0,480.0,GeneralNPC_Bandit_Heavy,0,0.0
base,LivingUnderground,Bandits,3,Veteran,7,0.5,180.0,480.0,480.0,GeneralNPC_Bandit_CloseCombat,1,1.0
base,LivingUnderground,Bandits,3,Veteran,7,0.5,180.0,480.0,480.0,GeneralNPC_Bandit_Recon,1,1.0
base,LivingUnderground,Bandits,3,Veteran,7,0.5,180.0,480.0,480.0,GeneralNPC_Bandit_Stormtrooper,3,1.0
base,LivingUnderground,Bandits,3,Veteran,7,0.5,180.0,480.0,480.0,GeneralNPC_Bandit_Heavy,0,0
base,LivingUnderground,Bandits,3,Master,8,0.5,180.0,480.0,480.0,GeneralNPC_Bandit_CloseCombat,1,1.0
base,LivingUnderground,Bandits,3,Master,8,0.5,180.0,480.0,480.0,GeneralNPC_Bandit_Recon,1,1.0
base,LivingUnderground,Bandits,3,Master,8,0.5,180.0,480.0,480.0,GeneralNPC_Bandit_Stormtrooper,3,1.0
base,LivingUnderground,Bandits,3,Master,8,0.5,180.0,480.0,480.0,GeneralNPC_Bandit_Heavy,0,0
base,LivingUnderground,Monolith,3,Newbie,6,0.5,180.0,480.0,480.0,GeneralNPC_Monolith_CloseCombat,1,1.0
base,LivingUnderground,Monolith,3,Newbie,6,0.5,180.0,480.0,480.0,GeneralNPC_Monolith_Recon,2,1.0
base,LivingUnderground,Monolith,3,Newbie,6,0.5,180.0,480.0,480.0,GeneralNPC_Monolith_Stormtrooper,2,1.0
base,LivingUnderground,Monolith,3,Newbie,6,0.5,180.0,480.0,480.0,GeneralNPC_Monolith_Sniper,0,0
base,LivingUnderground,Monolith,3,Experienced,6,0.5,180.0,480.0,480.0,GeneralNPC_Monolith_CloseCombat,1,1.0
base,LivingUnderground,Monolith,3,Experienced,6,0.5,180.0,480.0,480.0,GeneralNPC_Monolith_Recon,1,1.0
base,LivingUnderground,Monolith,3,Experienced,6,0.5,180.0,480.0,480.0,GeneralNPC_Monolith_Stormtrooper,1,1.0
base,LivingUnderground,Monolith,3,Experienced,6,0.5,180.0,480.0,480.0,GeneralNPC_Monolith_Sniper,0,0
base,LivingUnderground,Monolith,3,Veteran,8,0.5,180.0,480.0,480.0,GeneralNPC_Monolith_CloseCombat,1,1.0
base,LivingUnderground,Monolith,3,Veteran,8,0.5,180.0,480.0,480.0,GeneralNPC_Monolith_Recon,1,1.0
base,LivingUnderground,Monolith,3,Veteran,8,0.5,180.0,480.0,480.0,GeneralNPC_Monolith_Stormtrooper,3,1.0
base,LivingUnderground,Monolith,3,Veteran,8,0.5,180.0,480.0,480.0,GeneralNPC_Monolith_Sniper,1,0.2
base,LivingUnderground,Monolith,3,Master,8,0.5,180.0,480.0,480.0,GeneralNPC_Monolith_CloseCombat,1,1.0
base,LivingUnderground,Monolith,3,Master,8,0.5,180.0,480.0,480.0,GeneralNPC_Monolith_Recon,1,1.0
base,LivingUnderground,Monolith,3,Master,8,0.5,180.0,480.0,480.0,GeneralNPC_Monolith_Stormtrooper,3,1.0
base,LivingUnderground,Monolith,3,Master,8,0.5,180.0,480.0,480.0,GeneralNPC_Monolith_Sniper,1,0.2
base,LivingUnderground,Duty,3,Newbie,6,0.5,180.0,480.0,480.0,GeneralNPC_Duty_CloseCombat,1,1.0
base,LivingUnderground,Duty,3,Newbie,6,0.5,180.0,480.0,480.0,GeneralNPC_Duty_Recon,4,1.0
base,LivingUnderground,Duty,3,Newbie,6,0.5,180.0,480.0,480.0,GeneralNPC_Duty_Stormtrooper,0,0
base,LivingUnderground,Duty,3,Newbie,6,0.5,180.0,480.0,480.0,GeneralNPC_Duty_Sniper,0,0
base,LivingUnderground,Duty,3,Newbie,6,0.5,180.0,480.0,480.0,GeneralNPC_Duty_Heavy,0,0
base,LivingUnderground,Duty,3,Experienced,6,0.5,180.0,480.0,480.0,GeneralNPC_Duty_CloseCombat,1,1.0
base,LivingUnderground,Duty,3,Experienced,6,0.5,180.0,480.0,480.0,GeneralNPC_Duty_Recon,1,1.0
base,LivingUnderground,Duty,3,Experienced,6,0.5,180.0,480.0,480.0,GeneralNPC_Duty_Stormtrooper,1,1.0
base,LivingUnderground,Duty,3,Experienced,6,0.5,180.0,480.0,480.0,GeneralNPC_Duty_Sniper,0,0
base,LivingUnderground,Duty,3,Experienced,6,0.5,180.0,480.0,480.0,GeneralNPC_Duty_Heavy,0,0
base,LivingUnderground,Duty,3,Veteran,7,0.5,180.0,480.0,480.0,GeneralNPC_Duty_CloseCombat,1,1.0
base,LivingUnderground,Duty,3,Veteran,7,0.5,180.0,480.0,480.0,GeneralNPC_Duty_Recon,0,1.0
base,LivingUnderground,Duty,3,Veteran,7,0.5,180.0,480.0,480.0,GeneralNPC_Duty_Stormtrooper,3,1.0
base,LivingUnderground,Duty,3,Veteran,7,0.5,180.0,480.0,480.0,GeneralNPC_Duty_Sniper,1,0.2
base,LivingUnderground,Duty,3,Veteran,7,0.5,180.0,480.0,480.0,GeneralNPC_Duty_Heavy,0,0
base,LivingUnderground,Duty,3,Master,7,0.5,180.0,480.0,480.0,GeneralNPC_Duty_CloseCombat,1,1.0
base,LivingUnderground,Duty,3,Master,7,0.5,180.0,480.0,480.0,GeneralNPC_Duty_Recon,1,1.0
base,LivingUnderground,Duty,3,Master,7,0.5,180.0,480.0,480.0,GeneralNPC_Duty_Stormtrooper,2,1.0
base,LivingUnderground,Duty,3,Master,7,0.5,180.0,480.0,480.0,GeneralNPC_Duty_Sniper,1,0.2
base,LivingUnderground,Duty,3,Master,7,0.5,180.0,480.0,480.0,GeneralNPC_Duty_Heavy,0,0.5
base,LivingUnderground,Noon,3,Newbie,6,0.5,180.0,480.0,480.0,GeneralNPC_Noon_CloseCombat,0,1.0
base,LivingUnderground,Noon,3,Newbie,6,0.5,180.0,480.0,480.0,GeneralNPC_Noon_Recon,2,1.0
base,LivingUnderground,Noon,3,Newbie,6,0.5,180.0,480.0,480.0,GeneralNPC_Noon_Stormtrooper,2,1.0
base,LivingUnderground,Noon,3,Experienced,6,0.5,180.0,480.0,480.0,GeneralNPC_Noon_CloseCombat,1,1.0
base,LivingUnderground,Noon,3,Experienced,6,0.5,180.0,480.0,480.0,GeneralNPC_Noon_Recon,1,1.0
base,LivingUnderground,Noon,3,Experienced,6,0.5,180.0,480.0,480.0,GeneralNPC_Noon_Stormtrooper,1,1.0
base,LivingUnderground,Noon,3,Veteran,7,0.5,180.0,480.0,480.0,GeneralNPC_Noon_CloseCombat,1,1.0
base,LivingUnderground,Noon,3,Veteran,7,0.5,180.0,480.0,480.0,GeneralNPC_Noon_Recon,1,1.0
base,LivingUnderground,Noon,3,Veteran,7,0.5,180.0,480.0,480.0,GeneralNPC_Noon_Stormtrooper,3,1.0
base,LivingUnderground,Noon,3,Master,7,0.5,180.0,480.0,480.0,GeneralNPC_Noon_CloseCombat,1,1.0
base,LivingUnderground,Noon,3,Master,7,0.5,180.0,480.0,480.0,GeneralNPC_Noon_Recon,1,1.0
base,LivingUnderground,Noon,3,Master,7,0.5,180.0,480.0,480.0,GeneralNPC_Noon_Stormtrooper,3,1.0
base,LivingUnderground,Scientists,3,Newbie,6,0.5,180.0,480.0,480.0,GeneralNPC_Scientists_Recon,1,1.0
base,LivingUnderground,Scientists,3,Newbie,6,0.5,180.0,480.0,480.0,GeneralNPC_Scientists_Stormtrooper,1,1.0
base,LivingUnderground,Scientists,3,Experienced,6,0.5,180.0,480.0,480.0,GeneralNPC_Scientists_Recon,4,1.0
base,LivingUnderground,Scientists,3,Experienced,6,0.5,180.0,480.0,480.0,GeneralNPC_Scientists_Stormtrooper,1,1.0
base,LivingUnderground,Scientists,3,Veteran,7,0.5,180.0,480.0,480.0,GeneralNPC_Scientists_Recon,1,1.0
base,LivingUnderground,Scientists,3,Veteran,7,0.5,180.0,480.0,480.0,GeneralNPC_Scientists_Stormtrooper,4,1.0
base,LivingUnderground,Scientists,3,Master,7,0.5,180.0,480.0,480.0,GeneralNPC_Scientists_Recon,1,1.0
base,LivingUnderground,Scientists,3,Master,7,0.5,180.0,480.0,480.0,GeneralNPC_Scientists_Stormtrooper,3,1.0
base,LivingUnderground,Spark,3,Newbie,6,0.5,180.0,480.0,480.0,GeneralNPC_Spark_CloseCombat,4,1.0
base,LivingUnderground,Spark,3,Newbie,6,0.5,180.0,480.0,480.0,GeneralNPC_Spark_Recon,1,1.0
base,LivingUnderground,Spark,3,Newbie,6,0.5,180.0,480.0,480.0,GeneralNPC_Spark_Stormtrooper,0,0
base,LivingUnderground,Spark,3,Newbie,6,0.5,180.0,480.0,480.0,GeneralNPC_Spark_Sniper,0,0
base,LivingUnderground,Spark,3,Experienced,6,0.5,180.0,480.0,480.0,GeneralNPC_Spark_CloseCombat,1,1.0
base,LivingUnderground,Spark,3,Experienced,6,0.5,180.0,480.0,480.0,GeneralNPC_Spark_Recon,1,1.0
base,LivingUnderground,Spark,3,Experienced,6,0.5,180.0,480.0,480.0,GeneralNPC_Spark_Stormtrooper,1,1.0
base,LivingUnderground,Spark,3,Experienced,6,0.5,180.0,480.0,480.0,GeneralNPC_Spark_Sniper,0,0.2
base,LivingUnderground,Spark,3,Veteran,7,0.5,180.0,480.0,480.0,GeneralNPC_Spark_CloseCombat,1,1.0
base,LivingUnderground,Spark,3,Veteran,7,0.5,180.0,480.0,480.0,GeneralNPC_Spark_Recon,0,1.0
base,LivingUnderground,Spark,3,Veteran,7,0.5,180.0,480.0,480.0,GeneralNPC_Spark_Stormtrooper,3,1.0
base,LivingUnderground,Spark,3,Veteran,7,0.5,180.0,480.0,480.0,GeneralNPC_Spark_Sniper,1,0.2
base,LivingUnderground,Spark,3,Master,7,0.5,180.0,480.0,480.0,GeneralNPC_Spark_CloseCombat,1,1.0
base,LivingUnderground,Spark,3,Master,7,0.5,180.0,480.0,480.0,GeneralNPC_Spark_Recon,0,1.0
base,LivingUnderground,Spark,3,Master,7,0.5,180.0,480.0,480.0,GeneralNPC_Spark_Stormtrooper,3,1.0
base,LivingUnderground,Spark,3,Master,7,0.5,180.0,480.0,480.0,GeneralNPC_Spark_Sniper,1,0.2
base,LivingUnderground,Corpus,3,Newbie,6,0.5,180.0,480.0,480.0,GeneralNPC_Corpus_CloseCombat,1,1.0
base,LivingUnderground,Corpus,3,Newbie,6,0.5,180.0,480.0,480.0,GeneralNPC_Corpus_Recon,4,1.0
base,LivingUnderground,Corpus,3,Newbie,6,0.5,180.0,480.0,480.0,GeneralNPC_Corpus_Stormtrooper,0,0
base,LivingUnderground,Corpus,3,Newbie,6,0.5,180.0,480.0,480.0,GeneralNPC_Corpus_Sniper,0,0
base,LivingUnderground,Corpus,3,Newbie,6,0.5,180.0,480.0,480.0,GeneralNPC_Corpus_Heavy,0,0
base,LivingUnderground,Corpus,3,Experienced,6,0.5,180.0,480.0,480.0,GeneralNPC_Corpus_CloseCombat,0,1.0
base,LivingUnderground,Corpus,3,Experienced,6,0.5,180.0,480.0,480.0,GeneralNPC_Corpus_Recon,1,1.0
base,LivingUnderground,Corpus,3,Experienced,6,0.5,180.0,480.0,480.0,GeneralNPC_Corpus_Stormtrooper,2,1.0
base,LivingUnderground,Corpus,3,Experienced,6,0.5,180.0,480.0,480.0,GeneralNPC_Corpus_Sniper,0,0
base,LivingUnderground,Corpus,3,Experienced,6,0.5,180.0,480.0,480.0,GeneralNPC_Corpus_Heavy,0,0
base,LivingUnderground,Corpus,3,Veteran,7,0.5,180.0,480.0,480.0,GeneralNPC_Corpus_CloseCombat,1,1.0
base,LivingUnderground,Corpus,3,Veteran,7,0.5,180.0,480.0,480.0,GeneralNPC_Corpus_Recon,1,1.0
base,LivingUnderground,Corpus,3,Veteran,7,0.5,180.0,480.0,480.0,GeneralNPC_Corpus_Stormtrooper,2,1.0
base,LivingUnderground,Corpus,3,Veteran,7,0.5,180.0,480.0,480.0,GeneralNPC_Corpus_Sniper,0,0
base,LivingUnderground,Corpus,3,Veteran,7,0.5,180.0,480.0,480.0,GeneralNPC_Corpus_Heavy,1,0.2
base,LivingUnderground,Corpus,3,Master,7,0.5,180.0,480.0,480.0,GeneralNPC_Corpus_CloseCombat,0,1.0
base,LivingUnderground,Corpus,3,Master,7,0.5,180.0,480.0,480.0,GeneralNPC_Corpus_Recon,0,1.0
base,LivingUnderground,Corpus,3,Master,7,0.5,180.0,480.0,480.0,GeneralNPC_Corpus_Stormtrooper,3,1.0
base,LivingUnderground,Corpus,3,Master,7,0.5,180.0,480.0,480.0,GeneralNPC_Corpus_Sniper,1,0.2
base,LivingUnderground,Corpus,3,Master,7,0.5,180.0,480.0,480.0,GeneralNPC_Corpus_Heavy,1,0.2
base,LivingUnderground,Bloodsucker,3,Newbie,2,0.5,180.0,480.0,480.0,Bloodsucker,1,1.0
base,LivingUnderground,Bloodsucker,3,Experienced,2,0.5,180.0,480.0,480.0,Bloodsucker,1,1.0
base,LivingUnderground,Bloodsucker,3,Veteran,3,0.5,180.0,480.0,480.0,Bloodsucker,1,1.0
base,LivingUnderground,Bloodsucker,3,Master,3,0.5,180.0,480.0,480.0,Bloodsucker,1,1.0
base,LivingUnderground,Zombie,3,Newbie,6,0.5,180.0,480.0,480.0,GeneralZombie_Bandit_CloseCombat,0,1.0
base,LivingUnderground,Zombie,3,Newbie,6,0.5,180.0,480.0,480.0,GeneralZombie_Bandit_Recon,0,1.0
base,LivingUnderground,Zombie,3,Newbie,6,0.5,180.0,480.0,480.0,GeneralZombie_Bandit_Stormtrooper,0,1.0
base,LivingUnderground,Zombie,3,Newbie,6,0.5,180.0,480.0,480.0,GeneralZombie_Bandit_Heavy,0,1.0
base,LivingUnderground,Zombie,3,Newbie,6,0.5,180.0,480.0,480.0,GeneralZombie_Neutral_CloseCombat,0,1.0
base,LivingUnderground,Zombie,3,Newbie,6,0.5,180.0,480.0,480.0,GeneralZombie_Neutral_Recon,0,1.0
base,LivingUnderground,Zombie,3,Newbie,6,0.5,180.0,480.0,480.0,GeneralZombie_Neutral_Stormtrooper,0,1.0
base,LivingUnderground,Zombie,3,Newbie,6,0.5,180.0,480.0,480.0,GeneralZombie_Neutral_Sniper,0,1.0
base,LivingUnderground,Zombie,3,Newbie,6,0.5,180.0,480.0,480.0,GeneralZombie_Corpus_CloseCombat,0,1.0
base,LivingUnderground,Zombie,3,Newbie,6,0.5,180.0,480.0,480.0,GeneralZombie_Corpus_Recon,0,1.0
base,LivingUnderground,Zombie,3,Newbie,6,0.5,180.0,480.0,480.0,GeneralZombie_Corpus_Stormtrooper,0,1.0
base,LivingUnderground,Zombie,3,Newbie,6,0.5,180.0,480.0,480.0,GeneralZombie_Corpus_Sniper,0,1.0
base,LivingUnderground,Zombie,3,Newbie,6,0.5,180.0,480.0,480.0,GeneralZombie_Corpus_Heavy,0,1.0
base,LivingUnderground,Zombie,3,Newbie,6,0.5,180.0,480.0,480.0,GeneralZombie_Freedom_CloseCombat,0,1.0
base,LivingUnderground,Zombie,3,Newbie,6,0.5,180.0,480.0,480.0,GeneralZombie_Freedom_Recon,0,1.0
base,LivingUnderground,Zombie,3,Newbie,6,0.5,180.0,480.0,480.0,GeneralZombie_Freedom_Stormtrooper,0,1.0
base,LivingUnderground,Zombie,3,Newbie,6,0.5,180.0,480.0,480.0,GeneralZombie_Freedom_Sniper,0,1.0
base,LivingUnderground,Zombie,3,Newbie,6,0.5,180.0,480.0,480.0,GeneralZombie_Duty_CloseCombat,0,1.0
base,LivingUnderground,Zombie,3,Newbie,6,0.5,180.0,480.0,480.0,GeneralZombie_Duty_Recon,0,1.0
base,LivingUnderground,Zombie,3,Newbie,6,0.5,180.0,480.0,480.0,GeneralZombie_Duty_Stormtrooper,0,1.0
base,LivingUnderground,Zombie,3,Newbie,6,0.5,180.0,480.0,480.0,GeneralZombie_Duty_Sniper,0,1.0
base,LivingUnderground,Zombie,3,Newbie,6,0.5,180.0,480.0,480.0,GeneralZombie_Duty_Heavy,0,1.0
base,LivingUnderground,Zombie,3,Experienced,8,0.5,180.0,480.0,480.0,GeneralZombie_Bandit_CloseCombat,0,1.0
base,LivingUnderground,Zombie,3,Experienced,8,0.5,180.0,480.0,480.0,GeneralZombie_Bandit_Recon,0,1.0
base,LivingUnderground,Zombie,3,Experienced,8,0.5,180.0,480.0,480.0,GeneralZombie_Bandit_Stormtrooper,0,1.0
base,LivingUnderground,Zombie,3,Experienced,8,0.5,180.0,480.0,480.0,GeneralZombie_Bandit_Heavy,0,1.0
base,LivingUnderground,Zombie,3,Experienced,8,0.5,180.0,480.0,480.0,GeneralZombie_Neutral_CloseCombat,0,1.0
base,LivingUnderground,Zombie,3,Experienced,8,0.5,180.0,480.0,480.0,GeneralZombie_Neutral_Recon,0,1.0
base,LivingUnderground,Zombie,3,Experienced,8,0.5,180.0,480.0,480.0,GeneralZombie_Neutral_Stormtrooper,0,1.0
base,LivingUnderground,Zombie,3,Experienced,8,0.5,180.0,480.0,480.0,GeneralZombie_Neutral_Sniper,0,1.0
base,LivingUnderground,Zombie,3,Experienced,8,0.5,180.0,480.0,480.0,GeneralZombie_Corpus_CloseCombat,0,1.0
base,LivingUnderground,Zombie,3,Experienced,8,0.5,180.0,480.0,480.0,GeneralZombie_Corpus_Recon,0,1.0
base,LivingUnderground,Zombie,3,Experienced,8,0.5,180.0,480.0,480.0,GeneralZombie_Corpus_Stormtrooper,0,1.0
base,LivingUnderground,Zombie,3,Experienced,8,0.5,180.0,480.0,480.0,GeneralZombie_Corpus_Sniper,0,1.0
base,LivingUnderground,Zombie,3,Experienced,8,0.5,180.0,480.0,480.0,GeneralZombie_Corpus_Heavy,0,1.0
base,LivingUnderground,Zombie,3,Experienced,8,0.5,180.0,480.0,480.0,GeneralZombie_Freedom_CloseCombat,0,1.0
base,LivingUnderground,Zombie,3,Experienced,8,0.5,180.0,480.0,480.0,GeneralZombie_Freedom_Recon,0,1.0
base,LivingUnderground,Zombie,3,Experienced,8,0.5,180.0,480.0,480.0,GeneralZombie_Freedom_Stormtrooper,0,1.0
base,LivingUnderground,Zombie,3,Experienced,8,0.5,180.0,480.0,480.0,GeneralZombie_Freedom_Sniper,0,1.0
base,LivingUnderground,Zombie,3,Experienced,8,0.5,180.0,480.0,480.0,GeneralZombie_Duty_CloseCombat,0,1.0
base,LivingUnderground,Zombie,3,Experienced,8,0.5,180.0,480.0,480.0,GeneralZombie_Duty_Recon,0,1.0
base,LivingUnderground,Zombie,3,Experienced,8,0.5,180.0,480.0,480.0,GeneralZombie_Duty_Stormtrooper,0,1.0
base,LivingUnderground,Zombie,3,Experienced,8,0.5,180.0,480.0,480.0,GeneralZombie_Duty_Sniper,0,1.0
base,LivingUnderground,Zombie,3,Experienced,8,0.5,180.0,480.0,480.0,GeneralZombie_Duty_Heavy,0,1.0
base,LivingUnderground,Zombie,3,Veteran,10,0.5,180.0,480.0,480.0,GeneralZombie_Bandit_CloseCombat,0,1.0
base,LivingUnderground,Zombie,3,Veteran,10,0.5,180.0,480.0,480.0,GeneralZombie_Bandit_Recon,0,1.0
base,LivingUnderground,Zombie,3,Veteran,10,0.5,180.0,480.0,480.0,GeneralZombie_Bandit_Stormtrooper,0,1.0
base,LivingUnderground,Zombie,3,Veteran,10,0.5,180.0,480.0,480.0,GeneralZombie_Bandit_Heavy,0,1.0
base,LivingUnderground,Zombie,3,Veteran,10,0.5,180.0,480.0,480.0,GeneralZombie_Neutral_CloseCombat,0,1.0
base,LivingUnderground,Zombie,3,Veteran,10,0.5,180.0,480.0,480.0,GeneralZombie_Neutral_Recon,0,1.0
base,LivingUnderground,Zombie,3,Veteran,10,0.5,180.0,480.0,480.0,GeneralZombie_Neutral_Stormtrooper,0,1.0
base,LivingUnderground,Zombie,3,Veteran,10,0.5,180.0,480.0,480.0,GeneralZombie_Neutral_Sniper,0,1.0
base,LivingUnderground,Zombie,3,Veteran,10,0.5,180.0,480.0,480.0,GeneralZombie_Corpus_CloseCombat,0,1.0
base,LivingUnderground,Zombie,3,Veteran,10,0.5,180.0,480.0,480.0,GeneralZombie_Corpus_Recon,0,1.0
base,LivingUnderground,Zombie,3,Veteran,10,0.5,180.0,480.0,480.0,GeneralZombie_Corpus_Stormtrooper,0,1.0
base,LivingUnderground,Zombie,3,Veteran,10,0.5,180.0,480.0,480.0,GeneralZombie_Corpus_Sniper,0,1.0
base,LivingUnderground,Zombie,3,Veteran,10,0.5,180.0,480.0,480.0,GeneralZombie_Corpus_Heavy,0,1.0
base,LivingUnderground,Zombie,3,Veteran,10,0.5,180.0,480.0,480.0,GeneralZombie_Freedom_CloseCombat,0,1.0
base,LivingUnderground,Zombie,3,Veteran,10,0.5,180.0,480.0,480.0,GeneralZombie_Freedom_Recon,0,1.0
base,LivingUnderground,Zombie,3,Veteran,10,0.5,180.0,480.0,480.0,GeneralZombie_Freedom_Stormtrooper,0,1.0
base,LivingUnderground,Zombie,3,Veteran,10,0.5,180.0,480.0,480.0,GeneralZombie_Freedom_Sniper,0,1.0
base,LivingUnderground,Zombie,3,Veteran,10,0.5,180.0,480.0,480.0,GeneralZombie_Duty_CloseCombat,0,1.0
base,LivingUnderground,Zombie,3,Veteran,10,0.5,180.0,480.0,480.0,GeneralZombie_Duty_Recon,0,1.0
base,LivingUnderground,Zombie,3,Veteran,10,0.5,180.0,480.0,480.0,GeneralZombie_Duty_Stormtrooper,0,1.0
base,LivingUnderground,Zombie,3,Veteran,10,0.5,180.0,480.0,480.0,GeneralZombie_Duty_Sniper,0,1.0
base,LivingUnderground,Zombie,3,Veteran,10,0.5,180.0,480.0,480.0,GeneralZombie_Duty_Heavy,0,1.0
base,LivingUnderground,Zombie,3,Master,10,0.5,180.0,480.0,480.0,GeneralZombie_Bandit_CloseCombat,0,1.0
base,LivingUnderground,Zombie,3,Master,10,0.5,180.0,480.0,480.0,GeneralZombie_Bandit_Recon,0,1.0
base,LivingUnderground,Zombie,3,Master,10,0.5,180.0,480.0,480.0,GeneralZombie_Bandit_Stormtrooper,0,1.0
base,LivingUnderground,Zombie,3,Master,10,0.5,180.0,480.0,480.0,GeneralZombie_Bandit_Heavy,0,1.0
base,LivingUnderground,Zombie,3,Master,10,0.5,180.0,480.0,480.0,GeneralZombie_Neutral_CloseCombat,0,1.0
base,LivingUnderground,Zombie,3,Master,10,0.5,180.0,480.0,480.0,GeneralZombie_Neutral_Recon,0,1.0
base,LivingUnderground,Zombie,3,Master,10,0.5,180.0,480.0,480.0,GeneralZombie_Neutral_Stormtrooper,0,1.0
base,LivingUnderground,Zombie,3,Master,10,0.5,180.0,480.0,480.0,GeneralZombie_Neutral_Sniper,0,1.0
base,LivingUnderground,Zombie,3,Master,10,0.5,180.0,480.0,480.0,GeneralZombie_Corpus_CloseCombat,0,1.0
base,LivingUnderground,Zombie,3,Master,10,0.5,180.0,480.0,480.0,GeneralZombie_Corpus_Recon,0,1.0
base,LivingUnderground,Zombie,3,Master,10,0.5,180.0,480.0,480.0,GeneralZombie_Corpus_Stormtrooper,0,1.0
base,LivingUnderground,Zombie,3,Master,10,0.5,180.0,480.0,480.0,GeneralZombie_Corpus_Sniper,0,1.0
base,LivingUnderground,Zombie,3,Master,10,0.5,180.0,480.0,480.0,GeneralZombie_Corpus_Heavy,0,1.0
base,LivingUnderground,Zombie,3,Master,10,0.5,180.0,480.0,480.0,GeneralZombie_Freedom_CloseCombat,0,1.0
base,LivingUnderground,Zombie,3,Master,10,0.5,180.0,480.0,480.0,GeneralZombie_Freedom_Recon,0,1.0
base,LivingUnderground,Zombie,3,Master,10,0.5,180.0,480.0,480.0,GeneralZombie_Freedom_Stormtrooper,0,1.0
base,LivingUnderground,Zombie,3,Master,10,0.5,180.0,480.0,480.0,GeneralZombie_Freedom_Sniper,0,1.0
base,LivingUnderground,Zombie,3,Master,10,0.5,180.0,480.0,480.0,GeneralZombie_Duty_CloseCombat,0,1.0
base,LivingUnderground,Zombie,3,Master,10,0.5,180.0,480.0,480.0,GeneralZombie_Duty_Recon,0,1.0
base,LivingUnderground,Zombie,3,Master,10,0.5,180.0,480.0,480.0,GeneralZombie_Duty_Stormtrooper,0,1.0
base,LivingUnderground,Zombie,3,Master,10,0.5,180.0,480.0,480.0,GeneralZombie_Duty_Sniper,0,1.0
base,LivingUnderground,Zombie,3,Master,10,0.5,180.0,480.0,480.0,GeneralZombie_Duty_Heavy,0,1.0
base,LivingUnderground,Snork,3,Newbie,8,0.5,180.0,480.0,480.0,Snork,1,1.0
base,LivingUnderground,Snork,3,Experienced,8,0.5,180.0,480.0,480.0,Snork,1,1.0
base,LivingUnderground,Snork,3,Veteran,9,0.5,180.0,480.0,480.0,Snork,1,1.0
base,LivingUnderground,Snork,3,Master,9,0.5,180.0,480.0,480.0,Snork,1,1.0
base,LivingUnderground,Bayun,3,Newbie,2,0.5,180.0,480.0,480.0,Bayun,1,1.0
base,LivingUnderground,Bayun,3,Experienced,2,0.5,180.0,480.0,480.0,Bayun,1,1.0
base,LivingUnderground,Bayun,3,Veteran,2,0.5,180.0,480.0,480.0,Bayun,1,1.0
base,LivingUnderground,Bayun,3,Master,2,0.5,180.0,480.0,480.0,Bayun,1,1.0
base,LivingUnderground,Tushkan,3,Newbie,14,0.5,180.0,480.0,480.0,Tushkan,1,1.0
base,LivingUnderground,Tushkan,3,Experienced,16,0.5,180.0,480.0,480.0,Tushkan,1,1.0
base,LivingUnderground,Tushkan,3,Veteran,20,0.5,180.0,480.0,480.0,Tushkan,1,1.0
base,LivingUnderground,Tushkan,3,Master,24,0.5,180.0,480.0,480.0,Tushkan,1,1.0
base,WildField,Blinddog,3,Newbie,9,0.5,180.0,480.0,480.0,Blinddog,1,1.0
base,WildField,Blinddog,3,Experienced,9,0.5,180.0,480.0,480.0,Blinddog,1,1.0
base,WildField,Blinddog,3,Veteran,9,0.5,180.0,480.0,480.0,Blinddog,1,1.0
base,WildField,Blinddog,3,Master,9,0.5,180.0,480.0,480.0,Blinddog,1,1.0
base,WildField,MoldyBlinddog,3,Newbie,9,0.5,180.0,480.0,480.0,MoldyBlinddog,1,1.0
base,WildField,MoldyBlinddog,3,Experienced,9,0.5,180.0,480.0,480.0,MoldyBlinddog,1,1.0
base,WildField,MoldyBlinddog,3,Veteran,9,0.5,180.0,480.0,480.0,Blinddog,1,1.0
base,WildField,MoldyBlinddog,3,Master,9,0.5,180.0,480.0,480.0,MoldyBlinddog,1,1.0
base,WildField,Boar,3,Newbie,5,0.5,180.0,480.0,480.0,Boar,1,1.0
base,WildField,Boar,3,Experienced,5,0.5,180.0,480.0,480.0,Boar,1,1.0
base,WildField,Boar,3,Veteran,5,0.5,180.0,480.0,480.0,Boar,1,1.0
base,WildField,Boar,3,Master,5,0.5,180.0,480.0,480.0,Boar,1,1.0
base,WildField,Flesh,3,Newbie,5,0.5,180.0,480.0,480.0,Flesh,1,1.0
base,WildField,Flesh,3,Experienced,5,0.5,180.0,480.0,480.0,Flesh,1,1.0
base,WildField,Flesh,3,Veteran,5,0.5,180.0,480.0,480.0,Flesh,1,1.0
base,WildField,Flesh,3,Master,6,0.5,180.0,480.0,480.0,Flesh,1,1.0
base,WildField,Zombie,3,Newbie,6,0.5,180.0,480.0,480.0,GeneralZombie_Bandit_CloseCombat,0,1.0
base,WildField,Zombie,3,Newbie,6,0.5,180.0,480.0,480.0,GeneralZombie_Bandit_Recon,0,1.0
base,WildField,Zombie,3,Newbie,6,0.5,180.0,480.0,480.0,GeneralZombie_Bandit_Stormtrooper,0,1.0
base,WildField,Zombie,3,Newbie,6,0.5,180.0,480.0,480.0,GeneralZombie_Bandit_Heavy,0,1.0
base,WildField,Zombie,3,Newbie,6,0.5,180.0,480.0,480.0,GeneralZombie_Neutral_CloseCombat,0,1.0
base,WildField,Zombie,3,Newbie,6,0.5,180.0,480.0,480.0,GeneralZombie_Neutral_Recon,0,1.0
base,WildField,Zombie,3,Newbie,6,0.5,180.0,480.0,480.0,GeneralZombie_Neutral_Stormtrooper,0,1.0
base,WildField,Zombie,3,Newbie,6,0.5,180.0,480.0,480.0,GeneralZombie_Neutral_Sniper,0,1.0
base,WildField,Zombie,3,Newbie,6,0.5,180.0,480.0,480.0,GeneralZombie_Corpus_CloseCombat,0,1.0
base,WildField,Zombie,3,Newbie,6,0.5,180.0,480.0,480.0,GeneralZombie_Corpus_Recon,0,1.0
base,WildField,Zombie,3,Newbie,6,0.5,180.0,480.0,480.0,GeneralZombie_Corpus_Stormtrooper,0,1.0
base,WildField,Zombie,3,Newbie,6,0.5,180.0,480.0,480.0,GeneralZombie_Corpus_Sniper,0,1.0
base,WildField,Zombie,3,Newbie,6,0.5,180.0,480.0,480.0,GeneralZombie_Corpus_Heavy,0,1.0
base,WildField,Zombie,3,Newbie,6,0.5,180.0,480.0,480.0,GeneralZombie_Freedom_CloseCombat,0,1.0
base,WildField,Zombie,3,Newbie,6,0.5,180.0,480.0,480.0,GeneralZombie_Freedom_Recon,0,1.0
base,WildField,Zombie,3,Newbie,6,0.5,180.0,480.0,480.0,GeneralZombie_Freedom_Stormtrooper,0,1.0
base,WildField,Zombie,3,Newbie,6,0.5,180.0,480.0,480.0,GeneralZombie_Freedom_Sniper,0,1.0
base,WildField,Zombie,3,Newbie,6,0.5,180.0,480.0,480.0,GeneralZombie_Duty_CloseCombat,0,1.0
base,WildField,Zombie,3,Newbie,6,0.5,180.0,480.0,480.0,GeneralZombie_Duty_Recon,0,1.0
base,WildField,Zombie,3,Newbie,6,0.5,180.0,480.0,480.0,GeneralZombie_Duty_Stormtrooper,0,1.0
base,WildField,Zombie,3,Newbie,6,0.5,180.0,480.0,480.0,GeneralZombie_Duty_Sniper,0,1.0
base,WildField,Zombie,3,Newbie,6,0.5,180.0,480.0,480.0,GeneralZombie_Duty_Heavy,0,1.0
base,WildField,Zombie,3,Experienced,8,0.5,180.0,480.0,480.0,GeneralZombie_Bandit_CloseCombat,0,1.0
base,WildField,Zombie,3,Experienced,8,0.5,180.0,480.0,480.0,GeneralZombie_Bandit_Recon,0,1.0
base,WildField,Zombie,3,Experienced,8,0.5,180.0,480.0,480.0,GeneralZombie_Bandit_Stormtrooper,0,1.0
base,WildField,Zombie,3,Experienced,8,0.5,180.0,480.0,480.0,GeneralZombie_Bandit_Heavy,0,1.0
base,WildField,Zombie,3,Experienced,8,0.5,180.0,480.0,480.0,GeneralZombie_Neutral_CloseCombat,0,1.0
base,WildField,Zombie,3,Experienced,8,0.5,180.0,480.0,480.0,GeneralZombie_Neutral_Recon,0,1.0
base,WildField,Zombie,3,Experienced,8,0.5,180.0,480.0,480.0,GeneralZombie_Neutral_Stormtrooper,0,1.0
base,WildField,Zombie,3,Experienced,8,0.5,180.0,480.0,480.0,GeneralZombie_Neutral_Sniper,0,1.0
base,WildField,Zombie,3,Experienced,8,0.5,180.0,480.0,480.0,GeneralZombie_Corpus_CloseCombat,0,1.0
base,WildField,Zombie,3,Experienced,8,0.5,180.0,480.0,480.0,GeneralZombie_Corpus_Recon,0,1.0
base,WildField,Zombie,3,Experienced,8,0.5,180.0,480.0,480.0,GeneralZombie_Corpus_Stormtrooper,0,1.0
base,WildField,Zombie,3,Experienced,8,0.5,180.0,480.0,480.0,GeneralZombie_Corpus_Sniper,0,1.0
base,WildField,Zombie,3,Experienced,8,0.5,180.0,480.0,480.0,GeneralZombie_Corpus_Heavy,0,1.0
base,WildField,Zombie,3,Experienced,8,0.5,180.0,480.0,480.0,GeneralZombie_Freedom_CloseCombat,0,1.0
base,WildField,Zombie,3,Experienced,8,0.5,180.0,480.0,480.0,GeneralZombie_Freedom_Recon,0,1.0
base,WildField,Zombie,3,Experienced,8,0.5,180.0,480.0,480.0,GeneralZombie_Freedom_Stormtrooper,0,1.0
base,WildField,Zombie,3,Experienced,8,0.5,180.0,480.0,480.0,GeneralZombie_Freedom_Sniper,0,1.0
base,WildField,Zombie,3,Experienced,8,0.5,180.0,480.0,480.0,GeneralZombie_Duty_CloseCombat,0,1.0
base,WildField,Zombie,3,Experienced,8,0.5,180.0,480.0,480.0,GeneralZombie_Duty_Recon,0,1.0
base,WildField,Zombie,3,Experienced,8,0.5,180.0,480.0,480.0,GeneralZombie_Duty_Stormtrooper,0,1.0
base,WildField,Zombie,3,Experienced,8,0.5,180.0,480.0,480.0,GeneralZombie_Duty_Sniper,0,1.0
base,WildField,Zombie,3,Experienced,8,0.5,180.0,480.0,480.0,GeneralZombie_Duty_Heavy,0,1.0
base,WildField,Zombie,3,Veteran,10,0.5,180.0,480.0,480.0,GeneralZombie_Bandit_CloseCombat,0,1.0
base,WildField,Zombie,3,Veteran,10,0.5,180.0,480.0,480.0,GeneralZombie_Bandit_Recon,0,1.0
base,WildField,Zombie,3,Veteran,10,0.5,180.0,480.0,480.0,GeneralZombie_Bandit_Stormtrooper,0,1.0
base,WildField,Zombie,3,Veteran,10,0.5,180.0,480.0,480.0,GeneralZombie_Bandit_Heavy,0,1.0
base,WildField,Zombie,3,Veteran,10,0.5,180.0,480.0,480.0,GeneralZombie_Neutral_CloseCombat,0,1.0
base,WildField,Zombie,3,Veteran,10,0.5,180.0,480.0,480.0,GeneralZombie_Neutral_Recon,0,1.0
base,WildField,Zombie,3,Veteran,10,0.5,180.0,480.0,480.0,GeneralZombie_Neutral_Stormtrooper,0,1.0
base,WildField,Zombie,3,Veteran,10,0.5,180.0,480.0,480.0,GeneralZombie_Neutral_Sniper,0,1.0
base,WildField,Zombie,3,Veteran,10,0.5,180.0,480.0,480.0,GeneralZombie_Corpus_CloseCombat,0,1.0
base,WildField,Zombie,3,Veteran,10,0.5,180.0,480.0,480.0,GeneralZombie_Corpus_Recon,0,1.0
base,WildField,Zombie,3,Veteran,10,0.5,180.0,480.0,480.0,GeneralZombie_Corpus_Stormtrooper,0,1.0
base,WildField,Zombie,3,Veteran,10,0.5,180.0,480.0,480.0,GeneralZombie_Corpus_Sniper,0,1.0
base,WildField,Zombie,3,Veteran,10,0.5,180.0,480.0,480.0,GeneralZombie_Corpus_Heavy,0,1.0
base,WildField,Zombie,3,Veteran,10,0.5,180.0,480.0,480.0,GeneralZombie_Freedom_CloseCombat,0,1.0
base,WildField,Zombie,3,Veteran,10,0.5,180.0,480.0,480.0,GeneralZombie_Freedom_Recon,0,1.0
base,WildField,Zombie,3,Veteran,10,0.5,180.0,480.0,480.0,GeneralZombie_Freedom_Stormtrooper,0,1.0
base,WildField,Zombie,3,Veteran,10,0.5,180.0,480.0,480.0,GeneralZombie_Freedom_Sniper,0,1.0
base,WildField,Zombie,3,Veteran,10,0.5,180.0,480.0,480.0,GeneralZombie_Duty_CloseCombat,0,1.0
base,WildField,Zombie,3,Veteran,10,0.5,180.0,480.0,480.0,GeneralZombie_Duty_Recon,0,1.0
base,WildField,Zombie,3,Veteran,10,0.5,180.0,480.0,480.0,GeneralZombie_Duty_Stormtrooper,0,1.0
base,WildField,Zombie,3,Veteran,10,0.5,180.0,480.0,480.0,GeneralZombie_Duty_Sniper,0,1.0
base,WildField,Zombie,3,Veteran,10,0.5,180.0,480.0,480.0,GeneralZombie_Duty_Heavy,0,1.0
base,WildField,Zombie,3,Master,10,0.5,180.0,480.0,480.0,GeneralZombie_Bandit_CloseCombat,0,1.0
base,WildField,Zombie,3,Master,10,0.5,180.0,480.0,480.0,GeneralZombie_Bandit_Recon,0,1.0
base,WildField,Zombie,3,Master,10,0.5,180.0,480.0,480.0,GeneralZombie_Bandit_Stormtrooper,0,1.0
base,WildField,Zombie,3,Master,10,0.5,180.0,480.0,480.0,GeneralZombie_Bandit_Heavy,0,1.0
base,WildField,Zombie,3,Master,10,0.5,180.0,480.0,480.0,GeneralZombie_Neutral_CloseCombat,0,1.0
base,WildField,Zombie,3,Master,10,0.5,180.0,480.0,480.0,GeneralZombie_Neutral_Recon,0,1.0
base,WildField,Zombie,3,Master,10,0.5,180.0,480.0,480.0,GeneralZombie_Neutral_Stormtrooper,0,1.0
base,WildField,Zombie,3,Master,10,0.5,180.0,480.0,480.0,GeneralZombie_Neutral_Sniper,0,1.0
base,WildField,Zombie,3,Master,10,0.5,180.0,480.0,480.0,GeneralZombie_Corpus_CloseCombat,0,1.0
base,WildField,Zombie,3,Master,10,0.5,180.0,480.0,480.0,GeneralZombie_Corpus_Recon,0,1.0
base,WildField,Zombie,3,Master,10,0.5,180.0,480.0,480.0,GeneralZombie_Corpus_Stormtrooper,0,1.0
base,WildField,Zombie,3,Master,10,0.5,180.0,480.0,480.0,GeneralZombie_Corpus_Sniper,0,1.0
base,WildField,Zombie,3,Master,10,0.5,180.0,480.0,480.0,GeneralZombie_Corpus_Heavy,0,1.0
base,WildField,Zombie,3,Master,10,0.5,180.0,480.0,480.0,GeneralZombie_Freedom_CloseCombat,0,1.0
base,WildField,Zombie,3,Master,10,0.5,180.0,480.0,480.0,GeneralZombie_Freedom_Recon,0,1.0
base,WildField,Zombie,3,Master,10,0.5,180.0,480.0,480.0,GeneralZombie_Freedom_Stormtrooper,0,1.0
base,WildField,Zombie,3,Master,10,0.5,180.0,480.0,480.0,GeneralZombie_Freedom_Sniper,0,1.0
base,WildField,Zombie,3,Master,10,0.5,180.0,480.0,480.0,GeneralZombie_Duty_CloseCombat,0,1.0
base,WildField,Zombie,3,Master,10,0.5,180.0,480.0,480.0,GeneralZombie_Duty_Recon,0,1.0
base,WildField,Zombie,3,Master,10,0.5,180.0,480.0,480.0,GeneralZombie_Duty_Stormtrooper,0,1.0
base,WildField,Zombie,3,Master,10,0.5,180.0,480.0,480.0,GeneralZombie_Duty_Sniper,0,1.0
base,WildField,Zombie,3,Master,10,0.5,180.0,480.0,480.0,GeneralZombie_Duty_Heavy,0,1.0
base,WildField,Pseudodog,3,Newbie,1,1.0,180.0,480.0,480.0,PseudoDog,1,1.0
base,WildField,Pseudodog,3,Experienced,1,1.0,180.0,480.0,480.0,PseudoDog,1,1.0
base,WildField,Pseudodog,3,Veteran,2,0.5,180.0,480.0,480.0,PseudoDog,1,1.0
base,WildField,Pseudodog,3,Master,2,0.5,180.0,480.0,480.0,PseudoDog,1,1.0
base,WildField,Tushkan,3,Newbie,14,0.5,180.0,480.0,480.0,Tushkan,1,1.0
base,WildField,Tushkan,3,Experienced,16,0.5,180.0,480.0,480.0,Tushkan,1,1.0
base,WildField,Tushkan,3,Veteran,20,0.5,180.0,480.0,480.0,Tushkan,1,1.0
base,WildField,Tushkan,3,Master,24,0.5,180.0,480.0,480.0,Tushkan,1,1.0
base,WildForest,Blinddog,3,Newbie,9,0.5,180.0,480.0,480.0,Blinddog,1,1.0
base,WildForest,Blinddog,3,Experienced,9,0.5,180.0,480.0,480.0,Blinddog,1,1.0
base,WildForest,Blinddog,3,Veteran,9,0.5,180.0,480.0,480.0,Blinddog,1,1.0
base,WildForest,Blinddog,3,Master,9,0.5,180.0,480.0,480.0,Blinddog,1,1.0
base,WildForest,Bloodsucker,3,Newbie,2,0.5,180.0,480.0,480.0,Bloodsucker,1,1.0
base,WildForest,Bloodsucker,3,Experienced,2,0.5,180.0,480.0,480.0,Bloodsucker,1,1.0
base,WildForest,Bloodsucker,3,Veteran,3,0.5,180.0,480.0,480.0,Bloodsucker,1,1.0
base,WildForest,Bloodsucker,3,Master,3,0.5,180.0,480.0,480.0,Bloodsucker,1,1.0
base,WildForest,Boar,3,Newbie,5,0.5,180.0,480.0,480.0,Boar,1,1.0
base,WildForest,Boar,3,Experienced,5,0.5,180.0,480.0,480.0,Boar,1,1.0
base,WildForest,Boar,3,Veteran,5,0.5,180.0,480.0,480.0,Boar,1,1.0
base,WildForest,Boar,3,Master,5,0.5,180.0,480.0,480.0,Boar,1,1.0
base,WildForest,Flesh,3,Newbie,5,0.5,180.0,480.0,480.0,Flesh,1,1.0
base,WildForest,Flesh,3,Experienced,5,0.5,180.0,480.0,480.0,Flesh,1,1.0
base,WildForest,Flesh,3,Veteran,5,0.5,180.0,480.0,480.0,Flesh,1,1.0
base,WildForest,Flesh,3,Master,6,0.5,180.0,480.0,480.0,Flesh,1,1.0
base,WildForest,Zombie,3,Newbie,6,0.5,180.0,480.0,480.0,GeneralZombie_Bandit_CloseCombat,0,1.0
base,WildForest,Zombie,3,Newbie,6,0.5,180.0,480.0,480.0,GeneralZombie_Bandit_Recon,0,1.0
base,WildForest,Zombie,3,Newbie,6,0.5,180.0,480.0,480.0,GeneralZombie_Bandit_Stormtrooper,0,1.0
base,WildForest,Zombie,3,Newbie,6,0.5,180.0,480.0,480.0,GeneralZombie_Bandit_Heavy,0,1.0
base,WildForest,Zombie,3,Newbie,6,0.5,180.0,480.0,480.0,GeneralZombie_Neutral_CloseCombat,0,1.0
base,WildForest,Zombie,3,Newbie,6,0.5,180.0,480.0,480.0,GeneralZombie_Neutral_Recon,0,1.0
base,WildForest,Zombie,3,Newbie,6,0.5,180.0,480.0,480.0,GeneralZombie_Neutral_Stormtrooper,0,1.0
base,WildForest,Zombie,3,Newbie,6,0.5,180.0,480.0,480.0,GeneralZombie_Neutral_Sniper,0,1.0
base,WildForest,Zombie,3,Newbie,6,0.5,180.0,480.0,480.0,GeneralZombie_Corpus_CloseCombat,0,1.0
base,WildForest,Zombie,3,Newbie,6,0.5,180.0,480.0,480.0,GeneralZombie_Corpus_Recon,0,1.0
base,WildForest,Zombie,3,Newbie,6,0.5,180.0,480.0,480.0,GeneralZombie_Corpus_Stormtrooper,0,1.0
base,WildForest,Zombie,3,Newbie,6,0.5,180.0,480.0,480.0,GeneralZombie_Corpus_Sniper,0,1.0
base,WildForest,Zombie,3,Newbie,6,0.5,180.0,480.0,480.0,GeneralZombie_Corpus_Heavy,0,1.0
base,WildForest,Zombie,3,Newbie,6,0.5,180.0,480.0,480.0,GeneralZombie_Freedom_CloseCombat,0,1.0
base,WildForest,Zombie,3,Newbie,6,0.5,180.0,480.0,480.0,GeneralZombie_Freedom_Recon,0,1.0
base,WildForest,Zombie,3,Newbie,6,0.5,180.0,480.0,480.0,GeneralZombie_Freedom_Stormtrooper,0,1.0
base,WildForest,Zombie,3,Newbie,6,0.5,180.0,480.0,480.0,GeneralZombie_Freedom_Sniper,0,1.0
base,WildForest,Zombie,3,Newbie,6,0.5,180.0,480.0,480.0,GeneralZombie_Duty_CloseCombat,0,1.0
base,WildForest,Zombie,3,Newbie,6,0.5,180.0,480.0,480.0,GeneralZombie_Duty_Recon,0,1.0
base,WildForest,Zombie,3,Newbie,6,0.5,180.0,480.0,480.0,GeneralZombie_Duty_Stormtrooper,0,1.0
base,WildForest,Zombie,3,Newbie,6,0.5,180.0,480.0,480.0,GeneralZombie_Duty_Sniper,0,1.0
base,WildForest,Zombie,3,Newbie,6,0.5,180.0,480.0,480.0,GeneralZombie_Duty_Heavy,0,1.0
base,WildForest,Zombie,3,Experienced,8,0.5,180.0,480.0,480.0,GeneralZombie_Bandit_CloseCombat,0,1.0
base,WildForest,Zombie,3,Experienced,8,0.5,180.0,480.0,480.0,GeneralZombie_Bandit_Recon,0,1.0
base,WildForest,Zombie,3,Experienced,8,0.5,180.0,480.0,480.0,GeneralZombie_Bandit_Stormtrooper,0,1.0
base,WildForest,Zombie,3,Experienced,8,0.5,180.0,480.0,480.0,GeneralZombie_Bandit_Heavy,0,1.0
base,WildForest,Zombie,3,Experienced,8,0.5,180.0,480.0,480.0,GeneralZombie_Neutral_CloseCombat,0,1.0
base,WildForest,Zombie,3,Experienced,8,0.5,180.0,480.0,480.0,GeneralZombie_Neutral_Recon,0,1.0
base,WildForest,Zombie,3,Experienced,8,0.5,180.0,480.0,480.0,GeneralZombie_Neutral_Stormtrooper,0,1.0
base,WildForest,Zombie,3,Experienced,8,0.5,180.0,480.0,480.0,GeneralZombie_Neutral_Sniper,0,1.0
base,WildForest,Zombie,3,Experienced,8,0.5,180.0,480.0,480.0,GeneralZombie_Corpus_CloseCombat,0,1.0
base,WildForest,Zombie,3,Experienced,8,0.5,180.0,480.0,480.0,GeneralZombie_Corpus_Recon,0,1.0
base,WildForest,Zombie,3,Experienced,8,0.5,180.0,480.0,480.0,GeneralZombie_Corpus_Stormtrooper,0,1.0
base,WildForest,Zombie,3,Experienced,8,0.5,180.0,480.0,480.0,GeneralZombie_Corpus_Sniper,0,1.0
base,WildForest,Zombie,3,Experienced,8,0.5,180.0,480.0,480.0,GeneralZombie_Corpus_Heavy,0,1.0
base,WildForest,Zombie,3,Experienced,8,0.5,180.0,480.0,480.0,GeneralZombie_Freedom_CloseCombat,0,1.0
base,WildForest,Zombie,3,Experienced,8,0.5,180.0,480.0,480.0,GeneralZombie_Freedom_Recon,0,1.0
base,WildForest,Zombie,3,Experienced,8,0.5,180.0,480.0,480.0,GeneralZombie_Freedom_Stormtrooper,0,1.0
base,WildForest,Zombie,3,Experienced,8,0.5,180.0,480.0,480.0,GeneralZombie_Freedom_Sniper,0,1.0
base,WildForest,Zombie,3,Experienced,8,0.5,180.0,480.0,480.0,GeneralZombie_Duty_CloseCombat,0,1.0
base,WildForest,Zombie,3,Experienced,8,0.5,180.0,480.0,480.0,GeneralZombie_Duty_Recon,0,1.0
base,WildForest,Zombie,3,Experienced,8,0.5,180.0,480.0,480.0,GeneralZombie_Duty_Stormtrooper,0,1.0
base,WildForest,Zombie,3,Experienced,8,0.5,180.0,480.0,480.0,GeneralZombie_Duty_Sniper,0,1.0
base,WildForest,Zombie,3,Experienced,8,0.5,180.0,480.0,480.0,GeneralZombie_Duty_Heavy,0,1.0
base,WildForest,Zombie,3,Veteran,10,0.5,180.0,480.0,480.0,GeneralZombie_Bandit_CloseCombat,0,1.0
base,WildForest,Zombie,3,Veteran,10,0.5,180.0,480.0,480.0,GeneralZombie_Bandit_Recon,0,1.0
base,WildForest,Zombie,3,Veteran,10,0.5,180.0,480.0,480.0,GeneralZombie_Bandit_Stormtrooper,0,1.0
base,WildForest,Zombie,3,Veteran,10,0.5,180.0,480.0,480.0,GeneralZombie_Bandit_Heavy,0,1.0
base,WildForest,Zombie,3,Veteran,10,0.5,180.0,480.0,480.0,GeneralZombie_Neutral_CloseCombat,0,1.0
base,WildForest,Zombie,3,Veteran,10,0.5,180.0,480.0,480.0,GeneralZombie_Neutral_Recon,0,1.0
base,WildForest,Zombie,3,Veteran,10,0.5,180.0,480.0,480.0,GeneralZombie_Neutral_Stormtrooper,0,1.0
base,WildForest,Zombie,3,Veteran,10,0.5,180.0,480.0,480.0,GeneralZombie_Neutral_Sniper,0,1.0
base,WildForest,Zombie,3,Veteran,10,0.5,180.0,480.0,480.0,GeneralZombie_Corpus_CloseCombat,0,1.0
base,WildForest,Zombie,3,Veteran,10,0.5,180.0,480.0,480.0,GeneralZombie_Corpus_Recon,0,1.0
base,WildForest,Zombie,3,Veteran,10,0.5,180.0,480.0,480.0,GeneralZombie_Corpus_Stormtrooper,0,1.0
base,WildForest,Zombie,3,Veteran,10,0.5,180.0,480.0,480.0,GeneralZombie_Corpus_Sniper,0,1.0
base,WildForest,Zombie,3,Veteran,10,0.5,180.0,480.0,480.0,GeneralZombie_Corpus_Heavy,0,1.0
base,WildForest,Zombie,3,Veteran,10,0.5,180.0,480.0,480.0,GeneralZombie_Freedom_CloseCombat,0,1.0
base,WildForest,Zombie,3,Veteran,10,0.5,180.0,480.0,480.0,GeneralZombie_Freedom_Recon,0,1.0
base,WildForest,Zombie,3,Veteran,10,0.5,180.0,480.0,480.0,GeneralZombie_Freedom_Stormtrooper,0,1.0
base,WildForest,Zombie,3,Veteran,10,0.5,180.0,480.0,480.0,GeneralZombie_Freedom_Sniper,0,1.0
base,WildForest,Zombie,3,Veteran,10,0.5,180.0,480.0,480.0,GeneralZombie_Duty_CloseCombat,0,1.0
base,WildForest,Zombie,3,Veteran,10,0.5,180.0,480.0,480.0,GeneralZombie_Duty_Recon,0,1.0
base,WildForest,Zombie,3,Veteran,10,0.5,180.0,480.0,480.0,GeneralZombie_Duty_Stormtrooper,0,1.0
base,WildForest,Zombie,3,Veteran,10,0.5,180.0,480.0,480.0,GeneralZombie_Duty_Sniper,0,1.0
base,WildForest,Zombie,3,Veteran,10,0.5,180.0,480.0,480.0,GeneralZombie_Duty_Heavy,0,1.0
base,WildForest,Zombie,3,Master,10,0.5,180.0,480.0,480.0,GeneralZombie_Bandit_CloseCombat,0,1.0
base,WildForest,Zombie,3,Master,10,0.5,180.0,480.0,480.0,GeneralZombie_Bandit_Recon,0,1.0
base,WildForest,Zombie,3,Master,10,0.5,180.0,480.0,480.0,GeneralZombie_Bandit_Stormtrooper,0,1.0
base,WildForest,Zombie,3,Master,10,0.5,180.0,480.0,480.0,GeneralZombie_Bandit_Heavy,0,1.0
base,WildForest,Zombie,3,Master,10,0.5,180.0,480.0,480.0,GeneralZombie_Neutral_CloseCombat,0,1.0
base,WildForest,Zombie,3,Master,10,0.5,180.0,480.0,480.0,GeneralZombie_Neutral_Recon,0,1.0
base,WildForest,Zombie,3,Master,10,0.5,180.0,480.0,480.0,GeneralZombie_Neutral_Stormtrooper,0,1.0
base,WildForest,Zombie,3,Master,10,0.5,180.0,480.0,480.0,GeneralZombie_Neutral_Sniper,0,1.0
base,WildForest,Zombie,3,Master,10,0.5,180.0,480.0,480.0,GeneralZombie_Corpus_CloseCombat,0,1.0
base,WildForest,Zombie,3,Master,10,0.5,180.0,480.0,480.0,GeneralZombie_Corpus_Recon,0,1.0
base,WildForest,Zombie,3,Master,10,0.5,180.0,480.0,480.0,GeneralZombie_Corpus_Stormtrooper,0,1.0
base,WildForest,Zombie,3,Master,10,0.5,180.0,480.0,480.0,GeneralZombie_Corpus_Sniper,0,1.0
base,WildForest,Zombie,3,Master,10,0.5,180.0,480.0,480.0,GeneralZombie_Corpus_Heavy,0,1.0
base,WildForest,Zombie,3,Master,10,0.5,180.0,480.0,480.0,GeneralZombie_Freedom_CloseCombat,0,1.0
base,WildForest,Zombie,3,Master,10,0.5,180.0,480.0,480.0,GeneralZombie_Freedom_Recon,0,1.0
base,WildForest,Zombie,3,Master,10,0.5,180.0,480.0,480.0,GeneralZombie_Freedom_Stormtrooper,0,1.0
base,WildForest,Zombie,3,Master,10,0.5,180.0,480.0,480.0,GeneralZombie_Freedom_Sniper,0,1.0
base,WildForest,Zombie,3,Master,10,0.5,180.0,480.0,480.0,GeneralZombie_Duty_CloseCombat,0,1.0
base,WildForest,Zombie,3,Master,10,0.5,180.0,480.0,480.0,GeneralZombie_Duty_Recon,0,1.0
base,WildForest,Zombie,3,Master,10,0.5,180.0,480.0,480.0,GeneralZombie_Duty_Stormtrooper,0,1.0
base,WildForest,Zombie,3,Master,10,0.5,180.0,480.0,480.0,GeneralZombie_Duty_Sniper,0,1.0
base,WildForest,Zombie,3,Master,10,0.5,180.0,480.0,480.0,GeneralZombie_Duty_Heavy,0,1.0
base,WildForest,Pseudodog,3,Newbie,1,1.0,180.0,480.0,480.0,PseudoDog,1,1.0
base,WildForest,Pseudodog,3,Experienced,1,1.0,180.0,480.0,480.0,PseudoDog,1,1.0
base,WildForest,Pseudodog,3,Veteran,2,0.5,180.0,480.0,480.0,PseudoDog,1,1.0
base,WildForest,Pseudodog,3,Master,2,0.5,180.0,480.0,480.0,PseudoDog,1,1.0
base,WildForest,Bayun,3,Newbie,2,0.5,180.0,480.0,480.0,Bayun,1,1.0
base,WildForest,Bayun,3,Experienced,2,0.5,180.0,480.0,480.0,Bayun,1,1.0
base,WildForest,Bayun,3,Veteran,2,0.5,180.0,480.0,480.0,Bayun,1,1.0
base,WildForest,Bayun,3,Master,2,0.5,180.0,480.0,480.0,Bayun,1,1.0
base,WildForest,Tushkan,3,Newbie,14,0.5,180.0,480.0,480.0,Tushkan,1,1.0
base,WildForest,Tushkan,3,Experienced,16,0.5,180.0,480.0,480.0,Tushkan,1,1.0
base,WildForest,Tushkan,3,Veteran,20,0.5,180.0,480.0,480.0,Tushkan,1,1.0
base,WildForest,Tushkan,3,Master,24,0.5,180.0,480.0,480.0,Tushkan,1,1.0
base,SIRCAA_Scientists,SIRCAA_Scientist,3,Newbie,6,0.5,180.0,480.0,480.0,GeneralNPC_SIRCAA_Scientist_Recon,1,1.0
base,SIRCAA_Scientists,SIRCAA_Scientist,3,Experienced,6,0.5,180.0,480.0,480.0,GeneralNPC_SIRCAA_Scientist_Recon,4,1.0
base,SIRCAA_Scientists,SIRCAA_Scientist,3,Veteran,7,0.5,180.0,480.0,480.0,GeneralNPC_SIRCAA_Scientist_Recon,1,1.0
base,SIRCAA_Scientists,SIRCAA_Scientist,3,Master,7,0.5,180.0,480.0,480.0,GeneralNPC_SIRCAA_Scientist_Recon,1,1.0
base,MALACHITE_Scientists,MALACHITE_Scientist,3,Newbie,6,0.5,180.0,480.0,480.0,GeneralNPC_MALACHITE_Scientist_Recon,1,1.0
base,MALACHITE_Scientists,MALACHITE_Scientist,3,Experienced,6,0.5,180.0,480.0,480.0,GeneralNPC_MALACHITE_Scientist_Recon,4,1.0
base,MALACHITE_Scientists,MALACHITE_Scientist,3,Veteran,7,0.5,180.0,480.0,480.0,GeneralNPC_MALACHITE_Scientist_Recon,1,1.0
base,MALACHITE_Scientists,MALACHITE_Scientist,3,Master,7,0.5,180.0,480.0,480.0,GeneralNPC_MALACHITE_Scientist_Recon,1,1.0
base,RestingLairDefault,Militaries,3,Newbie,6,0.5,180.0,480.0,480.0,GeneralNPC_Militaries_CloseCombat,0,1.0
base,RestingLairDefault,Militaries,3,Newbie,6,0.5,180.0,480.0,480.0,GeneralNPC_Militaries_Recon,5,1.0
base,RestingLairDefault,Militaries,3,Newbie,6,0.5,180.0,480.0,480.0,GeneralNPC_Militaries_Stormtrooper,0,0
base,RestingLairDefault,Militaries,3,Newbie,6,0.5,180.0,480.0,480.0,GeneralNPC_Militaries_Sniper,0,0
base,RestingLairDefault,Militaries,3,Newbie,6,0.5,180.0,480.0,480.0,GeneralNPC_Militaries_Heavy,0,0
base,RestingLairDefault,Militaries,3,Experienced,6,0.5,180.0,480.0,480.0,GeneralNPC_Militaries_CloseCombat,1,1.0
base,RestingLairDefault,Militaries,3,Experienced,6,0.5,180.0,480.0,480.0,GeneralNPC_Militaries_Recon,1,1.0
base,RestingLairDefault,Militaries,3,Experienced,6,0.5,180.0,480.0,480.0,GeneralNPC_Militaries_Stormtrooper,1,1.0
base,RestingLairDefault,Militaries,3,Veteran,6,0.5,180.0,480.0,480.0,GeneralNPC_Militaries_CloseCombat,1,1.0
base,RestingLairDefault,Militaries,3,Veteran,6,0.5,180.0,480.0,480.0,GeneralNPC_Militaries_Recon,0,1.0
base,RestingLairDefault,Militaries,3,Veteran,6,0.5,180.0,480.0,480.0,GeneralNPC_Militaries_Stormtrooper,3,1.0
base,RestingLairDefault,Militaries,3,Veteran,6,0.5,180.0,480.0,480.0,GeneralNPC_Militaries_Heavy,0,1.0
base,RestingLairDefault,Militaries,3,Master,7,0.5,180.0,480.0,480.0,GeneralNPC_Militaries_CloseCombat,1,0.5
base,RestingLairDefault,Militaries,3,Master,7,0.5,180.0,480.0,480.0,GeneralNPC_Militaries_Recon,1,1.0
base,RestingLairDefault,Militaries,3,Master,7,0.5,180.0,480.0,480.0,GeneralNPC_Militaries_Stormtrooper,2,1.0
base,RestingLairDefault,Militaries,3,Master,7,0.5,180.0,480.0,480.0,GeneralNPC_Militaries_Sniper,1,0
base,RestingLairDefault,Militaries,3,Master,7,0.5,180.0,480.0,480.0,GeneralNPC_Militaries_Heavy,1,1.0
base,RestingLairDefault,Neutrals,3,Newbie,6,0.5,180.0,480.0,480.0,GeneralNPC_Neutral_CloseCombat,3,1
base,RestingLairDefault,Neutrals,3,Newbie,6,0.5,180.0,480.0,480.0,GeneralNPC_Neutral_Recon,1,1
base,RestingLairDefault,Neutrals,3,Newbie,6,0.5,180.0,480.0,480.0,GeneralNPC_Neutral_Sniper,0,0.2
base,RestingLairDefault,Neutrals,3,Newbie,6,0.5,180.0,480.0,480.0,GeneralNPC_Neutral_Stormtrooper,0,0
base,RestingLairDefault,Neutrals,3,Experienced,6,0.5,180.0,480.0,480.0,GeneralNPC_Neutral_CloseCombat,1,1.0
base,RestingLairDefault,Neutrals,3,Experienced,6,0.5,180.0,480.0,480.0,GeneralNPC_Neutral_Recon,1,2.0
base,RestingLairDefault,Neutrals,3,Experienced,6,0.5,180.0,480.0,480.0,GeneralNPC_Neutral_Stormtrooper,1,2.0
base,RestingLairDefault,Neutrals,3,Experienced,6,0.5,180.0,480.0,480.0,GeneralNPC_Neutral_Sniper,0,0
base,RestingLairDefault,Neutrals,3,Veteran,7,0.5,180.0,480.0,480.0,GeneralNPC_Neutral_CloseCombat,1,1.0
base,RestingLairDefault,Neutrals,3,Veteran,7,0.5,180.0,480.0,480.0,GeneralNPC_Neutral_Recon,1,1.0
base,RestingLairDefault,Neutrals,3,Veteran,7,0.5,180.0,480.0,480.0,GeneralNPC_Neutral_Stormtrooper,3,1.0
base,RestingLairDefault,Neutrals,3,Veteran,7,0.5,180.0,480.0,480.0,GeneralNPC_Neutral_Sniper,1,0.2
base,RestingLairDefault,Neutrals,3,Master,7,0.5,180.0,480.0,480.0,GeneralNPC_Neutral_CloseCombat,1,1.0
base,RestingLairDefault,Neutrals,3,Master,7,0.5,180.0,480.0,480.0,GeneralNPC_Neutral_Recon,0,1.0
base,RestingLairDefault,Neutrals,3,Master,7,0.5,180.0,480.0,480.0,GeneralNPC_Neutral_Stormtrooper,3,1.0
base,RestingLairDefault,Neutrals,3,Master,7,0.5,180.0,480.0,480.0,GeneralNPC_Neutral_Sniper,1,0.2
base,RestingLairDefault,Varta,3,Newbie,6,0.5,180.0,480.0,480.0,GeneralNPC_Varta_CloseCombat,1,1.0
base,RestingLairDefault,Varta,3,Newbie,6,0.5,180.0,480.0,480.0,GeneralNPC_Varta_Recon,4,1.0
base,RestingLairDefault,Varta,3,Newbie,6,0.5,180.0,480.0,480.0,GeneralNPC_Varta_Stormtrooper,0,0
base,RestingLairDefault,Varta,3,Newbie,6,0.5,180.0,480.0,480.0,GeneralNPC_Varta_Sniper,0,0
base,RestingLairDefault,Varta,3,Newbie,6,0.5,180.0,480.0,480.0,GeneralNPC_Varta_Heavy,0,0
base,RestingLairDefault,Varta,3,Experienced,6,0.5,180.0,480.0,480.0,GeneralNPC_Varta_CloseCombat,1,1.0
base,RestingLairDefault,Varta,3,Experienced,6,0.5,180.0,480.0,480.0,GeneralNPC_Varta_Recon,1,1.0
base,RestingLairDefault,Varta,3,Experienced,6,0.5,180.0,480.0,480.0,GeneralNPC_Varta_Stormtrooper,1,1.0
base,RestingLairDefault,Varta,3,Experienced,6,0.5,180.0,480.0,480.0,GeneralNPC_Varta_Sniper,0,0
base,RestingLairDefault,Varta,3,Experienced,6,0.5,180.0,480.0,480.0,GeneralNPC_Varta_Heavy,0,0
base,RestingLairDefault,Varta,3,Veteran,7,0.5,180.0,480.0,480.0,GeneralNPC_Varta_CloseCombat,1,1.0
base,RestingLairDefault,Varta,3,Veteran,7,0.5,180.0,480.0,480.0,GeneralNPC_Varta_Recon,1,1.0
base,RestingLairDefault,Varta,3,Veteran,7,0.5,180.0,480.0,480.0,GeneralNPC_Varta_Stormtrooper,2,1.0
base,RestingLairDefault,Varta,3,Veteran,7,0.5,180.0,480.0,480.0,GeneralNPC_Varta_Sniper,1,0.2
base,RestingLairDefault,Varta,3,Veteran,7,0.5,180.0,480.0,480.0,GeneralNPC_Varta_Heavy,0,0.5
base,RestingLairDefault,Varta,3,Master,7,0.5,180.0,480.0,480.0,GeneralNPC_Varta_CloseCombat,1,1.0
base,RestingLairDefault,Varta,3,Master,7,0.5,180.0,480.0,480.0,GeneralNPC_Varta_Recon,0,1.0
base,RestingLairDefault,Varta,3,Master,7,0.5,180.0,480.0,480.0,GeneralNPC_Varta_Stormtrooper,2,1.0
base,RestingLairDefault,Varta,3,Master,7,0.5,180.0,480.0,480.0,GeneralNPC_Varta_Sniper,1,0.2
base,RestingLairDefault,Varta,3,Master,7,0.5,180.0,480.0,480.0,GeneralNPC_Varta_Heavy,1,0.2
base,RestingLairDefault,Mercenaries,3,Newbie,6,0.5,180.0,480.0,480.0,GeneralNPC_Mercenaries_CloseCombat,0,1.0
base,RestingLairDefault,Mercenaries,3,Newbie,6,0.5,180.0,480.0,480.0,GeneralNPC_Mercenaries_Recon,4,1.0
base,RestingLairDefault,Mercenaries,3,Newbie,6,0.5,180.0,480.0,480.0,GeneralNPC_Mercenaries_Stormtrooper,0,0
base,RestingLairDefault,Mercenaries,3,Newbie,6,0.5,180.0,480.0,480.0,GeneralNPC_Mercenaries_Sniper,0,0
base,RestingLairDefault,Mercenaries,3,Experienced,6,0.5,180.0,480.0,480.0,GeneralNPC_Mercenaries_CloseCombat,1,1.0
base,RestingLairDefault,Mercenaries,3,Experienced,6,0.5,180.0,480.0,480.0,GeneralNPC_Mercenaries_Recon,1,1.0
base,RestingLairDefault,Mercenaries,3,Experienced,6,0.5,180.0,480.0,480.0,GeneralNPC_Mercenaries_Stormtrooper,1,1.0
base,RestingLairDefault,Mercenaries,3,Experienced,6,0.5,180.0,480.0,480.0,GeneralNPC_Mercenaries_Sniper,0,0
base,RestingLairDefault,Mercenaries,3,Veteran,7,0.5,180.0,480.0,480.0,GeneralNPC_Mercenaries_CloseCombat,1,1.0
base,RestingLairDefault,Mercenaries,3,Veteran,7,0.5,180.0,480.0,480.0,GeneralNPC_Mercenaries_Recon,0,1.0
base,RestingLairDefault,Mercenaries,3,Veteran,7,0.5,180.0,480.0,480.0,GeneralNPC_Mercenaries_Stormtrooper,3,1.0
base,RestingLairDefault,Mercenaries,3,Veteran,7,0.5,180.0,480.0,480.0,GeneralNPC_Mercenaries_Sniper,1,0.2
base,RestingLairDefault,Mercenaries,3,Master,7,0.5,180.0,480.0,480.0,GeneralNPC_Mercenaries_CloseCombat,1,1.0
base,RestingLairDefault,Mercenaries,3,Master,7,0.5,180.0,480.0,480.0,GeneralNPC_Mercenaries_Recon,0,2.0
base,RestingLairDefault,Mercenaries,3,Master,7,0.5,180.0,480.0,480.0,GeneralNPC_Mercenaries_Stormtrooper,3,1.0
base,RestingLairDefault,Mercenaries,3,Master,7,0.5,180.0,480.0,480.0,GeneralNPC_Mercenaries_Sniper,1,0.2
base,RestingLairDefault,Freedom,3,Newbie,6,0.5,180.0,480.0,480.0,GeneralNPC_Freedom_CloseCombat,1,1.0
base,RestingLairDefault,Freedom,3,Newbie,6,0.5,180.0,480.0,480.0,GeneralNPC_Freedom_Recon,4,1.0
base,RestingLairDefault,Freedom,3,Newbie,6,0.5,180.0,480.0,480.0,GeneralNPC_Freedom_Stormtrooper,1,1.0
base,RestingLairDefault,Freedom,3,Newbie,6,0.5,180.0,480.0,480.0,GeneralNPC_Freedom_Sniper,1,1.0
base,RestingLairDefault,Freedom,3,Experienced,6,0.5,180.0,480.0,480.0,GeneralNPC_Freedom_CloseCombat,0,1.0
base,RestingLairDefault,Freedom,3,Experienced,6,0.5,180.0,480.0,480.0,GeneralNPC_Freedom_Recon,1,1.0
base,RestingLairDefault,Freedom,3,Experienced,6,0.5,180.0,480.0,480.0,GeneralNPC_Freedom_Stormtrooper,1,1.0
base,RestingLairDefault,Freedom,3,Experienced,6,0.5,180.0,480.0,480.0,GeneralNPC_Freedom_Sniper,0,0.2
base,RestingLairDefault,Freedom,3,Veteran,7,0.5,180.0,480.0,480.0,GeneralNPC_Freedom_CloseCombat,1,1.0
base,RestingLairDefault,Freedom,3,Veteran,7,0.5,180.0,480.0,480.0,GeneralNPC_Freedom_Recon,1,1.0
base,RestingLairDefault,Freedom,3,Veteran,7,0.5,180.0,480.0,480.0,GeneralNPC_Freedom_Stormtrooper,2,1.0
base,RestingLairDefault,Freedom,3,Veteran,7,0.5,180.0,480.0,480.0,GeneralNPC_Freedom_Sniper,1,0.2
base,RestingLairDefault,Freedom,3,Master,7,0.5,180.0,480.0,480.0,GeneralNPC_Freedom_CloseCombat,1,1.0
base,RestingLairDefault,Freedom,3,Master,7,0.5,180.0,480.0,480.0,GeneralNPC_Freedom_Recon,1,1.0
base,RestingLairDefault,Freedom,3,Master,7,0.5,180.0,480.0,480.0,GeneralNPC_Freedom_Stormtrooper,2,1.0
base,RestingLairDefault,Freedom,3,Master,7,0.5,180.0,480.0,480.0,GeneralNPC_Freedom_Sniper,1,0.2
base,RestingLairDefault,Bandits,3,Newbie,6,0.5,180.0,480.0,480.0,GeneralNPC_Bandit_CloseCombat,3,1.0
base,RestingLairDefault,Bandits,3,Newbie,6,0.5,180.0,480.0,480.0,GeneralNPC_Bandit_Recon,1,1.0
base,RestingLairDefault,Bandits,3,Newbie,6,0.5,180.0,480.0,480.0,GeneralNPC_Bandit_Stormtrooper,0,0.0
base,RestingLairDefault,Bandits,3,Newbie,6,0.5,180.0,480.0,480.0,GeneralNPC_Bandit_Heavy,0,0.0
base,RestingLairDefault,Bandits,3,Experienced,6,0.5,180.0,480.0,480.0,GeneralNPC_Bandit_CloseCombat,1,1.0
base,RestingLairDefault,Bandits,3,Experienced,6,0.5,180.0,480.0,480.0,GeneralNPC_Bandit_Recon,1,1.0
base,RestingLairDefault,Bandits,3,Experienced,6,0.5,180.0,480.0,480.0,GeneralNPC_Bandit_Stormtrooper,1,0
base,RestingLairDefault,Bandits,3,Experienced,6,0.5,180.0,480.0,480.0,GeneralNPC_Bandit_Heavy,0,0.0
base,RestingLairDefault,Bandits,3,Veteran,7,0.5,180.0,480.0,480.0,GeneralNPC_Bandit_CloseCombat,1,1.0
base,RestingLairDefault,Bandits,3,Veteran,7,0.5,180.0,480.0,480.0,GeneralNPC_Bandit_Recon,1,1.0
base,RestingLairDefault,Bandits,3,Veteran,7,0.5,180.0,480.0,480.0,GeneralNPC_Bandit_Stormtrooper,3,1.0
base,RestingLairDefault,Bandits,3,Veteran,7,0.5,180.0,480.0,480.0,GeneralNPC_Bandit_Heavy,0,0
base,RestingLairDefault,Bandits,3,Master,8,0.5,180.0,480.0,480.0,GeneralNPC_Bandit_CloseCombat,1,1.0
base,RestingLairDefault,Bandits,3,Master,8,0.5,180.0,480.0,480.0,GeneralNPC_Bandit_Recon,1,1.0
base,RestingLairDefault,Bandits,3,Master,8,0.5,180.0,480.0,480.0,GeneralNPC_Bandit_Stormtrooper,3,1.0
base,RestingLairDefault,Bandits,3,Master,8,0.5,180.0,480.0,480.0,GeneralNPC_Bandit_Heavy,0,0
base,RestingLairDefault,Monolith,3,Newbie,6,0.5,180.0,480.0,480.0,GeneralNPC_Monolith_CloseCombat,1,1.0
base,RestingLairDefault,Monolith,3,Newbie,6,0.5,180.0,480.0,480.0,GeneralNPC_Monolith_Recon,2,1.0
base,RestingLairDefault,Monolith,3,Newbie,6,0.5,180.0,480.0,480.0,GeneralNPC_Monolith_Stormtrooper,2,1.0
base,RestingLairDefault,Monolith,3,Newbie,6,0.5,180.0,480.0,480.0,GeneralNPC_Monolith_Sniper,0,0
base,RestingLairDefault,Monolith,3,Experienced,6,0.5,180.0,480.0,480.0,GeneralNPC_Monolith_CloseCombat,1,1.0
base,RestingLairDefault,Monolith,3,Experienced,6,0.5,180.0,480.0,480.0,GeneralNPC_Monolith_Recon,1,1.0
base,RestingLairDefault,Monolith,3,Experienced,6,0.5,180.0,480.0,480.0,GeneralNPC_Monolith_Stormtrooper,1,1.0
base,RestingLairDefault,Monolith,3,Experienced,6,0.5,180.0,480.0,480.0,GeneralNPC_Monolith_Sniper,0,0
base,RestingLairDefault,Monolith,3,Veteran,8,0.5,180.0,480.0,480.0,GeneralNPC_Monolith_CloseCombat,1,1.0
base,RestingLairDefault,Monolith,3,Veteran,8,0.5,180.0,480.0,480.0,GeneralNPC_Monolith_Recon,1,1.0
base,RestingLairDefault,Monolith,3,Veteran,8,0.5,180.0,480.0,480.0,GeneralNPC_Monolith_Stormtrooper,3,1.0
base,RestingLairDefault,Monolith,3,Veteran,8,0.5,180.0,480.0,480.0,GeneralNPC_Monolith_Sniper,1,0.2
base,RestingLairDefault,Monolith,3,Master,8,0.5,180.0,480.0,480.0,GeneralNPC_Monolith_CloseCombat,1,1.0
base,RestingLairDefault,Monolith,3,Master,8,0.5,180.0,480.0,480.0,GeneralNPC_Monolith_Recon,1,1.0
base,RestingLairDefault,Monolith,3,Master,8,0.5,180.0,480.0,480.0,GeneralNPC_Monolith_Stormtrooper,3,1.0
base,RestingLairDefault,Monolith,3,Master,8,0.5,180.0,480.0,480.0,GeneralNPC_Monolith_Sniper,1,0.2
base,RestingLairDefault,Duty,3,Newbie,6,0.5,180.0,480.0,480.0,GeneralNPC_Duty_CloseCombat,1,1.0
base,RestingLairDefault,Duty,3,Newbie,6,0.5,180.0,480.0,480.0,GeneralNPC_Duty_Recon,4,1.0
base,RestingLairDefault,Duty,3,Newbie,6,0.5,180.0,480.0,480.0,GeneralNPC_Duty_Stormtrooper,0,0
base,RestingLairDefault,Duty,3,Newbie,6,0.5,180.0,480.0,480.0,GeneralNPC_Duty_Sniper,0,0
base,RestingLairDefault,Duty,3,Newbie,6,0.5,180.0,480.0,480.0,GeneralNPC_Duty_Heavy,0,0
base,RestingLairDefault,Duty,3,Experienced,6,0.5,180.0,480.0,480.0,GeneralNPC_Duty_CloseCombat,1,1.0
base,RestingLairDefault,Duty,3,Experienced,6,0.5,180.0,480.0,480.0,GeneralNPC_Duty_Recon,1,1.0
base,RestingLairDefault,Duty,3,Experienced,6,0.5,180.0,480.0,480.0,GeneralNPC_Duty_Stormtrooper,1,1.0
base,RestingLairDefault,Duty,3,Experienced,6,0.5,180.0,480.0,480.0,GeneralNPC_Duty_Sniper,0,0
base,RestingLairDefault,Duty,3,Experienced,6,0.5,180.0,480.0,480.0,GeneralNPC_Duty_Heavy,0,0
base,RestingLairDefault,Duty,3,Veteran,7,0.5,180.0,480.0,480.0,GeneralNPC_Duty_CloseCombat,1,1.0
base,RestingLairDefault,Duty,3,Veteran,7,0.5,180.0,480.0,480.0,GeneralNPC_Duty_Recon,0,1.0
base,RestingLairDefault,Duty,3,Veteran,7,0.5,180.0,480.0,480.0,GeneralNPC_Duty_Stormtrooper,3,1.0
base,RestingLairDefault,Duty,3,Veteran,7,0.5,180.0,480.0,480.0,GeneralNPC_Duty_Sniper,1,0.2
base,RestingLairDefault,Duty,3,Veteran,7,0.5,180.0,480.0,480.0,GeneralNPC_Duty_Heavy,0,0
base,RestingLairDefault,Duty,3,Master,7,0.5,180.0,480.0,480.0,GeneralNPC_Duty_CloseCombat,1,1.0
base,RestingLairDefault,Duty,3,Master,7,0.5,180.0,480.0,480.0,GeneralNPC_Duty_Recon,1,1.0
base,RestingLairDefault,Duty,3,Master,7,0.5,180.0,480.0,480.0,GeneralNPC_Duty_Stormtrooper,2,1.0
base,RestingLairDefault,Duty,3,Master,7,0.5,180.0,480.0,480.0,GeneralNPC_Duty_Sniper,1,0.2
base,RestingLairDefault,Duty,3,Master,7,0.5,180.0,480.0,480.0,GeneralNPC_Duty_Heavy,0,0.5
base,RestingLairDefault,Noon,3,Newbie,6,0.5,180.0,480.0,480.0,GeneralNPC_Noon_CloseCombat,0,1.0
base,RestingLairDefault,Noon,3,Newbie,6,0.5,180.0,480.0,480.0,GeneralNPC_Noon_Recon,2,1.0
base,RestingLairDefault,Noon,3,Newbie,6,0.5,180.0,480.0,480.0,GeneralNPC_Noon_Stormtrooper,2,1.0
base,RestingLairDefault,Noon,3,Experienced,6,0.5,180.0,480.0,480.0,GeneralNPC_Noon_CloseCombat,1,1.0
base,RestingLairDefault,Noon,3,Experienced,6,0.5,180.0,480.0,480.0,GeneralNPC_Noon_Recon,1,1.0
base,RestingLairDefault,Noon,3,Experienced,6,0.5,180.0,480.0,480.0,GeneralNPC_Noon_Stormtrooper,1,1.0
base,RestingLairDefault,Noon,3,Veteran,7,0.5,180.0,480.0,480.0,GeneralNPC_Noon_CloseCombat,1,1.0
base,RestingLairDefault,Noon,3,Veteran,7,0.5,180.0,480.0,480.0,GeneralNPC_Noon_Recon,1,1.0
base,RestingLairDefault,Noon,3,Veteran,7,0.5,180.0,480.0,480.0,GeneralNPC_Noon_Stormtrooper,3,1.0
base,RestingLairDefault,Noon,3,Master,7,0.5,180.0,480.0,480.0,GeneralNPC_Noon_CloseCombat,1,1.0
base,RestingLairDefault,Noon,3,Master,7,0.5,180.0,480.0,480.0,GeneralNPC_Noon_Recon,1,1.0
base,RestingLairDefault,Noon,3,Master,7,0.5,180.0,480.0,480.0,GeneralNPC_Noon_Stormtrooper,3,1.0
base,RestingLairDefault,Scientists,3,Newbie,6,0.5,180.0,480.0,480.0,GeneralNPC_Scientists_Recon,1,1.0
base,RestingLairDefault,Scientists,3,Newbie,6,0.5,180.0,480.0,480.0,GeneralNPC_Scientists_Stormtrooper,1,1.0
base,RestingLairDefault,Scientists,3,Experienced,6,0.5,180.0,480.0,480.0,GeneralNPC_Scientists_Recon,4,1.0
base,RestingLairDefault,Scientists,3,Experienced,6,0.5,180.0,480.0,480.0,GeneralNPC_Scientists_Stormtrooper,1,1.0
base,RestingLairDefault,Scientists,3,Veteran,7,0.5,180.0,480.0,480.0,GeneralNPC_Scientists_Recon,1,1.0
base,RestingLairDefault,Scientists,3,Veteran,7,0.5,180.0,480.0,480.0,GeneralNPC_Scientists_Stormtrooper,4,1.0
base,RestingLairDefault,Scientists,3,Master,7,0.5,180.0,480.0,480.0,GeneralNPC_Scientists_Recon,1,1.0
base,RestingLairDefault,Scientists,3,Master,7,0.5,180.0,480.0,480.0,GeneralNPC_Scientists_Stormtrooper,3,1.0
base,RestingLairDefault,Spark,3,Newbie,6,0.5,180.0,480.0,480.0,GeneralNPC_Spark_CloseCombat,4,1.0
base,RestingLairDefault,Spark,3,Newbie,6,0.5,180.0,480.0,480.0,GeneralNPC_Spark_Recon,1,1.0
base,RestingLairDefault,Spark,3,Newbie,6,0.5,180.0,480.0,480.0,GeneralNPC_Spark_Stormtrooper,0,0
base,RestingLairDefault,Spark,3,Newbie,6,0.5,180.0,480.0,480.0,GeneralNPC_Spark_Sniper,0,0
base,RestingLairDefault,Spark,3,Experienced,6,0.5,180.0,480.0,480.0,GeneralNPC_Spark_CloseCombat,1,1.0
base,RestingLairDefault,Spark,3,Experienced,6,0.5,180.0,480.0,480.0,GeneralNPC_Spark_Recon,1,1.0
base,RestingLairDefault,Spark,3,Experienced,6,0.5,180.0,480.0,480.0,GeneralNPC_Spark_Stormtrooper,1,1.0
base,RestingLairDefault,Spark,3,Experienced,6,0.5,180.0,480.0,480.0,GeneralNPC_Spark_Sniper,0,0.2
base,RestingLairDefault,Spark,3,Veteran,7,0.5,180.0,480.0,480.0,GeneralNPC_Spark_CloseCombat,1,1.0
base,RestingLairDefault,Spark,3,Veteran,7,0.5,180.0,480.0,480.0,GeneralNPC_Spark_Recon,0,1.0
base,RestingLairDefault,Spark,3,Veteran,7,0.5,180.0,480.0,480.0,GeneralNPC_Spark_Stormtrooper,3,1.0
base,RestingLairDefault,Spark,3,Veteran,7,0.5,180.0,480.0,480.0,GeneralNPC_Spark_Sniper,1,0.2
base,RestingLairDefault,Spark,3,Master,7,0.5,180.0,480.0,480.0,GeneralNPC_Spark_CloseCombat,1,1.0
base,RestingLairDefault,Spark,3,Master,7,0.5,180.0,480.0,480.0,GeneralNPC_Spark_Recon,0,1.0
base,RestingLairDefault,Spark,3,Master,7,0.5,180.0,480.0,480.0,GeneralNPC_Spark_Stormtrooper,3,1.0
base,RestingLairDefault,Spark,3,Master,7,0.5,180.0,480.0,480.0,GeneralNPC_Spark_Sniper,1,0.2
base,RestingLairDefault,Corpus,3,Newbie,6,0.5,180.0,480.0,480.0,GeneralNPC_Corpus_CloseCombat,1,1.0
base,RestingLairDefault,Corpus,3,Newbie,6,0.5,180.0,480.0,480.0,GeneralNPC_Corpus_Recon,4,1.0
base,RestingLairDefault,Corpus,3,Newbie,6,0.5,180.0,480.0,480.0,GeneralNPC_Corpus_Stormtrooper,0,0
base,RestingLairDefault,Corpus,3,Newbie,6,0.5,180.0,480.0,480.0,GeneralNPC_Corpus_Sniper,0,0
base,RestingLairDefault,Corpus,3,Newbie,6,0.5,180.0,480.0,480.0,GeneralNPC_Corpus_Heavy,0,0
base,RestingLairDefault,Corpus,3,Experienced,6,0.5,180.0,480.0,480.0,GeneralNPC_Corpus_CloseCombat,0,1.0
base,RestingLairDefault,Corpus,3,Experienced,6,0.5,180.0,480.0,480.0,GeneralNPC_Corpus_Recon,1,1.0
base,RestingLairDefault,Corpus,3,Experienced,6,0.5,180.0,480.0,480.0,GeneralNPC_Corpus_Stormtrooper,2,1.0
base,RestingLairDefault,Corpus,3,Experienced,6,0.5,180.0,480.0,480.0,GeneralNPC_Corpus_Sniper,0,0
base,RestingLairDefault,Corpus,3,Experienced,6,0.5,180.0,480.0,480.0,GeneralNPC_Corpus_Heavy,0,0
base,RestingLairDefault,Corpus,3,Veteran,7,0.5,180.0,480.0,480.0,GeneralNPC_Corpus_CloseCombat,1,1.0
base,RestingLairDefault,Corpus,3,Veteran,7,0.5,180.0,480.0,480.0,GeneralNPC_Corpus_Recon,1,1.0
base,RestingLairDefault,Corpus,3,Veteran,7,0.5,180.0,480.0,480.0,GeneralNPC_Corpus_Stormtrooper,2,1.0
base,RestingLairDefault,Corpus,3,Veteran,7,0.5,180.0,480.0,480.0,GeneralNPC_Corpus_Sniper,0,0
base,RestingLairDefault,Corpus,3,Veteran,7,0.5,180.0,480.0,480.0,GeneralNPC_Corpus_Heavy,1,0.2
base,RestingLairDefault,Corpus,3,Master,7,0.5,180.0,480.0,480.0,GeneralNPC_Corpus_CloseCombat,0,1.0
base,RestingLairDefault,Corpus,3,Master,7,0.5,180.0,480.0,480.0,GeneralNPC_Corpus_Recon,0,1.0
base,RestingLairDefault,Corpus,3,Master,7,0.5,180.0,480.0,480.0,GeneralNPC_Corpus_Stormtrooper,3,1.0
base,RestingLairDefault,Corpus,3,Master,7,0.5,180.0,480.0,480.0,GeneralNPC_Corpus_Sniper,1,0.2
base,RestingLairDefault,Corpus,3,Master,7,0.5,180.0,480.0,480.0,GeneralNPC_Corpus_Heavy,1,0.2
DLC1,DutyCNPPZombies,Zombie,3,Newbie,6,0.5,6,30,30,GeneralCNPPZombie_Duty_CloseCombat,1,1
DLC1,DutyCNPPZombies,Zombie,3,Newbie,6,0.5,6,30,30,GeneralCNPPZombie_Duty_Recon,1,1
DLC1,DutyCNPPZombies,Zombie,3,Newbie,6,0.5,6,30,30,GeneralCNPPZombie_Duty_Stormtrooper,1,1
DLC1,DutyCNPPZombies,Zombie,3,Newbie,6,0.5,6,30,30,GeneralCNPPZombie_Duty_Sniper,0,1
DLC1,DutyCNPPZombies,Zombie,3,Newbie,6,0.5,6,30,30,GeneralCNPPZombie_Duty_Heavy,0,1
DLC1,DutyCNPPZombies,Zombie,3,Experienced,7,0.5,180,480,480,GeneralCNPPZombie_Duty_CloseCombat,1,1
DLC1,DutyCNPPZombies,Zombie,3,Experienced,7,0.5,180,480,480,GeneralCNPPZombie_Duty_Recon,1,1
DLC1,DutyCNPPZombies,Zombie,3,Experienced,7,0.5,180,480,480,GeneralCNPPZombie_Duty_Stormtrooper,1,1
DLC1,DutyCNPPZombies,Zombie,3,Experienced,7,0.5,180,480,480,GeneralCNPPZombie_Duty_Sniper,0,1
DLC1,DutyCNPPZombies,Zombie,3,Experienced,7,0.5,180,480,480,GeneralCNPPZombie_Duty_Heavy,0,1
DLC1,DutyCNPPZombies,Zombie,3,Veteran,8,0.5,180,480,480,GeneralCNPPZombie_Duty_CloseCombat,1,1
DLC1,DutyCNPPZombies,Zombie,3,Veteran,8,0.5,180,480,480,GeneralCNPPZombie_Duty_Recon,1,1
DLC1,DutyCNPPZombies,Zombie,3,Veteran,8,0.5,180,480,480,GeneralCNPPZombie_Duty_Stormtrooper,1,1
DLC1,DutyCNPPZombies,Zombie,3,Veteran,8,0.5,180,480,480,GeneralCNPPZombie_Duty_Sniper,0,1
DLC1,DutyCNPPZombies,Zombie,3,Veteran,8,0.5,180,480,480,GeneralCNPPZombie_Duty_Heavy,1,1
DLC1,DutyCNPPZombies,Zombie,3,Master,10,0.5,180,480,480,GeneralCNPPZombie_Duty_CloseCombat,1,1
DLC1,DutyCNPPZombies,Zombie,3,Master,10,0.5,180,480,480,GeneralCNPPZombie_Duty_Recon,1,1
DLC1,DutyCNPPZombies,Zombie,3,Master,10,0.5,180,480,480,GeneralCNPPZombie_Duty_Stormtrooper,1,1
DLC1,DutyCNPPZombies,Zombie,3,Master,10,0.5,180,480,480,GeneralCNPPZombie_Duty_Sniper,1,1
DLC1,DutyCNPPZombies,Zombie,3,Master,10,0.5,180,480,480,GeneralCNPPZombie_Duty_Heavy,1,1
DLC1,FreedomCNPPZombies,Zombie,3,Newbie,6,0.5,6,30,30,GeneralCNPPZombie_Freedom_CloseCombat,1,1
DLC1,FreedomCNPPZombies,Zombie,3,Newbie,6,0.5,6,30,30,GeneralCNPPZombie_Freedom_Recon,1,1
DLC1,FreedomCNPPZombies,Zombie,3,Newbie,6,0.5,6,30,30,GeneralCNPPZombie_Freedom_Stormtrooper,1,1
DLC1,FreedomCNPPZombies,Zombie,3,Newbie,6,0.5,6,30,30,GeneralCNPPZombie_Freedom_Sniper,0,1
DLC1,FreedomCNPPZombies,Zombie,3,Experienced,7,0.5,180,480,480,GeneralCNPPZombie_Freedom_CloseCombat,1,1
DLC1,FreedomCNPPZombies,Zombie,3,Experienced,7,0.5,180,480,480,GeneralCNPPZombie_Freedom_Recon,1,1
DLC1,FreedomCNPPZombies,Zombie,3,Experienced,7,0.5,180,480,480,GeneralCNPPZombie_Freedom_Stormtrooper,1,1
DLC1,FreedomCNPPZombies,Zombie,3,Experienced,7,0.5,180,480,480,GeneralCNPPZombie_Freedom_Sniper,0,1
DLC1,FreedomCNPPZombies,Zombie,3,Veteran,8,0.5,180,480,480,GeneralCNPPZombie_Freedom_CloseCombat,1,1
DLC1,FreedomCNPPZombies,Zombie,3,Veteran,8,0.5,180,480,480,GeneralCNPPZombie_Freedom_Recon,1,1
DLC1,FreedomCNPPZombies,Zombie,3,Veteran,8,0.5,180,480,480,GeneralCNPPZombie_Freedom_Stormtrooper,1,1
DLC1,FreedomCNPPZombies,Zombie,3,Veteran,8,0.5,180,480,480,GeneralCNPPZombie_Freedom_Sniper,1,1
DLC1,FreedomCNPPZombies,Zombie,3,Master,10,0.5,180,480,480,GeneralCNPPZombie_Freedom_CloseCombat,1,1
DLC1,FreedomCNPPZombies,Zombie,3,Master,10,0.5,180,480,480,GeneralCNPPZombie_Freedom_Recon,1,1
DLC1,FreedomCNPPZombies,Zombie,3,Master,10,0.5,180,480,480,GeneralCNPPZombie_Freedom_Stormtrooper,1,1
DLC1,FreedomCNPPZombies,Zombie,3,Master,10,0.5,180,480,480,GeneralCNPPZombie_Freedom_Sniper,1,1
DLC1,BanditCNPPZombies,Zombie,3,Newbie,6,0.5,6,30,30,GeneralCNPPZombie_Bandit_CloseCombat,1,1
DLC1,BanditCNPPZombies,Zombie,3,Newbie,6,0.5,6,30,30,GeneralCNPPZombie_Bandit_Recon,1,1
DLC1,BanditCNPPZombies,Zombie,3,Newbie,6,0.5,6,30,30,GeneralCNPPZombie_Bandit_Stormtrooper,1,1
DLC1,BanditCNPPZombies,Zombie,3,Newbie,6,0.5,6,30,30,GeneralCNPPZombie_Bandit_Heavy,0,1
DLC1,BanditCNPPZombies,Zombie,3,Experienced,7,0.5,180,480,480,GeneralCNPPZombie_Bandit_CloseCombat,1,1
DLC1,BanditCNPPZombies,Zombie,3,Experienced,7,0.5,180,480,480,GeneralCNPPZombie_Bandit_Recon,1,1
DLC1,BanditCNPPZombies,Zombie,3,Experienced,7,0.5,180,480,480,GeneralCNPPZombie_Bandit_Stormtrooper,1,1
DLC1,BanditCNPPZombies,Zombie,3,Experienced,7,0.5,180,480,480,GeneralCNPPZombie_Bandit_Heavy,0,1
DLC1,BanditCNPPZombies,Zombie,3,Veteran,8,0.5,180,480,480,GeneralCNPPZombie_Bandit_CloseCombat,1,1
DLC1,BanditCNPPZombies,Zombie,3,Veteran,8,0.5,180,480,480,GeneralCNPPZombie_Bandit_Recon,1,1
DLC1,BanditCNPPZombies,Zombie,3,Veteran,8,0.5,180,480,480,GeneralCNPPZombie_Bandit_Stormtrooper,1,1
DLC1,BanditCNPPZombies,Zombie,3,Veteran,8,0.5,180,480,480,GeneralCNPPZombie_Bandit_Heavy,1,1
DLC1,BanditCNPPZombies,Zombie,3,Master,10,0.5,180,480,480,GeneralCNPPZombie_Bandit_CloseCombat,1,1
DLC1,BanditCNPPZombies,Zombie,3,Master,10,0.5,180,480,480,GeneralCNPPZombie_Bandit_Recon,1,1
DLC1,BanditCNPPZombies,Zombie,3,Master,10,0.5,180,480,480,GeneralCNPPZombie_Bandit_Stormtrooper,1,1
DLC1,BanditCNPPZombies,Zombie,3,Master,10,0.5,180,480,480,GeneralCNPPZombie_Bandit_Heavy,1,1
DLC1,NeutralCNPPZombies,Zombie,3,Newbie,6,0.5,6,30,30,GeneralCNPPZombie_Neutral_CloseCombat,1,1
DLC1,NeutralCNPPZombies,Zombie,3,Newbie,6,0.5,6,30,30,GeneralCNPPZombie_Neutral_Recon,1,1
DLC1,NeutralCNPPZombies,Zombie,3,Newbie,6,0.5,6,30,30,GeneralCNPPZombie_Neutral_Stormtrooper,1,1
DLC1,NeutralCNPPZombies,Zombie,3,Newbie,6,0.5,6,30,30,GeneralCNPPZombie_Neutral_Sniper,0,1
DLC1,NeutralCNPPZombies,Zombie,3,Experienced,7,0.5,180,480,480,GeneralCNPPZombie_Neutral_CloseCombat,1,1
DLC1,NeutralCNPPZombies,Zombie,3,Experienced,7,0.5,180,480,480,GeneralCNPPZombie_Neutral_Recon,1,1
DLC1,NeutralCNPPZombies,Zombie,3,Experienced,7,0.5,180,480,480,GeneralCNPPZombie_Neutral_Stormtrooper,1,1
DLC1,NeutralCNPPZombies,Zombie,3,Experienced,7,0.5,180,480,480,GeneralCNPPZombie_Neutral_Sniper,0,1
DLC1,NeutralCNPPZombies,Zombie,3,Veteran,8,0.5,180,480,480,GeneralCNPPZombie_Neutral_CloseCombat,1,1
DLC1,NeutralCNPPZombies,Zombie,3,Veteran,8,0.5,180,480,480,GeneralCNPPZombie_Neutral_Recon,1,1
DLC1,NeutralCNPPZombies,Zombie,3,Veteran,8,0.5,180,480,480,GeneralCNPPZombie_Neutral_Stormtrooper,1,1
DLC1,NeutralCNPPZombies,Zombie,3,Veteran,8,0.5,180,480,480,GeneralCNPPZombie_Neutral_Sniper,1,1
DLC1,NeutralCNPPZombies,Zombie,3,Master,10,0.5,180,480,480,GeneralCNPPZombie_Neutral_CloseCombat,1,1
DLC1,NeutralCNPPZombies,Zombie,3,Master,10,0.5,180,480,480,GeneralCNPPZombie_Neutral_Recon,1,1
DLC1,NeutralCNPPZombies,Zombie,3,Master,10,0.5,180,480,480,GeneralCNPPZombie_Neutral_Stormtrooper,1,1
DLC1,NeutralCNPPZombies,Zombie,3,Master,10,0.5,180,480,480,GeneralCNPPZombie_Neutral_Sniper,1,1
DLC1,CorpusCNPPZombie,Zombie,3,Newbie,6,0.5,180,480,480,GeneralCNPPZombie_Corpus_CloseCombat,1,1
DLC1,CorpusCNPPZombie,Zombie,3,Newbie,6,0.5,180,480,480,GeneralCNPPZombie_Corpus_Recon,1,1
DLC1,CorpusCNPPZombie,Zombie,3,Newbie,6,0.5,180,480,480,GeneralCNPPZombie_Corpus_Stormtrooper,1,1
DLC1,CorpusCNPPZombie,Zombie,3,Newbie,6,0.5,180,480,480,GeneralCNPPZombie_Corpus_Sniper,0,1
DLC1,CorpusCNPPZombie,Zombie,3,Newbie,6,0.5,180,480,480,GeneralCNPPZombie_Corpus_Heavy,0,1
DLC1,CorpusCNPPZombie,Zombie,3,Experienced,8,0.5,180,480,480,GeneralCNPPZombie_Corpus_CloseCombat,1,1
DLC1,CorpusCNPPZombie,Zombie,3,Experienced,8,0.5,180,480,480,GeneralCNPPZombie_Corpus_Recon,1,1
DLC1,CorpusCNPPZombie,Zombie,3,Experienced,8,0.5,180,480,480,GeneralCNPPZombie_Corpus_Stormtrooper,1,1
DLC1,CorpusCNPPZombie,Zombie,3,Experienced,8,0.5,180,480,480,GeneralCNPPZombie_Corpus_Sniper,0,1
DLC1,CorpusCNPPZombie,Zombie,3,Experienced,8,0.5,180,480,480,GeneralCNPPZombie_Corpus_Heavy,0,1
DLC1,CorpusCNPPZombie,Zombie,3,Veteran,10,0.5,180,480,480,GeneralCNPPZombie_Corpus_CloseCombat,1,1
DLC1,CorpusCNPPZombie,Zombie,3,Veteran,10,0.5,180,480,480,GeneralCNPPZombie_Corpus_Recon,1,1
DLC1,CorpusCNPPZombie,Zombie,3,Veteran,10,0.5,180,480,480,GeneralCNPPZombie_Corpus_Stormtrooper,1,1
DLC1,CorpusCNPPZombie,Zombie,3,Veteran,10,0.5,180,480,480,GeneralCNPPZombie_Corpus_Sniper,0,1
DLC1,CorpusCNPPZombie,Zombie,3,Veteran,10,0.5,180,480,480,GeneralCNPPZombie_Corpus_Heavy,1,1
DLC1,CorpusCNPPZombie,Zombie,3,Master,10,0.5,180,480,480,GeneralCNPPZombie_Corpus_CloseCombat,1,1
DLC1,CorpusCNPPZombie,Zombie,3,Master,10,0.5,180,480,480,GeneralCNPPZombie_Corpus_Recon,1,1
DLC1,CorpusCNPPZombie,Zombie,3,Master,10,0.5,180,480,480,GeneralCNPPZombie_Corpus_Stormtrooper,1,1
DLC1,CorpusCNPPZombie,Zombie,3,Master,10,0.5,180,480,480,GeneralCNPPZombie_Corpus_Sniper,1,1
DLC1,CorpusCNPPZombie,Zombie,3,Master,10,0.5,180,480,480,GeneralCNPPZombie_Corpus_Heavy,1,1
DLC1,FW_Duty,FW_Duty,3,Newbie,6,0.5,180,480,480,FW_Duty_CloseCombat,1,1
DLC1,FW_Duty,FW_Duty,3,Newbie,6,0.5,180,480,480,FW_Duty_Recon,4,1
DLC1,FW_Duty,FW_Duty,3,Newbie,6,0.5,180,480,480,FW_Duty_Stormtrooper,0,0
DLC1,FW_Duty,FW_Duty,3,Newbie,6,0.5,180,480,480,FW_Duty_Sniper,0,0
DLC1,FW_Duty,FW_Duty,3,Newbie,6,0.5,180,480,480,FW_Duty_Heavy,0,0
DLC1,FW_Duty,FW_Duty,3,Experienced,6,0.5,180,480,480,FW_Duty_CloseCombat,1,1
DLC1,FW_Duty,FW_Duty,3,Experienced,6,0.5,180,480,480,FW_Duty_Recon,1,1
DLC1,FW_Duty,FW_Duty,3,Experienced,6,0.5,180,480,480,FW_Duty_Stormtrooper,1,1
DLC1,FW_Duty,FW_Duty,3,Experienced,6,0.5,180,480,480,FW_Duty_Sniper,0,0
DLC1,FW_Duty,FW_Duty,3,Experienced,6,0.5,180,480,480,FW_Duty_Heavy,0,0
DLC1,FW_Duty,FW_Duty,3,Veteran,7,0.5,180,480,480,FW_Duty_CloseCombat,1,1
DLC1,FW_Duty,FW_Duty,3,Veteran,7,0.5,180,480,480,FW_Duty_Recon,0,1
DLC1,FW_Duty,FW_Duty,3,Veteran,7,0.5,180,480,480,FW_Duty_Stormtrooper,3,1
DLC1,FW_Duty,FW_Duty,3,Veteran,7,0.5,180,480,480,FW_Duty_Sniper,1,0.2
DLC1,FW_Duty,FW_Duty,3,Veteran,7,0.5,180,480,480,FW_Duty_Heavy,0,0
DLC1,FW_Duty,FW_Duty,3,Master,7,0.5,180,480,480,FW_Duty_CloseCombat,1,1
DLC1,FW_Duty,FW_Duty,3,Master,7,0.5,180,480,480,FW_Duty_Recon,1,1
DLC1,FW_Duty,FW_Duty,3,Master,7,0.5,180,480,480,FW_Duty_Stormtrooper,2,1
DLC1,FW_Duty,FW_Duty,3,Master,7,0.5,180,480,480,FW_Duty_Sniper,1,0.2
DLC1,FW_Duty,FW_Duty,3,Master,7,0.5,180,480,480,FW_Duty_Heavy,0,0.5
DLC1,FW_Freedom,FW_Freedom,3,Newbie,6,0.5,180,480,480,FW_Freedom_CloseCombat,1,1
DLC1,FW_Freedom,FW_Freedom,3,Newbie,6,0.5,180,480,480,FW_Freedom_Recon,4,1
DLC1,FW_Freedom,FW_Freedom,3,Newbie,6,0.5,180,480,480,FW_Freedom_Stormtrooper,1,1
DLC1,FW_Freedom,FW_Freedom,3,Newbie,6,0.5,180,480,480,FW_Freedom_Sniper,1,1
DLC1,FW_Freedom,FW_Freedom,3,Experienced,6,0.5,180,480,480,FW_Freedom_CloseCombat,0,1
DLC1,FW_Freedom,FW_Freedom,3,Experienced,6,0.5,180,480,480,FW_Freedom_Recon,1,1
DLC1,FW_Freedom,FW_Freedom,3,Experienced,6,0.5,180,480,480,FW_Freedom_Stormtrooper,1,1
DLC1,FW_Freedom,FW_Freedom,3,Experienced,6,0.5,180,480,480,FW_Freedom_Sniper,0,0.2
DLC1,FW_Freedom,FW_Freedom,3,Veteran,7,0.5,180,480,480,FW_Freedom_CloseCombat,1,1
DLC1,FW_Freedom,FW_Freedom,3,Veteran,7,0.5,180,480,480,FW_Freedom_Recon,1,1
DLC1,FW_Freedom,FW_Freedom,3,Veteran,7,0.5,180,480,480,FW_Freedom_Stormtrooper,2,1
DLC1,FW_Freedom,FW_Freedom,3,Veteran,7,0.5,180,480,480,FW_Freedom_Sniper,1,0.2
DLC1,FW_Freedom,FW_Freedom,3,Master,7,0.5,180,480,480,FW_Freedom_CloseCombat,1,1
DLC1,FW_Freedom,FW_Freedom,3,Master,7,0.5,180,480,480,FW_Freedom_Recon,1,1
DLC1,FW_Freedom,FW_Freedom,3,Master,7,0.5,180,480,480,FW_Freedom_Stormtrooper,2,1
DLC1,FW_Freedom,FW_Freedom,3,Master,7,0.5,180,480,480,FW_Freedom_Sniper,1,0.2
DLC1,FW_HumansOnly,FW_Freedom,3,Newbie,6,0.5,180,480,480,FW_Freedom_CloseCombat,1,1
DLC1,FW_HumansOnly,FW_Freedom,3,Newbie,6,0.5,180,480,480,FW_Freedom_Recon,4,1
DLC1,FW_HumansOnly,FW_Freedom,3,Newbie,6,0.5,180,480,480,FW_Freedom_Stormtrooper,1,1
DLC1,FW_HumansOnly,FW_Freedom,3,Newbie,6,0.5,180,480,480,FW_Freedom_Sniper,1,1
DLC1,FW_HumansOnly,FW_Freedom,3,Experienced,6,0.5,180,480,480,FW_Freedom_CloseCombat,0,1
DLC1,FW_HumansOnly,FW_Freedom,3,Experienced,6,0.5,180,480,480,FW_Freedom_Recon,1,1
DLC1,FW_HumansOnly,FW_Freedom,3,Experienced,6,0.5,180,480,480,FW_Freedom_Stormtrooper,1,1
DLC1,FW_HumansOnly,FW_Freedom,3,Experienced,6,0.5,180,480,480,FW_Freedom_Sniper,0,0.2
DLC1,FW_HumansOnly,FW_Freedom,3,Veteran,7,0.5,180,480,480,FW_Freedom_CloseCombat,1,1
DLC1,FW_HumansOnly,FW_Freedom,3,Veteran,7,0.5,180,480,480,FW_Freedom_Recon,1,1
DLC1,FW_HumansOnly,FW_Freedom,3,Veteran,7,0.5,180,480,480,FW_Freedom_Stormtrooper,2,1
DLC1,FW_HumansOnly,FW_Freedom,3,Veteran,7,0.5,180,480,480,FW_Freedom_Sniper,1,0.2
DLC1,FW_HumansOnly,FW_Freedom,3,Master,7,0.5,180,480,480,FW_Freedom_CloseCombat,1,1
DLC1,FW_HumansOnly,FW_Freedom,3,Master,7,0.5,180,480,480,FW_Freedom_Recon,1,1
DLC1,FW_HumansOnly,FW_Freedom,3,Master,7,0.5,180,480,480,FW_Freedom_Stormtrooper,2,1
DLC1,FW_HumansOnly,FW_Freedom,3,Master,7,0.5,180,480,480,FW_Freedom_Sniper,1,0.2
DLC1,FW_HumansOnly,FW_Duty,3,Newbie,6,0.5,180,480,480,FW_Duty_CloseCombat,1,1
DLC1,FW_HumansOnly,FW_Duty,3,Newbie,6,0.5,180,480,480,FW_Duty_Recon,4,1
DLC1,FW_HumansOnly,FW_Duty,3,Newbie,6,0.5,180,480,480,FW_Duty_Stormtrooper,0,0
DLC1,FW_HumansOnly,FW_Duty,3,Newbie,6,0.5,180,480,480,FW_Duty_Sniper,0,0
DLC1,FW_HumansOnly,FW_Duty,3,Newbie,6,0.5,180,480,480,FW_Duty_Heavy,0,0
DLC1,FW_HumansOnly,FW_Duty,3,Experienced,6,0.5,180,480,480,FW_Duty_CloseCombat,1,1
DLC1,FW_HumansOnly,FW_Duty,3,Experienced,6,0.5,180,480,480,FW_Duty_Recon,1,1
DLC1,FW_HumansOnly,FW_Duty,3,Experienced,6,0.5,180,480,480,FW_Duty_Stormtrooper,1,1
DLC1,FW_HumansOnly,FW_Duty,3,Experienced,6,0.5,180,480,480,FW_Duty_Sniper,0,0
DLC1,FW_HumansOnly,FW_Duty,3,Experienced,6,0.5,180,480,480,FW_Duty_Heavy,0,0
DLC1,FW_HumansOnly,FW_Duty,3,Veteran,7,0.5,180,480,480,FW_Duty_CloseCombat,1,1
DLC1,FW_HumansOnly,FW_Duty,3,Veteran,7,0.5,180,480,480,FW_Duty_Recon,0,1
DLC1,FW_HumansOnly,FW_Duty,3,Veteran,7,0.5,180,480,480,FW_Duty_Stormtrooper,3,1
DLC1,FW_HumansOnly,FW_Duty,3,Veteran,7,0.5,180,480,480,FW_Duty_Sniper,1,0.2
DLC1,FW_HumansOnly,FW_Duty,3,Veteran,7,0.5,180,480,480,FW_Duty_Heavy,0,0
DLC1,FW_HumansOnly,FW_Duty,3,Master,7,0.5,180,480,480,FW_Duty_CloseCombat,1,1
DLC1,FW_HumansOnly,FW_Duty,3,Master,7,0.5,180,480,480,FW_Duty_Recon,1,1
DLC1,FW_HumansOnly,FW_Duty,3,Master,7,0.5,180,480,480,FW_Duty_Stormtrooper,2,1
DLC1,FW_HumansOnly,FW_Duty,3,Master,7,0.5,180,480,480,FW_Duty_Sniper,1,0.2
DLC1,FW_HumansOnly,FW_Duty,3,Master,7,0.5,180,480,480,FW_Duty_Heavy,0,0.5
DLC1,FW_HumansAndMutants,FW_Freedom,3,Newbie,6,0.5,180,480,480,FW_Freedom_CloseCombat,1,1
DLC1,FW_HumansAndMutants,FW_Freedom,3,Newbie,6,0.5,180,480,480,FW_Freedom_Recon,4,1
DLC1,FW_HumansAndMutants,FW_Freedom,3,Newbie,6,0.5,180,480,480,FW_Freedom_Stormtrooper,1,1
DLC1,FW_HumansAndMutants,FW_Freedom,3,Newbie,6,0.5,180,480,480,FW_Freedom_Sniper,1,1
DLC1,FW_HumansAndMutants,FW_Freedom,3,Experienced,6,0.5,180,480,480,FW_Freedom_CloseCombat,0,1
DLC1,FW_HumansAndMutants,FW_Freedom,3,Experienced,6,0.5,180,480,480,FW_Freedom_Recon,1,1
DLC1,FW_HumansAndMutants,FW_Freedom,3,Experienced,6,0.5,180,480,480,FW_Freedom_Stormtrooper,1,1
DLC1,FW_HumansAndMutants,FW_Freedom,3,Experienced,6,0.5,180,480,480,FW_Freedom_Sniper,0,0.2
DLC1,FW_HumansAndMutants,FW_Freedom,3,Veteran,7,0.5,180,480,480,FW_Freedom_CloseCombat,1,1
DLC1,FW_HumansAndMutants,FW_Freedom,3,Veteran,7,0.5,180,480,480,FW_Freedom_Recon,1,1
DLC1,FW_HumansAndMutants,FW_Freedom,3,Veteran,7,0.5,180,480,480,FW_Freedom_Stormtrooper,2,1
DLC1,FW_HumansAndMutants,FW_Freedom,3,Veteran,7,0.5,180,480,480,FW_Freedom_Sniper,1,0.2
DLC1,FW_HumansAndMutants,FW_Freedom,3,Master,7,0.5,180,480,480,FW_Freedom_CloseCombat,1,1
DLC1,FW_HumansAndMutants,FW_Freedom,3,Master,7,0.5,180,480,480,FW_Freedom_Recon,1,1
DLC1,FW_HumansAndMutants,FW_Freedom,3,Master,7,0.5,180,480,480,FW_Freedom_Stormtrooper,2,1
DLC1,FW_HumansAndMutants,FW_Freedom,3,Master,7,0.5,180,480,480,FW_Freedom_Sniper,1,0.2
DLC1,FW_HumansAndMutants,FW_Duty,3,Newbie,6,0.5,180,480,480,FW_Duty_CloseCombat,1,1
DLC1,FW_HumansAndMutants,FW_Duty,3,Newbie,6,0.5,180,480,480,FW_Duty_Recon,4,1
DLC1,FW_HumansAndMutants,FW_Duty,3,Newbie,6,0.5,180,480,480,FW_Duty_Stormtrooper,0,0
DLC1,FW_HumansAndMutants,FW_Duty,3,Newbie,6,0.5,180,480,480,FW_Duty_Sniper,0,0
DLC1,FW_HumansAndMutants,FW_Duty,3,Newbie,6,0.5,180,480,480,FW_Duty_Heavy,0,0
DLC1,FW_HumansAndMutants,FW_Duty,3,Experienced,6,0.5,180,480,480,FW_Duty_CloseCombat,1,1
DLC1,FW_HumansAndMutants,FW_Duty,3,Experienced,6,0.5,180,480,480,FW_Duty_Recon,1,1
DLC1,FW_HumansAndMutants,FW_Duty,3,Experienced,6,0.5,180,480,480,FW_Duty_Stormtrooper,1,1
DLC1,FW_HumansAndMutants,FW_Duty,3,Experienced,6,0.5,180,480,480,FW_Duty_Sniper,0,0
DLC1,FW_HumansAndMutants,FW_Duty,3,Experienced,6,0.5,180,480,480,FW_Duty_Heavy,0,0
DLC1,FW_HumansAndMutants,FW_Duty,3,Veteran,7,0.5,180,480,480,FW_Duty_CloseCombat,1,1
DLC1,FW_HumansAndMutants,FW_Duty,3,Veteran,7,0.5,180,480,480,FW_Duty_Recon,0,1
DLC1,FW_HumansAndMutants,FW_Duty,3,Veteran,7,0.5,180,480,480,FW_Duty_Stormtrooper,3,1
DLC1,FW_HumansAndMutants,FW_Duty,3,Veteran,7,0.5,180,480,480,FW_Duty_Sniper,1,0.2
DLC1,FW_HumansAndMutants,FW_Duty,3,Veteran,7,0.5,180,480,480,FW_Duty_Heavy,0,0
DLC1,FW_HumansAndMutants,FW_Duty,3,Master,7,0.5,180,480,480,FW_Duty_CloseCombat,1,1
DLC1,FW_HumansAndMutants,FW_Duty,3,Master,7,0.5,180,480,480,FW_Duty_Recon,1,1
DLC1,FW_HumansAndMutants,FW_Duty,3,Master,7,0.5,180,480,480,FW_Duty_Stormtrooper,2,1
DLC1,FW_HumansAndMutants,FW_Duty,3,Master,7,0.5,180,480,480,FW_Duty_Sniper,1,0.2
DLC1,FW_HumansAndMutants,FW_Duty,3,Master,7,0.5,180,480,480,FW_Duty_Heavy,0,0.5
DLC1,FW_HumansAndMutants,Blinddog,3,Newbie,9,0.5,180,480,480,Blinddog,1,1
DLC1,FW_HumansAndMutants,Blinddog,3,Experienced,9,0.5,180,480,480,Blinddog,1,1
DLC1,FW_HumansAndMutants,Blinddog,3,Veteran,9,0.5,180,480,480,Blinddog,1,1
DLC1,FW_HumansAndMutants,Blinddog,3,Master,9,0.5,180,480,480,Blinddog,1,1
DLC1,FW_HumansAndMutants,Bloodsucker,3,Newbie,2,0.5,180,480,480,Bloodsucker,1,1
DLC1,FW_HumansAndMutants,Bloodsucker,3,Experienced,2,0.5,180,480,480,Bloodsucker,1,1
DLC1,FW_HumansAndMutants,Bloodsucker,3,Veteran,3,0.5,180,480,480,Bloodsucker,1,1
DLC1,FW_HumansAndMutants,Bloodsucker,3,Master,3,0.5,180,480,480,Bloodsucker,1,1
DLC1,FW_HumansAndMutants,Boar,3,Newbie,5,0.5,180,480,480,Boar,1,1
DLC1,FW_HumansAndMutants,Boar,3,Experienced,5,0.5,180,480,480,Boar,1,1
DLC1,FW_HumansAndMutants,Boar,3,Veteran,5,0.5,180,480,480,Boar,1,1
DLC1,FW_HumansAndMutants,Boar,3,Master,5,0.5,180,480,480,Boar,1,1
DLC1,FW_HumansAndMutants,Flesh,3,Newbie,5,0.5,180,480,480,Flesh,1,1
DLC1,FW_HumansAndMutants,Flesh,3,Experienced,5,0.5,180,480,480,Flesh,1,1
DLC1,FW_HumansAndMutants,Flesh,3,Veteran,5,0.5,180,480,480,Flesh,1,1
DLC1,FW_HumansAndMutants,Flesh,3,Master,6,0.5,180,480,480,Flesh,1,1
DLC1,FW_HumansAndMutants,Zombie,3,Newbie,6,0.5,180,480,480,GeneralZombie_Bandit_CloseCombat,0,1
DLC1,FW_HumansAndMutants,Zombie,3,Newbie,6,0.5,180,480,480,GeneralZombie_Bandit_Recon,0,1
DLC1,FW_HumansAndMutants,Zombie,3,Newbie,6,0.5,180,480,480,GeneralZombie_Bandit_Stormtrooper,0,1
DLC1,FW_HumansAndMutants,Zombie,3,Newbie,6,0.5,180,480,480,GeneralZombie_Bandit_Heavy,0,1
DLC1,FW_HumansAndMutants,Zombie,3,Newbie,6,0.5,180,480,480,GeneralZombie_Neutral_CloseCombat,0,1
DLC1,FW_HumansAndMutants,Zombie,3,Newbie,6,0.5,180,480,480,GeneralZombie_Neutral_Recon,0,1
DLC1,FW_HumansAndMutants,Zombie,3,Newbie,6,0.5,180,480,480,GeneralZombie_Neutral_Stormtrooper,0,1
DLC1,FW_HumansAndMutants,Zombie,3,Newbie,6,0.5,180,480,480,GeneralZombie_Neutral_Sniper,0,1
DLC1,FW_HumansAndMutants,Zombie,3,Newbie,6,0.5,180,480,480,GeneralZombie_Corpus_CloseCombat,0,1
DLC1,FW_HumansAndMutants,Zombie,3,Newbie,6,0.5,180,480,480,GeneralZombie_Corpus_Recon,0,1
DLC1,FW_HumansAndMutants,Zombie,3,Newbie,6,0.5,180,480,480,GeneralZombie_Corpus_Stormtrooper,0,1
DLC1,FW_HumansAndMutants,Zombie,3,Newbie,6,0.5,180,480,480,GeneralZombie_Corpus_Sniper,0,1
DLC1,FW_HumansAndMutants,Zombie,3,Newbie,6,0.5,180,480,480,GeneralZombie_Corpus_Heavy,0,1
DLC1,FW_HumansAndMutants,Zombie,3,Newbie,6,0.5,180,480,480,GeneralZombie_Freedom_CloseCombat,0,1
DLC1,FW_HumansAndMutants,Zombie,3,Newbie,6,0.5,180,480,480,GeneralZombie_Freedom_Recon,0,1
DLC1,FW_HumansAndMutants,Zombie,3,Newbie,6,0.5,180,480,480,GeneralZombie_Freedom_Stormtrooper,0,1
DLC1,FW_HumansAndMutants,Zombie,3,Newbie,6,0.5,180,480,480,GeneralZombie_Freedom_Sniper,0,1
DLC1,FW_HumansAndMutants,Zombie,3,Newbie,6,0.5,180,480,480,GeneralZombie_Duty_CloseCombat,0,1
DLC1,FW_HumansAndMutants,Zombie,3,Newbie,6,0.5,180,480,480,GeneralZombie_Duty_Recon,0,1
DLC1,FW_HumansAndMutants,Zombie,3,Newbie,6,0.5,180,480,480,GeneralZombie_Duty_Stormtrooper,0,1
DLC1,FW_HumansAndMutants,Zombie,3,Newbie,6,0.5,180,480,480,GeneralZombie_Duty_Sniper,0,1
DLC1,FW_HumansAndMutants,Zombie,3,Newbie,6,0.5,180,480,480,GeneralZombie_Duty_Heavy,0,1
DLC1,FW_HumansAndMutants,Zombie,3,Experienced,8,0.5,180,480,480,GeneralZombie_Bandit_CloseCombat,0,1
DLC1,FW_HumansAndMutants,Zombie,3,Experienced,8,0.5,180,480,480,GeneralZombie_Bandit_Recon,0,1
DLC1,FW_HumansAndMutants,Zombie,3,Experienced,8,0.5,180,480,480,GeneralZombie_Bandit_Stormtrooper,0,1
DLC1,FW_HumansAndMutants,Zombie,3,Experienced,8,0.5,180,480,480,GeneralZombie_Bandit_Heavy,0,1
DLC1,FW_HumansAndMutants,Zombie,3,Experienced,8,0.5,180,480,480,GeneralZombie_Neutral_CloseCombat,0,1
DLC1,FW_HumansAndMutants,Zombie,3,Experienced,8,0.5,180,480,480,GeneralZombie_Neutral_Recon,0,1
DLC1,FW_HumansAndMutants,Zombie,3,Experienced,8,0.5,180,480,480,GeneralZombie_Neutral_Stormtrooper,0,1
DLC1,FW_HumansAndMutants,Zombie,3,Experienced,8,0.5,180,480,480,GeneralZombie_Neutral_Sniper,0,1
DLC1,FW_HumansAndMutants,Zombie,3,Experienced,8,0.5,180,480,480,GeneralZombie_Corpus_CloseCombat,0,1
DLC1,FW_HumansAndMutants,Zombie,3,Experienced,8,0.5,180,480,480,GeneralZombie_Corpus_Recon,0,1
DLC1,FW_HumansAndMutants,Zombie,3,Experienced,8,0.5,180,480,480,GeneralZombie_Corpus_Stormtrooper,0,1
DLC1,FW_HumansAndMutants,Zombie,3,Experienced,8,0.5,180,480,480,GeneralZombie_Corpus_Sniper,0,1
DLC1,FW_HumansAndMutants,Zombie,3,Experienced,8,0.5,180,480,480,GeneralZombie_Corpus_Heavy,0,1
DLC1,FW_HumansAndMutants,Zombie,3,Experienced,8,0.5,180,480,480,GeneralZombie_Freedom_CloseCombat,0,1
DLC1,FW_HumansAndMutants,Zombie,3,Experienced,8,0.5,180,480,480,GeneralZombie_Freedom_Recon,0,1
DLC1,FW_HumansAndMutants,Zombie,3,Experienced,8,0.5,180,480,480,GeneralZombie_Freedom_Stormtrooper,0,1
DLC1,FW_HumansAndMutants,Zombie,3,Experienced,8,0.5,180,480,480,GeneralZombie_Freedom_Sniper,0,1
DLC1,FW_HumansAndMutants,Zombie,3,Experienced,8,0.5,180,480,480,GeneralZombie_Duty_CloseCombat,0,1
DLC1,FW_HumansAndMutants,Zombie,3,Experienced,8,0.5,180,480,480,GeneralZombie_Duty_Recon,0,1
DLC1,FW_HumansAndMutants,Zombie,3,Experienced,8,0.5,180,480,480,GeneralZombie_Duty_Stormtrooper,0,1
DLC1,FW_HumansAndMutants,Zombie,3,Experienced,8,0.5,180,480,480,GeneralZombie_Duty_Sniper,0,1
DLC1,FW_HumansAndMutants,Zombie,3,Experienced,8,0.5,180,480,480,GeneralZombie_Duty_Heavy,0,1
DLC1,FW_HumansAndMutants,Zombie,3,Veteran,10,0.5,180,480,480,GeneralZombie_Bandit_CloseCombat,0,1
DLC1,FW_HumansAndMutants,Zombie,3,Veteran,10,0.5,180,480,480,GeneralZombie_Bandit_Recon,0,1
DLC1,FW_HumansAndMutants,Zombie,3,Veteran,10,0.5,180,480,480,GeneralZombie_Bandit_Stormtrooper,0,1
DLC1,FW_HumansAndMutants,Zombie,3,Veteran,10,0.5,180,480,480,GeneralZombie_Bandit_Heavy,0,1
DLC1,FW_HumansAndMutants,Zombie,3,Veteran,10,0.5,180,480,480,GeneralZombie_Neutral_CloseCombat,0,1
DLC1,FW_HumansAndMutants,Zombie,3,Veteran,10,0.5,180,480,480,GeneralZombie_Neutral_Recon,0,1
DLC1,FW_HumansAndMutants,Zombie,3,Veteran,10,0.5,180,480,480,GeneralZombie_Neutral_Stormtrooper,0,1
DLC1,FW_HumansAndMutants,Zombie,3,Veteran,10,0.5,180,480,480,GeneralZombie_Neutral_Sniper,0,1
DLC1,FW_HumansAndMutants,Zombie,3,Veteran,10,0.5,180,480,480,GeneralZombie_Corpus_CloseCombat,0,1
DLC1,FW_HumansAndMutants,Zombie,3,Veteran,10,0.5,180,480,480,GeneralZombie_Corpus_Recon,0,1
DLC1,FW_HumansAndMutants,Zombie,3,Veteran,10,0.5,180,480,480,GeneralZombie_Corpus_Stormtrooper,0,1
DLC1,FW_HumansAndMutants,Zombie,3,Veteran,10,0.5,180,480,480,GeneralZombie_Corpus_Sniper,0,1
DLC1,FW_HumansAndMutants,Zombie,3,Veteran,10,0.5,180,480,480,GeneralZombie_Corpus_Heavy,0,1
DLC1,FW_HumansAndMutants,Zombie,3,Veteran,10,0.5,180,480,480,GeneralZombie_Freedom_CloseCombat,0,1
DLC1,FW_HumansAndMutants,Zombie,3,Veteran,10,0.5,180,480,480,GeneralZombie_Freedom_Recon,0,1
DLC1,FW_HumansAndMutants,Zombie,3,Veteran,10,0.5,180,480,480,GeneralZombie_Freedom_Stormtrooper,0,1
DLC1,FW_HumansAndMutants,Zombie,3,Veteran,10,0.5,180,480,480,GeneralZombie_Freedom_Sniper,0,1
DLC1,FW_HumansAndMutants,Zombie,3,Veteran,10,0.5,180,480,480,GeneralZombie_Duty_CloseCombat,0,1
DLC1,FW_HumansAndMutants,Zombie,3,Veteran,10,0.5,180,480,480,GeneralZombie_Duty_Recon,0,1
DLC1,FW_HumansAndMutants,Zombie,3,Veteran,10,0.5,180,480,480,GeneralZombie_Duty_Stormtrooper,0,1
DLC1,FW_HumansAndMutants,Zombie,3,Veteran,10,0.5,180,480,480,GeneralZombie_Duty_Sniper,0,1
DLC1,FW_HumansAndMutants,Zombie,3,Veteran,10,0.5,180,480,480,GeneralZombie_Duty_Heavy,0,1
DLC1,FW_HumansAndMutants,Zombie,3,Master,10,0.5,180,480,480,GeneralZombie_Bandit_CloseCombat,0,1
DLC1,FW_HumansAndMutants,Zombie,3,Master,10,0.5,180,480,480,GeneralZombie_Bandit_Recon,0,1
DLC1,FW_HumansAndMutants,Zombie,3,Master,10,0.5,180,480,480,GeneralZombie_Bandit_Stormtrooper,0,1
DLC1,FW_HumansAndMutants,Zombie,3,Master,10,0.5,180,480,480,GeneralZombie_Bandit_Heavy,0,1
DLC1,FW_HumansAndMutants,Zombie,3,Master,10,0.5,180,480,480,GeneralZombie_Neutral_CloseCombat,0,1
DLC1,FW_HumansAndMutants,Zombie,3,Master,10,0.5,180,480,480,GeneralZombie_Neutral_Recon,0,1
DLC1,FW_HumansAndMutants,Zombie,3,Master,10,0.5,180,480,480,GeneralZombie_Neutral_Stormtrooper,0,1
DLC1,FW_HumansAndMutants,Zombie,3,Master,10,0.5,180,480,480,GeneralZombie_Neutral_Sniper,0,1
DLC1,FW_HumansAndMutants,Zombie,3,Master,10,0.5,180,480,480,GeneralZombie_Corpus_CloseCombat,0,1
DLC1,FW_HumansAndMutants,Zombie,3,Master,10,0.5,180,480,480,GeneralZombie_Corpus_Recon,0,1
DLC1,FW_HumansAndMutants,Zombie,3,Master,10,0.5,180,480,480,GeneralZombie_Corpus_Stormtrooper,0,1
DLC1,FW_HumansAndMutants,Zombie,3,Master,10,0.5,180,480,480,GeneralZombie_Corpus_Sniper,0,1
DLC1,FW_HumansAndMutants,Zombie,3,Master,10,0.5,180,480,480,GeneralZombie_Corpus_Heavy,0,1
DLC1,FW_HumansAndMutants,Zombie,3,Master,10,0.5,180,480,480,GeneralZombie_Freedom_CloseCombat,0,1
DLC1,FW_HumansAndMutants,Zombie,3,Master,10,0.5,180,480,480,GeneralZombie_Freedom_Recon,0,1
DLC1,FW_HumansAndMutants,Zombie,3,Master,10,0.5,180,480,480,GeneralZombie_Freedom_Stormtrooper,0,1
DLC1,FW_HumansAndMutants,Zombie,3,Master,10,0.5,180,480,480,GeneralZombie_Freedom_Sniper,0,1
DLC1,FW_HumansAndMutants,Zombie,3,Master,10,0.5,180,480,480,GeneralZombie_Duty_CloseCombat,0,1
DLC1,FW_HumansAndMutants,Zombie,3,Master,10,0.5,180,480,480,GeneralZombie_Duty_Recon,0,1
DLC1,FW_HumansAndMutants,Zombie,3,Master,10,0.5,180,480,480,GeneralZombie_Duty_Stormtrooper,0,1
DLC1,FW_HumansAndMutants,Zombie,3,Master,10,0.5,180,480,480,GeneralZombie_Duty_Sniper,0,1
DLC1,FW_HumansAndMutants,Zombie,3,Master,10,0.5,180,480,480,GeneralZombie_Duty_Heavy,0,1
DLC1,FW_HumansAndMutants,Snork,3,Newbie,8,0.5,180,480,480,Snork,1,1
DLC1,FW_HumansAndMutants,Snork,3,Experienced,8,0.5,180,480,480,Snork,1,1
DLC1,FW_HumansAndMutants,Snork,3,Veteran,9,0.5,180,480,480,Snork,1,1
DLC1,FW_HumansAndMutants,Snork,3,Master,9,0.5,180,480,480,Snork,1,1
DLC1,FW_HumansAndMutants,Pseudodog,3,Newbie,1,1,180,480,480,PseudoDog,1,1
DLC1,FW_HumansAndMutants,Pseudodog,3,Experienced,1,1,180,480,480,PseudoDog,1,1
DLC1,FW_HumansAndMutants,Pseudodog,3,Veteran,2,0.5,180,480,480,PseudoDog,1,1
DLC1,FW_HumansAndMutants,Pseudodog,3,Master,2,0.5,180,480,480,PseudoDog,1,1
DLC1,FW_HumansAndMutants,Bayun,3,Newbie,2,0.5,180,480,480,Bayun,1,1
DLC1,FW_HumansAndMutants,Bayun,3,Experienced,2,0.5,180,480,480,Bayun,1,1
DLC1,FW_HumansAndMutants,Bayun,3,Veteran,3,0.5,180,480,480,Bayun,1,1
DLC1,FW_HumansAndMutants,Bayun,3,Master,4,0.5,180,480,480,Bayun,1,1
DLC1,FW_HumansAndMutants,Tushkan,3,Newbie,14,0.5,180,480,480,Tushkan,1,1
DLC1,FW_HumansAndMutants,Tushkan,3,Experienced,16,0.5,180,480,480,Tushkan,1,1
DLC1,FW_HumansAndMutants,Tushkan,3,Veteran,20,0.5,180,480,480,Tushkan,1,1
DLC1,FW_HumansAndMutants,Tushkan,3,Master,24,0.5,180,480,480,Tushkan,1,1
DLC1,FW_HumansAndMutants,Controller,3,Newbie,1,1,180,480,480,Controller,1,1
DLC1,FW_HumansAndMutants,Controller,3,Experienced,1,1,180,480,480,Controller,1,1
DLC1,FW_HumansAndMutants,Controller,3,Veteran,1,1,180,480,480,Controller,1,1
DLC1,FW_HumansAndMutants,Controller,3,Master,2,0.5,180,480,480,Controller,1,1
DLC1,FW_HumansAndMutants,Deer,3,Newbie,1,1,180,480,480,Deer,1,1
DLC1,FW_HumansAndMutants,Deer,3,Experienced,1,1,180,480,480,Deer,1,1
DLC1,FW_HumansAndMutants,Deer,3,Veteran,2,0.5,180,480,480,Deer,1,1
DLC1,FW_HumansAndMutants,Deer,3,Master,2,0.5,180,480,480,Deer,1,1
DLC1,CNPPGenericMutantsOnly,Blinddog,3,Newbie,9,0.5,180,480,480,Blinddog,1,1
DLC1,CNPPGenericMutantsOnly,Blinddog,3,Experienced,9,0.5,180,480,480,Blinddog,1,1
DLC1,CNPPGenericMutantsOnly,Blinddog,3,Veteran,9,0.5,180,480,480,Blinddog,1,1
DLC1,CNPPGenericMutantsOnly,Blinddog,3,Master,9,0.5,180,480,480,Blinddog,1,1
DLC1,CNPPGenericMutantsOnly,Bloodsucker,3,Newbie,2,0.5,180,480,480,Bloodsucker,1,1
DLC1,CNPPGenericMutantsOnly,Bloodsucker,3,Experienced,2,0.5,180,480,480,Bloodsucker,1,1
DLC1,CNPPGenericMutantsOnly,Bloodsucker,3,Veteran,3,0.5,180,480,480,Bloodsucker,1,1
DLC1,CNPPGenericMutantsOnly,Bloodsucker,3,Master,3,0.5,180,480,480,Bloodsucker,1,1
DLC1,CNPPGenericMutantsOnly,Boar,3,Newbie,5,0.5,180,480,480,Boar,1,1
DLC1,CNPPGenericMutantsOnly,Boar,3,Experienced,5,0.5,180,480,480,Boar,1,1
DLC1,CNPPGenericMutantsOnly,Boar,3,Veteran,5,0.5,180,480,480,Boar,1,1
DLC1,CNPPGenericMutantsOnly,Boar,3,Master,5,0.5,180,480,480,Boar,1,1
DLC1,CNPPGenericMutantsOnly,Flesh,3,Newbie,5,0.5,180,480,480,Flesh,1,1
DLC1,CNPPGenericMutantsOnly,Flesh,3,Experienced,5,0.5,180,480,480,Flesh,1,1
DLC1,CNPPGenericMutantsOnly,Flesh,3,Veteran,5,0.5,180,480,480,Flesh,1,1
DLC1,CNPPGenericMutantsOnly,Flesh,3,Master,6,0.5,180,480,480,Flesh,1,1
DLC1,CNPPGenericMutantsOnly,Zombie,3,Newbie,6,0.5,180,480,480,GeneralCNPPZombie_Bandit_CloseCombat,0,1
DLC1,CNPPGenericMutantsOnly,Zombie,3,Newbie,6,0.5,180,480,480,GeneralCNPPZombie_Bandit_Recon,0,1
DLC1,CNPPGenericMutantsOnly,Zombie,3,Newbie,6,0.5,180,480,480,GeneralCNPPZombie_Bandit_Stormtrooper,0,1
DLC1,CNPPGenericMutantsOnly,Zombie,3,Newbie,6,0.5,180,480,480,GeneralCNPPZombie_Bandit_Heavy,0,1
DLC1,CNPPGenericMutantsOnly,Zombie,3,Newbie,6,0.5,180,480,480,GeneralCNPPZombie_Neutral_CloseCombat,0,1
DLC1,CNPPGenericMutantsOnly,Zombie,3,Newbie,6,0.5,180,480,480,GeneralCNPPZombie_Neutral_Recon,0,1
DLC1,CNPPGenericMutantsOnly,Zombie,3,Newbie,6,0.5,180,480,480,GeneralCNPPZombie_Neutral_Stormtrooper,0,1
DLC1,CNPPGenericMutantsOnly,Zombie,3,Newbie,6,0.5,180,480,480,GeneralCNPPZombie_Neutral_Sniper,0,1
DLC1,CNPPGenericMutantsOnly,Zombie,3,Newbie,6,0.5,180,480,480,GeneralCNPPZombie_Corpus_CloseCombat,0,1
DLC1,CNPPGenericMutantsOnly,Zombie,3,Newbie,6,0.5,180,480,480,GeneralCNPPZombie_Corpus_Recon,0,1
DLC1,CNPPGenericMutantsOnly,Zombie,3,Newbie,6,0.5,180,480,480,GeneralCNPPZombie_Corpus_Stormtrooper,0,1
DLC1,CNPPGenericMutantsOnly,Zombie,3,Newbie,6,0.5,180,480,480,GeneralCNPPZombie_Corpus_Sniper,0,1
DLC1,CNPPGenericMutantsOnly,Zombie,3,Newbie,6,0.5,180,480,480,GeneralCNPPZombie_Corpus_Heavy,0,1
DLC1,CNPPGenericMutantsOnly,Zombie,3,Newbie,6,0.5,180,480,480,GeneralCNPPZombie_Freedom_CloseCombat,0,1
DLC1,CNPPGenericMutantsOnly,Zombie,3,Newbie,6,0.5,180,480,480,GeneralCNPPZombie_Freedom_Recon,0,1
DLC1,CNPPGenericMutantsOnly,Zombie,3,Newbie,6,0.5,180,480,480,GeneralCNPPZombie_Freedom_Stormtrooper,0,1
DLC1,CNPPGenericMutantsOnly,Zombie,3,Newbie,6,0.5,180,480,480,GeneralCNPPZombie_Freedom_Sniper,0,1
DLC1,CNPPGenericMutantsOnly,Zombie,3,Newbie,6,0.5,180,480,480,GeneralCNPPZombie_Duty_CloseCombat,0,1
DLC1,CNPPGenericMutantsOnly,Zombie,3,Newbie,6,0.5,180,480,480,GeneralCNPPZombie_Duty_Recon,0,1
DLC1,CNPPGenericMutantsOnly,Zombie,3,Newbie,6,0.5,180,480,480,GeneralCNPPZombie_Duty_Stormtrooper,0,1
DLC1,CNPPGenericMutantsOnly,Zombie,3,Newbie,6,0.5,180,480,480,GeneralCNPPZombie_Duty_Sniper,0,1
DLC1,CNPPGenericMutantsOnly,Zombie,3,Newbie,6,0.5,180,480,480,GeneralCNPPZombie_Duty_Heavy,0,1
DLC1,CNPPGenericMutantsOnly,Zombie,3,Experienced,8,0.5,180,480,480,GeneralCNPPZombie_Bandit_CloseCombat,0,1
DLC1,CNPPGenericMutantsOnly,Zombie,3,Experienced,8,0.5,180,480,480,GeneralCNPPZombie_Bandit_Recon,0,1
DLC1,CNPPGenericMutantsOnly,Zombie,3,Experienced,8,0.5,180,480,480,GeneralCNPPZombie_Bandit_Stormtrooper,0,1
DLC1,CNPPGenericMutantsOnly,Zombie,3,Experienced,8,0.5,180,480,480,GeneralCNPPZombie_Bandit_Heavy,0,1
DLC1,CNPPGenericMutantsOnly,Zombie,3,Experienced,8,0.5,180,480,480,GeneralCNPPZombie_Neutral_CloseCombat,0,1
DLC1,CNPPGenericMutantsOnly,Zombie,3,Experienced,8,0.5,180,480,480,GeneralCNPPZombie_Neutral_Recon,0,1
DLC1,CNPPGenericMutantsOnly,Zombie,3,Experienced,8,0.5,180,480,480,GeneralCNPPZombie_Neutral_Stormtrooper,0,1
DLC1,CNPPGenericMutantsOnly,Zombie,3,Experienced,8,0.5,180,480,480,GeneralCNPPZombie_Neutral_Sniper,0,1
DLC1,CNPPGenericMutantsOnly,Zombie,3,Experienced,8,0.5,180,480,480,GeneralCNPPZombie_Corpus_CloseCombat,0,1
DLC1,CNPPGenericMutantsOnly,Zombie,3,Experienced,8,0.5,180,480,480,GeneralCNPPZombie_Corpus_Recon,0,1
DLC1,CNPPGenericMutantsOnly,Zombie,3,Experienced,8,0.5,180,480,480,GeneralCNPPZombie_Corpus_Stormtrooper,0,1
DLC1,CNPPGenericMutantsOnly,Zombie,3,Experienced,8,0.5,180,480,480,GeneralCNPPZombie_Corpus_Sniper,0,1
DLC1,CNPPGenericMutantsOnly,Zombie,3,Experienced,8,0.5,180,480,480,GeneralCNPPZombie_Corpus_Heavy,0,1
DLC1,CNPPGenericMutantsOnly,Zombie,3,Experienced,8,0.5,180,480,480,GeneralCNPPZombie_Freedom_CloseCombat,0,1
DLC1,CNPPGenericMutantsOnly,Zombie,3,Experienced,8,0.5,180,480,480,GeneralCNPPZombie_Freedom_Recon,0,1
DLC1,CNPPGenericMutantsOnly,Zombie,3,Experienced,8,0.5,180,480,480,GeneralCNPPZombie_Freedom_Stormtrooper,0,1
DLC1,CNPPGenericMutantsOnly,Zombie,3,Experienced,8,0.5,180,480,480,GeneralCNPPZombie_Freedom_Sniper,0,1
DLC1,CNPPGenericMutantsOnly,Zombie,3,Experienced,8,0.5,180,480,480,GeneralCNPPZombie_Duty_CloseCombat,0,1
DLC1,CNPPGenericMutantsOnly,Zombie,3,Experienced,8,0.5,180,480,480,GeneralCNPPZombie_Duty_Recon,0,1
DLC1,CNPPGenericMutantsOnly,Zombie,3,Experienced,8,0.5,180,480,480,GeneralCNPPZombie_Duty_Stormtrooper,0,1
DLC1,CNPPGenericMutantsOnly,Zombie,3,Experienced,8,0.5,180,480,480,GeneralCNPPZombie_Duty_Sniper,0,1
DLC1,CNPPGenericMutantsOnly,Zombie,3,Experienced,8,0.5,180,480,480,GeneralCNPPZombie_Duty_Heavy,0,1
DLC1,CNPPGenericMutantsOnly,Zombie,3,Veteran,10,0.5,180,480,480,GeneralCNPPZombie_Bandit_CloseCombat,0,1
DLC1,CNPPGenericMutantsOnly,Zombie,3,Veteran,10,0.5,180,480,480,GeneralCNPPZombie_Bandit_Recon,0,1
DLC1,CNPPGenericMutantsOnly,Zombie,3,Veteran,10,0.5,180,480,480,GeneralCNPPZombie_Bandit_Stormtrooper,0,1
DLC1,CNPPGenericMutantsOnly,Zombie,3,Veteran,10,0.5,180,480,480,GeneralCNPPZombie_Bandit_Heavy,0,1
DLC1,CNPPGenericMutantsOnly,Zombie,3,Veteran,10,0.5,180,480,480,GeneralCNPPZombie_Neutral_CloseCombat,0,1
DLC1,CNPPGenericMutantsOnly,Zombie,3,Veteran,10,0.5,180,480,480,GeneralCNPPZombie_Neutral_Recon,0,1
DLC1,CNPPGenericMutantsOnly,Zombie,3,Veteran,10,0.5,180,480,480,GeneralCNPPZombie_Neutral_Stormtrooper,0,1
DLC1,CNPPGenericMutantsOnly,Zombie,3,Veteran,10,0.5,180,480,480,GeneralCNPPZombie_Neutral_Sniper,0,1
DLC1,CNPPGenericMutantsOnly,Zombie,3,Veteran,10,0.5,180,480,480,GeneralCNPPZombie_Corpus_CloseCombat,0,1
DLC1,CNPPGenericMutantsOnly,Zombie,3,Veteran,10,0.5,180,480,480,GeneralCNPPZombie_Corpus_Recon,0,1
DLC1,CNPPGenericMutantsOnly,Zombie,3,Veteran,10,0.5,180,480,480,GeneralCNPPZombie_Corpus_Stormtrooper,0,1
DLC1,CNPPGenericMutantsOnly,Zombie,3,Veteran,10,0.5,180,480,480,GeneralCNPPZombie_Corpus_Sniper,0,1
DLC1,CNPPGenericMutantsOnly,Zombie,3,Veteran,10,0.5,180,480,480,GeneralCNPPZombie_Corpus_Heavy,0,1
DLC1,CNPPGenericMutantsOnly,Zombie,3,Veteran,10,0.5,180,480,480,GeneralCNPPZombie_Freedom_CloseCombat,0,1
DLC1,CNPPGenericMutantsOnly,Zombie,3,Veteran,10,0.5,180,480,480,GeneralCNPPZombie_Freedom_Recon,0,1
DLC1,CNPPGenericMutantsOnly,Zombie,3,Veteran,10,0.5,180,480,480,GeneralCNPPZombie_Freedom_Stormtrooper,0,1
DLC1,CNPPGenericMutantsOnly,Zombie,3,Veteran,10,0.5,180,480,480,GeneralCNPPZombie_Freedom_Sniper,0,1
DLC1,CNPPGenericMutantsOnly,Zombie,3,Veteran,10,0.5,180,480,480,GeneralCNPPZombie_Duty_CloseCombat,0,1
DLC1,CNPPGenericMutantsOnly,Zombie,3,Veteran,10,0.5,180,480,480,GeneralCNPPZombie_Duty_Recon,0,1
DLC1,CNPPGenericMutantsOnly,Zombie,3,Veteran,10,0.5,180,480,480,GeneralCNPPZombie_Duty_Stormtrooper,0,1
DLC1,CNPPGenericMutantsOnly,Zombie,3,Veteran,10,0.5,180,480,480,GeneralCNPPZombie_Duty_Sniper,0,1
DLC1,CNPPGenericMutantsOnly,Zombie,3,Veteran,10,0.5,180,480,480,GeneralCNPPZombie_Duty_Heavy,0,1
DLC1,CNPPGenericMutantsOnly,Zombie,3,Master,10,0.5,180,480,480,GeneralCNPPZombie_Bandit_CloseCombat,0,1
DLC1,CNPPGenericMutantsOnly,Zombie,3,Master,10,0.5,180,480,480,GeneralCNPPZombie_Bandit_Recon,0,1
DLC1,CNPPGenericMutantsOnly,Zombie,3,Master,10,0.5,180,480,480,GeneralCNPPZombie_Bandit_Stormtrooper,0,1
DLC1,CNPPGenericMutantsOnly,Zombie,3,Master,10,0.5,180,480,480,GeneralCNPPZombie_Bandit_Heavy,0,1
DLC1,CNPPGenericMutantsOnly,Zombie,3,Master,10,0.5,180,480,480,GeneralCNPPZombie_Neutral_CloseCombat,0,1
DLC1,CNPPGenericMutantsOnly,Zombie,3,Master,10,0.5,180,480,480,GeneralCNPPZombie_Neutral_Recon,0,1
DLC1,CNPPGenericMutantsOnly,Zombie,3,Master,10,0.5,180,480,480,GeneralCNPPZombie_Neutral_Stormtrooper,0,1
DLC1,CNPPGenericMutantsOnly,Zombie,3,Master,10,0.5,180,480,480,GeneralCNPPZombie_Neutral_Sniper,0,1
DLC1,CNPPGenericMutantsOnly,Zombie,3,Master,10,0.5,180,480,480,GeneralCNPPZombie_Corpus_CloseCombat,0,1
DLC1,CNPPGenericMutantsOnly,Zombie,3,Master,10,0.5,180,480,480,GeneralCNPPZombie_Corpus_Recon,0,1
DLC1,CNPPGenericMutantsOnly,Zombie,3,Master,10,0.5,180,480,480,GeneralCNPPZombie_Corpus_Stormtrooper,0,1
DLC1,CNPPGenericMutantsOnly,Zombie,3,Master,10,0.5,180,480,480,GeneralCNPPZombie_Corpus_Sniper,0,1
DLC1,CNPPGenericMutantsOnly,Zombie,3,Master,10,0.5,180,480,480,GeneralCNPPZombie_Corpus_Heavy,0,1
DLC1,CNPPGenericMutantsOnly,Zombie,3,Master,10,0.5,180,480,480,GeneralCNPPZombie_Freedom_CloseCombat,0,1
DLC1,CNPPGenericMutantsOnly,Zombie,3,Master,10,0.5,180,480,480,GeneralCNPPZombie_Freedom_Recon,0,1
DLC1,CNPPGenericMutantsOnly,Zombie,3,Master,10,0.5,180,480,480,GeneralCNPPZombie_Freedom_Stormtrooper,0,1
DLC1,CNPPGenericMutantsOnly,Zombie,3,Master,10,0.5,180,480,480,GeneralCNPPZombie_Freedom_Sniper,0,1
DLC1,CNPPGenericMutantsOnly,Zombie,3,Master,10,0.5,180,480,480,GeneralCNPPZombie_Duty_CloseCombat,0,1
DLC1,CNPPGenericMutantsOnly,Zombie,3,Master,10,0.5,180,480,480,GeneralCNPPZombie_Duty_Recon,0,1
DLC1,CNPPGenericMutantsOnly,Zombie,3,Master,10,0.5,180,480,480,GeneralCNPPZombie_Duty_Stormtrooper,0,1
DLC1,CNPPGenericMutantsOnly,Zombie,3,Master,10,0.5,180,480,480,GeneralCNPPZombie_Duty_Sniper,0,1
DLC1,CNPPGenericMutantsOnly,Zombie,3,Master,10,0.5,180,480,480,GeneralCNPPZombie_Duty_Heavy,0,1
DLC1,CNPPGenericMutantsOnly,Snork,3,Newbie,8,0.5,180,480,480,Snork,1,1
DLC1,CNPPGenericMutantsOnly,Snork,3,Experienced,8,0.5,180,480,480,Snork,1,1
DLC1,CNPPGenericMutantsOnly,Snork,3,Veteran,9,0.5,180,480,480,Snork,1,1
DLC1,CNPPGenericMutantsOnly,Snork,3,Master,9,0.5,180,480,480,Snork,1,1
DLC1,CNPPGenericMutantsOnly,Pseudodog,3,Newbie,1,1,180,480,480,PseudoDog,1,1
DLC1,CNPPGenericMutantsOnly,Pseudodog,3,Experienced,1,1,180,480,480,PseudoDog,1,1
DLC1,CNPPGenericMutantsOnly,Pseudodog,3,Veteran,2,0.5,180,480,480,PseudoDog,1,1
DLC1,CNPPGenericMutantsOnly,Pseudodog,3,Master,2,0.5,180,480,480,PseudoDog,1,1
DLC1,CNPPGenericMutantsOnly,Bayun,3,Newbie,2,0.5,180,480,480,Bayun,1,1
DLC1,CNPPGenericMutantsOnly,Bayun,3,Experienced,2,0.5,180,480,480,Bayun,1,1
DLC1,CNPPGenericMutantsOnly,Bayun,3,Veteran,3,0.5,180,480,480,Bayun,1,1
DLC1,CNPPGenericMutantsOnly,Bayun,3,Master,4,0.5,180,480,480,Bayun,1,1
DLC1,CNPPGenericMutantsOnly,Tushkan,3,Newbie,14,0.5,180,480,480,Tushkan,1,1
DLC1,CNPPGenericMutantsOnly,Tushkan,3,Experienced,16,0.5,180,480,480,Tushkan,1,1
DLC1,CNPPGenericMutantsOnly,Tushkan,3,Veteran,20,0.5,180,480,480,Tushkan,1,1
DLC1,CNPPGenericMutantsOnly,Tushkan,3,Master,24,0.5,180,480,480,Tushkan,1,1
DLC1,CNPPGenericMutantsOnly,Controller,3,Newbie,1,1,180,480,480,Controller,1,1
DLC1,CNPPGenericMutantsOnly,Controller,3,Experienced,1,1,180,480,480,Controller,1,1
DLC1,CNPPGenericMutantsOnly,Controller,3,Veteran,1,1,180,480,480,Controller,1,1
DLC1,CNPPGenericMutantsOnly,Controller,3,Master,2,0.5,180,480,480,Controller,1,1
DLC1,CNPPGenericMutantsOnly,Deer,3,Newbie,1,1,180,480,480,Deer,1,1
DLC1,CNPPGenericMutantsOnly,Deer,3,Experienced,1,1,180,480,480,Deer,1,1
DLC1,CNPPGenericMutantsOnly,Deer,3,Veteran,2,0.5,180,480,480,Deer,1,1
DLC1,CNPPGenericMutantsOnly,Deer,3,Master,2,0.5,180,480,480,Deer,1,1
DLC1,CNPPGenericHumansOnly,Militaries,3,Newbie,6,0.5,180,480,480,GeneralNPC_Militaries_CloseCombat,0,1
DLC1,CNPPGenericHumansOnly,Militaries,3,Newbie,6,0.5,180,480,480,GeneralNPC_Militaries_Recon,5,1
DLC1,CNPPGenericHumansOnly,Militaries,3,Newbie,6,0.5,180,480,480,GeneralNPC_Militaries_Stormtrooper,0,0
DLC1,CNPPGenericHumansOnly,Militaries,3,Newbie,6,0.5,180,480,480,GeneralNPC_Militaries_Sniper,0,0
DLC1,CNPPGenericHumansOnly,Militaries,3,Newbie,6,0.5,180,480,480,GeneralNPC_Militaries_Heavy,0,0
DLC1,CNPPGenericHumansOnly,Militaries,3,Experienced,6,0.5,180,480,480,GeneralNPC_Militaries_CloseCombat,1,1
DLC1,CNPPGenericHumansOnly,Militaries,3,Experienced,6,0.5,180,480,480,GeneralNPC_Militaries_Recon,1,1
DLC1,CNPPGenericHumansOnly,Militaries,3,Experienced,6,0.5,180,480,480,GeneralNPC_Militaries_Stormtrooper,1,1
DLC1,CNPPGenericHumansOnly,Militaries,3,Veteran,6,0.5,180,480,480,GeneralNPC_Militaries_CloseCombat,1,1
DLC1,CNPPGenericHumansOnly,Militaries,3,Veteran,6,0.5,180,480,480,GeneralNPC_Militaries_Recon,0,1
DLC1,CNPPGenericHumansOnly,Militaries,3,Veteran,6,0.5,180,480,480,GeneralNPC_Militaries_Stormtrooper,3,1
DLC1,CNPPGenericHumansOnly,Militaries,3,Veteran,6,0.5,180,480,480,GeneralNPC_Militaries_Heavy,0,1
DLC1,CNPPGenericHumansOnly,Militaries,3,Master,7,0.5,180,480,480,GeneralNPC_Militaries_CloseCombat,1,0.5
DLC1,CNPPGenericHumansOnly,Militaries,3,Master,7,0.5,180,480,480,GeneralNPC_Militaries_Recon,1,1
DLC1,CNPPGenericHumansOnly,Militaries,3,Master,7,0.5,180,480,480,GeneralNPC_Militaries_Stormtrooper,2,1
DLC1,CNPPGenericHumansOnly,Militaries,3,Master,7,0.5,180,480,480,GeneralNPC_Militaries_Sniper,1,0
DLC1,CNPPGenericHumansOnly,Militaries,3,Master,7,0.5,180,480,480,GeneralNPC_Militaries_Heavy,1,1
DLC1,CNPPGenericHumansOnly,Neutrals,3,Newbie,6,0.5,180,480,480,GeneralNPC_Neutral_CloseCombat,3,1
DLC1,CNPPGenericHumansOnly,Neutrals,3,Newbie,6,0.5,180,480,480,GeneralNPC_Neutral_Recon,1,1
DLC1,CNPPGenericHumansOnly,Neutrals,3,Newbie,6,0.5,180,480,480,GeneralNPC_Neutral_Sniper,0,0.2
DLC1,CNPPGenericHumansOnly,Neutrals,3,Newbie,6,0.5,180,480,480,GeneralNPC_Neutral_Stormtrooper,0,0
DLC1,CNPPGenericHumansOnly,Neutrals,3,Experienced,6,0.5,180,480,480,GeneralNPC_Neutral_CloseCombat,1,1
DLC1,CNPPGenericHumansOnly,Neutrals,3,Experienced,6,0.5,180,480,480,GeneralNPC_Neutral_Recon,1,2
DLC1,CNPPGenericHumansOnly,Neutrals,3,Experienced,6,0.5,180,480,480,GeneralNPC_Neutral_Stormtrooper,1,2
DLC1,CNPPGenericHumansOnly,Neutrals,3,Experienced,6,0.5,180,480,480,GeneralNPC_Neutral_Sniper,0,0
DLC1,CNPPGenericHumansOnly,Neutrals,3,Veteran,7,0.5,180,480,480,GeneralNPC_Neutral_CloseCombat,1,1
DLC1,CNPPGenericHumansOnly,Neutrals,3,Veteran,7,0.5,180,480,480,GeneralNPC_Neutral_Recon,1,1
DLC1,CNPPGenericHumansOnly,Neutrals,3,Veteran,7,0.5,180,480,480,GeneralNPC_Neutral_Stormtrooper,3,1
DLC1,CNPPGenericHumansOnly,Neutrals,3,Veteran,7,0.5,180,480,480,GeneralNPC_Neutral_Sniper,1,0.2
DLC1,CNPPGenericHumansOnly,Neutrals,3,Master,7,0.5,180,480,480,GeneralNPC_Neutral_CloseCombat,1,1
DLC1,CNPPGenericHumansOnly,Neutrals,3,Master,7,0.5,180,480,480,GeneralNPC_Neutral_Recon,0,1
DLC1,CNPPGenericHumansOnly,Neutrals,3,Master,7,0.5,180,480,480,GeneralNPC_Neutral_Stormtrooper,3,1
DLC1,CNPPGenericHumansOnly,Neutrals,3,Master,7,0.5,180,480,480,GeneralNPC_Neutral_Sniper,1,0.2
DLC1,CNPPGenericHumansOnly,Varta,3,Newbie,6,0.5,180,480,480,GeneralNPC_Varta_CloseCombat,1,1
DLC1,CNPPGenericHumansOnly,Varta,3,Newbie,6,0.5,180,480,480,GeneralNPC_Varta_Recon,4,1
DLC1,CNPPGenericHumansOnly,Varta,3,Newbie,6,0.5,180,480,480,GeneralNPC_Varta_Stormtrooper,0,0
DLC1,CNPPGenericHumansOnly,Varta,3,Newbie,6,0.5,180,480,480,GeneralNPC_Varta_Sniper,0,0
DLC1,CNPPGenericHumansOnly,Varta,3,Newbie,6,0.5,180,480,480,GeneralNPC_Varta_Heavy,0,0
DLC1,CNPPGenericHumansOnly,Varta,3,Experienced,6,0.5,180,480,480,GeneralNPC_Varta_CloseCombat,1,1
DLC1,CNPPGenericHumansOnly,Varta,3,Experienced,6,0.5,180,480,480,GeneralNPC_Varta_Recon,1,1
DLC1,CNPPGenericHumansOnly,Varta,3,Experienced,6,0.5,180,480,480,GeneralNPC_Varta_Stormtrooper,1,1
DLC1,CNPPGenericHumansOnly,Varta,3,Experienced,6,0.5,180,480,480,GeneralNPC_Varta_Sniper,0,0
DLC1,CNPPGenericHumansOnly,Varta,3,Experienced,6,0.5,180,480,480,GeneralNPC_Varta_Heavy,0,0
DLC1,CNPPGenericHumansOnly,Varta,3,Veteran,7,0.5,180,480,480,GeneralNPC_Varta_CloseCombat,1,1
DLC1,CNPPGenericHumansOnly,Varta,3,Veteran,7,0.5,180,480,480,GeneralNPC_Varta_Recon,1,1
DLC1,CNPPGenericHumansOnly,Varta,3,Veteran,7,0.5,180,480,480,GeneralNPC_Varta_Stormtrooper,2,1
DLC1,CNPPGenericHumansOnly,Varta,3,Veteran,7,0.5,180,480,480,GeneralNPC_Varta_Sniper,1,0.2
DLC1,CNPPGenericHumansOnly,Varta,3,Veteran,7,0.5,180,480,480,GeneralNPC_Varta_Heavy,0,0.5
DLC1,CNPPGenericHumansOnly,Varta,3,Master,7,0.5,180,480,480,GeneralNPC_Varta_CloseCombat,1,1
DLC1,CNPPGenericHumansOnly,Varta,3,Master,7,0.5,180,480,480,GeneralNPC_Varta_Recon,0,1
DLC1,CNPPGenericHumansOnly,Varta,3,Master,7,0.5,180,480,480,GeneralNPC_Varta_Stormtrooper,2,1
DLC1,CNPPGenericHumansOnly,Varta,3,Master,7,0.5,180,480,480,GeneralNPC_Varta_Sniper,1,0.2
DLC1,CNPPGenericHumansOnly,Varta,3,Master,7,0.5,180,480,480,GeneralNPC_Varta_Heavy,1,0.2
DLC1,CNPPGenericHumansOnly,Mercenaries,3,Newbie,6,0.5,180,480,480,GeneralNPC_Mercenaries_CloseCombat,0,1
DLC1,CNPPGenericHumansOnly,Mercenaries,3,Newbie,6,0.5,180,480,480,GeneralNPC_Mercenaries_Recon,4,1
DLC1,CNPPGenericHumansOnly,Mercenaries,3,Newbie,6,0.5,180,480,480,GeneralNPC_Mercenaries_Stormtrooper,0,0
DLC1,CNPPGenericHumansOnly,Mercenaries,3,Newbie,6,0.5,180,480,480,GeneralNPC_Mercenaries_Sniper,0,0
DLC1,CNPPGenericHumansOnly,Mercenaries,3,Experienced,6,0.5,180,480,480,GeneralNPC_Mercenaries_CloseCombat,1,1
DLC1,CNPPGenericHumansOnly,Mercenaries,3,Experienced,6,0.5,180,480,480,GeneralNPC_Mercenaries_Recon,1,1
DLC1,CNPPGenericHumansOnly,Mercenaries,3,Experienced,6,0.5,180,480,480,GeneralNPC_Mercenaries_Stormtrooper,1,1
DLC1,CNPPGenericHumansOnly,Mercenaries,3,Experienced,6,0.5,180,480,480,GeneralNPC_Mercenaries_Sniper,0,0
DLC1,CNPPGenericHumansOnly,Mercenaries,3,Veteran,7,0.5,180,480,480,GeneralNPC_Mercenaries_CloseCombat,1,1
DLC1,CNPPGenericHumansOnly,Mercenaries,3,Veteran,7,0.5,180,480,480,GeneralNPC_Mercenaries_Recon,0,1
DLC1,CNPPGenericHumansOnly,Mercenaries,3,Veteran,7,0.5,180,480,480,GeneralNPC_Mercenaries_Stormtrooper,3,1
DLC1,CNPPGenericHumansOnly,Mercenaries,3,Veteran,7,0.5,180,480,480,GeneralNPC_Mercenaries_Sniper,1,0.2
DLC1,CNPPGenericHumansOnly,Mercenaries,3,Master,7,0.5,180,480,480,GeneralNPC_Mercenaries_CloseCombat,1,1
DLC1,CNPPGenericHumansOnly,Mercenaries,3,Master,7,0.5,180,480,480,GeneralNPC_Mercenaries_Recon,0,2
DLC1,CNPPGenericHumansOnly,Mercenaries,3,Master,7,0.5,180,480,480,GeneralNPC_Mercenaries_Stormtrooper,3,1
DLC1,CNPPGenericHumansOnly,Mercenaries,3,Master,7,0.5,180,480,480,GeneralNPC_Mercenaries_Sniper,1,0.2
DLC1,CNPPGenericHumansOnly,Freedom,3,Newbie,6,0.5,180,480,480,GeneralNPC_Freedom_CloseCombat,1,1
DLC1,CNPPGenericHumansOnly,Freedom,3,Newbie,6,0.5,180,480,480,GeneralNPC_Freedom_Recon,4,1
DLC1,CNPPGenericHumansOnly,Freedom,3,Newbie,6,0.5,180,480,480,GeneralNPC_Freedom_Stormtrooper,1,1
DLC1,CNPPGenericHumansOnly,Freedom,3,Newbie,6,0.5,180,480,480,GeneralNPC_Freedom_Sniper,1,1
DLC1,CNPPGenericHumansOnly,Freedom,3,Experienced,6,0.5,180,480,480,GeneralNPC_Freedom_CloseCombat,0,1
DLC1,CNPPGenericHumansOnly,Freedom,3,Experienced,6,0.5,180,480,480,GeneralNPC_Freedom_Recon,1,1
DLC1,CNPPGenericHumansOnly,Freedom,3,Experienced,6,0.5,180,480,480,GeneralNPC_Freedom_Stormtrooper,1,1
DLC1,CNPPGenericHumansOnly,Freedom,3,Experienced,6,0.5,180,480,480,GeneralNPC_Freedom_Sniper,0,0.2
DLC1,CNPPGenericHumansOnly,Freedom,3,Veteran,7,0.5,180,480,480,GeneralNPC_Freedom_CloseCombat,1,1
DLC1,CNPPGenericHumansOnly,Freedom,3,Veteran,7,0.5,180,480,480,GeneralNPC_Freedom_Recon,1,1
DLC1,CNPPGenericHumansOnly,Freedom,3,Veteran,7,0.5,180,480,480,GeneralNPC_Freedom_Stormtrooper,2,1
DLC1,CNPPGenericHumansOnly,Freedom,3,Veteran,7,0.5,180,480,480,GeneralNPC_Freedom_Sniper,1,0.2
DLC1,CNPPGenericHumansOnly,Freedom,3,Master,7,0.5,180,480,480,GeneralNPC_Freedom_CloseCombat,1,1
DLC1,CNPPGenericHumansOnly,Freedom,3,Master,7,0.5,180,480,480,GeneralNPC_Freedom_Recon,1,1
DLC1,CNPPGenericHumansOnly,Freedom,3,Master,7,0.5,180,480,480,GeneralNPC_Freedom_Stormtrooper,2,1
DLC1,CNPPGenericHumansOnly,Freedom,3,Master,7,0.5,180,480,480,GeneralNPC_Freedom_Sniper,1,0.2
DLC1,CNPPGenericHumansOnly,Bandits,3,Newbie,6,0.5,180,480,480,GeneralNPC_Bandit_CloseCombat,3,1
DLC1,CNPPGenericHumansOnly,Bandits,3,Newbie,6,0.5,180,480,480,GeneralNPC_Bandit_Recon,1,1
DLC1,CNPPGenericHumansOnly,Bandits,3,Newbie,6,0.5,180,480,480,GeneralNPC_Bandit_Stormtrooper,0,0
DLC1,CNPPGenericHumansOnly,Bandits,3,Newbie,6,0.5,180,480,480,GeneralNPC_Bandit_Heavy,0,0
DLC1,CNPPGenericHumansOnly,Bandits,3,Experienced,6,0.5,180,480,480,GeneralNPC_Bandit_CloseCombat,1,1
DLC1,CNPPGenericHumansOnly,Bandits,3,Experienced,6,0.5,180,480,480,GeneralNPC_Bandit_Recon,1,1
DLC1,CNPPGenericHumansOnly,Bandits,3,Experienced,6,0.5,180,480,480,GeneralNPC_Bandit_Stormtrooper,1,0
DLC1,CNPPGenericHumansOnly,Bandits,3,Experienced,6,0.5,180,480,480,GeneralNPC_Bandit_Heavy,0,0
DLC1,CNPPGenericHumansOnly,Bandits,3,Veteran,7,0.5,180,480,480,GeneralNPC_Bandit_CloseCombat,1,1
DLC1,CNPPGenericHumansOnly,Bandits,3,Veteran,7,0.5,180,480,480,GeneralNPC_Bandit_Recon,1,1
DLC1,CNPPGenericHumansOnly,Bandits,3,Veteran,7,0.5,180,480,480,GeneralNPC_Bandit_Stormtrooper,3,1
DLC1,CNPPGenericHumansOnly,Bandits,3,Veteran,7,0.5,180,480,480,GeneralNPC_Bandit_Heavy,0,0
DLC1,CNPPGenericHumansOnly,Bandits,3,Master,8,0.5,180,480,480,GeneralNPC_Bandit_CloseCombat,1,1
DLC1,CNPPGenericHumansOnly,Bandits,3,Master,8,0.5,180,480,480,GeneralNPC_Bandit_Recon,1,1
DLC1,CNPPGenericHumansOnly,Bandits,3,Master,8,0.5,180,480,480,GeneralNPC_Bandit_Stormtrooper,3,1
DLC1,CNPPGenericHumansOnly,Bandits,3,Master,8,0.5,180,480,480,GeneralNPC_Bandit_Heavy,0,0
DLC1,CNPPGenericHumansOnly,Monolith,3,Newbie,6,0.5,180,480,480,GeneralNPC_Monolith_CloseCombat,1,1
DLC1,CNPPGenericHumansOnly,Monolith,3,Newbie,6,0.5,180,480,480,GeneralNPC_Monolith_Recon,2,1
DLC1,CNPPGenericHumansOnly,Monolith,3,Newbie,6,0.5,180,480,480,GeneralNPC_Monolith_Stormtrooper,2,1
DLC1,CNPPGenericHumansOnly,Monolith,3,Newbie,6,0.5,180,480,480,GeneralNPC_Monolith_Sniper,0,0
DLC1,CNPPGenericHumansOnly,Monolith,3,Experienced,6,0.5,180,480,480,GeneralNPC_Monolith_CloseCombat,1,1
DLC1,CNPPGenericHumansOnly,Monolith,3,Experienced,6,0.5,180,480,480,GeneralNPC_Monolith_Recon,1,1
DLC1,CNPPGenericHumansOnly,Monolith,3,Experienced,6,0.5,180,480,480,GeneralNPC_Monolith_Stormtrooper,1,1
DLC1,CNPPGenericHumansOnly,Monolith,3,Experienced,6,0.5,180,480,480,GeneralNPC_Monolith_Sniper,0,0
DLC1,CNPPGenericHumansOnly,Monolith,3,Veteran,8,0.5,180,480,480,GeneralNPC_Monolith_CloseCombat,1,1
DLC1,CNPPGenericHumansOnly,Monolith,3,Veteran,8,0.5,180,480,480,GeneralNPC_Monolith_Recon,1,1
DLC1,CNPPGenericHumansOnly,Monolith,3,Veteran,8,0.5,180,480,480,GeneralNPC_Monolith_Stormtrooper,3,1
DLC1,CNPPGenericHumansOnly,Monolith,3,Veteran,8,0.5,180,480,480,GeneralNPC_Monolith_Sniper,1,0.2
DLC1,CNPPGenericHumansOnly,Monolith,3,Master,8,0.5,180,480,480,GeneralNPC_Monolith_CloseCombat,1,1
DLC1,CNPPGenericHumansOnly,Monolith,3,Master,8,0.5,180,480,480,GeneralNPC_Monolith_Recon,1,1
DLC1,CNPPGenericHumansOnly,Monolith,3,Master,8,0.5,180,480,480,GeneralNPC_Monolith_Stormtrooper,3,1
DLC1,CNPPGenericHumansOnly,Monolith,3,Master,8,0.5,180,480,480,GeneralNPC_Monolith_Sniper,1,0.2
DLC1,CNPPGenericHumansOnly,Duty,3,Newbie,6,0.5,180,480,480,GeneralNPC_Duty_CloseCombat,1,1
DLC1,CNPPGenericHumansOnly,Duty,3,Newbie,6,0.5,180,480,480,GeneralNPC_Duty_Recon,4,1
DLC1,CNPPGenericHumansOnly,Duty,3,Newbie,6,0.5,180,480,480,GeneralNPC_Duty_Stormtrooper,0,0
DLC1,CNPPGenericHumansOnly,Duty,3,Newbie,6,0.5,180,480,480,GeneralNPC_Duty_Sniper,0,0
DLC1,CNPPGenericHumansOnly,Duty,3,Newbie,6,0.5,180,480,480,GeneralNPC_Duty_Heavy,0,0
DLC1,CNPPGenericHumansOnly,Duty,3,Experienced,6,0.5,180,480,480,GeneralNPC_Duty_CloseCombat,1,1
DLC1,CNPPGenericHumansOnly,Duty,3,Experienced,6,0.5,180,480,480,GeneralNPC_Duty_Recon,1,1
DLC1,CNPPGenericHumansOnly,Duty,3,Experienced,6,0.5,180,480,480,GeneralNPC_Duty_Stormtrooper,1,1
DLC1,CNPPGenericHumansOnly,Duty,3,Experienced,6,0.5,180,480,480,GeneralNPC_Duty_Sniper,0,0
DLC1,CNPPGenericHumansOnly,Duty,3,Experienced,6,0.5,180,480,480,GeneralNPC_Duty_Heavy,0,0
DLC1,CNPPGenericHumansOnly,Duty,3,Veteran,7,0.5,180,480,480,GeneralNPC_Duty_CloseCombat,1,1
DLC1,CNPPGenericHumansOnly,Duty,3,Veteran,7,0.5,180,480,480,GeneralNPC_Duty_Recon,0,1
DLC1,CNPPGenericHumansOnly,Duty,3,Veteran,7,0.5,180,480,480,GeneralNPC_Duty_Stormtrooper,3,1
DLC1,CNPPGenericHumansOnly,Duty,3,Veteran,7,0.5,180,480,480,GeneralNPC_Duty_Sniper,1,0.2
DLC1,CNPPGenericHumansOnly,Duty,3,Veteran,7,0.5,180,480,480,GeneralNPC_Duty_Heavy,0,0
DLC1,CNPPGenericHumansOnly,Duty,3,Master,7,0.5,180,480,480,GeneralNPC_Duty_CloseCombat,1,1
DLC1,CNPPGenericHumansOnly,Duty,3,Master,7,0.5,180,480,480,GeneralNPC_Duty_Recon,1,1
DLC1,CNPPGenericHumansOnly,Duty,3,Master,7,0.5,180,480,480,GeneralNPC_Duty_Stormtrooper,2,1
DLC1,CNPPGenericHumansOnly,Duty,3,Master,7,0.5,180,480,480,GeneralNPC_Duty_Sniper,1,0.2
DLC1,CNPPGenericHumansOnly,Duty,3,Master,7,0.5,180,480,480,GeneralNPC_Duty_Heavy,0,0.5
DLC1,CNPPGenericHumansOnly,Noon,3,Newbie,6,0.5,180,480,480,GeneralNPC_Noon_CloseCombat,0,1
DLC1,CNPPGenericHumansOnly,Noon,3,Newbie,6,0.5,180,480,480,GeneralNPC_Noon_Recon,2,1
DLC1,CNPPGenericHumansOnly,Noon,3,Newbie,6,0.5,180,480,480,GeneralNPC_Noon_Stormtrooper,2,1
DLC1,CNPPGenericHumansOnly,Noon,3,Experienced,6,0.5,180,480,480,GeneralNPC_Noon_CloseCombat,1,1
DLC1,CNPPGenericHumansOnly,Noon,3,Experienced,6,0.5,180,480,480,GeneralNPC_Noon_Recon,1,1
DLC1,CNPPGenericHumansOnly,Noon,3,Experienced,6,0.5,180,480,480,GeneralNPC_Noon_Stormtrooper,1,1
DLC1,CNPPGenericHumansOnly,Noon,3,Veteran,7,0.5,180,480,480,GeneralNPC_Noon_CloseCombat,1,1
DLC1,CNPPGenericHumansOnly,Noon,3,Veteran,7,0.5,180,480,480,GeneralNPC_Noon_Recon,1,1
DLC1,CNPPGenericHumansOnly,Noon,3,Veteran,7,0.5,180,480,480,GeneralNPC_Noon_Stormtrooper,3,1
DLC1,CNPPGenericHumansOnly,Noon,3,Master,7,0.5,180,480,480,GeneralNPC_Noon_CloseCombat,1,1
DLC1,CNPPGenericHumansOnly,Noon,3,Master,7,0.5,180,480,480,GeneralNPC_Noon_Recon,1,1
DLC1,CNPPGenericHumansOnly,Noon,3,Master,7,0.5,180,480,480,GeneralNPC_Noon_Stormtrooper,3,1
DLC1,CNPPGenericHumansOnly,Scientists,3,Newbie,6,0.5,180,480,480,GeneralNPC_Scientists_Recon,1,1
DLC1,CNPPGenericHumansOnly,Scientists,3,Newbie,6,0.5,180,480,480,GeneralNPC_Scientists_Stormtrooper,1,1
DLC1,CNPPGenericHumansOnly,Scientists,3,Experienced,6,0.5,180,480,480,GeneralNPC_Scientists_Recon,4,1
DLC1,CNPPGenericHumansOnly,Scientists,3,Experienced,6,0.5,180,480,480,GeneralNPC_Scientists_Stormtrooper,1,1
DLC1,CNPPGenericHumansOnly,Scientists,3,Veteran,7,0.5,180,480,480,GeneralNPC_Scientists_Recon,1,1
DLC1,CNPPGenericHumansOnly,Scientists,3,Veteran,7,0.5,180,480,480,GeneralNPC_Scientists_Stormtrooper,4,1
DLC1,CNPPGenericHumansOnly,Scientists,3,Master,7,0.5,180,480,480,GeneralNPC_Scientists_Recon,1,1
DLC1,CNPPGenericHumansOnly,Scientists,3,Master,7,0.5,180,480,480,GeneralNPC_Scientists_Stormtrooper,3,1
DLC1,CNPPGenericHumansOnly,Spark,3,Newbie,6,0.5,180,480,480,GeneralNPC_Spark_CloseCombat,4,1
DLC1,CNPPGenericHumansOnly,Spark,3,Newbie,6,0.5,180,480,480,GeneralNPC_Spark_Recon,1,1
DLC1,CNPPGenericHumansOnly,Spark,3,Newbie,6,0.5,180,480,480,GeneralNPC_Spark_Stormtrooper,0,0
DLC1,CNPPGenericHumansOnly,Spark,3,Newbie,6,0.5,180,480,480,GeneralNPC_Spark_Sniper,0,0
DLC1,CNPPGenericHumansOnly,Spark,3,Experienced,6,0.5,180,480,480,GeneralNPC_Spark_CloseCombat,1,1
DLC1,CNPPGenericHumansOnly,Spark,3,Experienced,6,0.5,180,480,480,GeneralNPC_Spark_Recon,1,1
DLC1,CNPPGenericHumansOnly,Spark,3,Experienced,6,0.5,180,480,480,GeneralNPC_Spark_Stormtrooper,1,1
DLC1,CNPPGenericHumansOnly,Spark,3,Experienced,6,0.5,180,480,480,GeneralNPC_Spark_Sniper,0,0.2
DLC1,CNPPGenericHumansOnly,Spark,3,Veteran,7,0.5,180,480,480,GeneralNPC_Spark_CloseCombat,1,1
DLC1,CNPPGenericHumansOnly,Spark,3,Veteran,7,0.5,180,480,480,GeneralNPC_Spark_Recon,0,1
DLC1,CNPPGenericHumansOnly,Spark,3,Veteran,7,0.5,180,480,480,GeneralNPC_Spark_Stormtrooper,3,1
DLC1,CNPPGenericHumansOnly,Spark,3,Veteran,7,0.5,180,480,480,GeneralNPC_Spark_Sniper,1,0.2
DLC1,CNPPGenericHumansOnly,Spark,3,Master,7,0.5,180,480,480,GeneralNPC_Spark_CloseCombat,1,1
DLC1,CNPPGenericHumansOnly,Spark,3,Master,7,0.5,180,480,480,GeneralNPC_Spark_Recon,0,1
DLC1,CNPPGenericHumansOnly,Spark,3,Master,7,0.5,180,480,480,GeneralNPC_Spark_Stormtrooper,3,1
DLC1,CNPPGenericHumansOnly,Spark,3,Master,7,0.5,180,480,480,GeneralNPC_Spark_Sniper,1,0.2
DLC1,CNPPGenericHumansOnly,Corpus,3,Newbie,6,0.5,180,480,480,GeneralNPC_Corpus_CloseCombat,1,1
DLC1,CNPPGenericHumansOnly,Corpus,3,Newbie,6,0.5,180,480,480,GeneralNPC_Corpus_Recon,4,1
DLC1,CNPPGenericHumansOnly,Corpus,3,Newbie,6,0.5,180,480,480,GeneralNPC_Corpus_Stormtrooper,0,0
DLC1,CNPPGenericHumansOnly,Corpus,3,Newbie,6,0.5,180,480,480,GeneralNPC_Corpus_Sniper,0,0
DLC1,CNPPGenericHumansOnly,Corpus,3,Newbie,6,0.5,180,480,480,GeneralNPC_Corpus_Heavy,0,0
DLC1,CNPPGenericHumansOnly,Corpus,3,Experienced,6,0.5,180,480,480,GeneralNPC_Corpus_CloseCombat,0,1
DLC1,CNPPGenericHumansOnly,Corpus,3,Experienced,6,0.5,180,480,480,GeneralNPC_Corpus_Recon,1,1
DLC1,CNPPGenericHumansOnly,Corpus,3,Experienced,6,0.5,180,480,480,GeneralNPC_Corpus_Stormtrooper,2,1
DLC1,CNPPGenericHumansOnly,Corpus,3,Experienced,6,0.5,180,480,480,GeneralNPC_Corpus_Sniper,0,0
DLC1,CNPPGenericHumansOnly,Corpus,3,Experienced,6,0.5,180,480,480,GeneralNPC_Corpus_Heavy,0,0
DLC1,CNPPGenericHumansOnly,Corpus,3,Veteran,7,0.5,180,480,480,GeneralNPC_Corpus_CloseCombat,1,1
DLC1,CNPPGenericHumansOnly,Corpus,3,Veteran,7,0.5,180,480,480,GeneralNPC_Corpus_Recon,1,1
DLC1,CNPPGenericHumansOnly,Corpus,3,Veteran,7,0.5,180,480,480,GeneralNPC_Corpus_Stormtrooper,2,1
DLC1,CNPPGenericHumansOnly,Corpus,3,Veteran,7,0.5,180,480,480,GeneralNPC_Corpus_Sniper,0,0
DLC1,CNPPGenericHumansOnly,Corpus,3,Veteran,7,0.5,180,480,480,GeneralNPC_Corpus_Heavy,1,0.2
DLC1,CNPPGenericHumansOnly,Corpus,3,Master,7,0.5,180,480,480,GeneralNPC_Corpus_CloseCombat,0,1
DLC1,CNPPGenericHumansOnly,Corpus,3,Master,7,0.5,180,480,480,GeneralNPC_Corpus_Recon,0,1
DLC1,CNPPGenericHumansOnly,Corpus,3,Master,7,0.5,180,480,480,GeneralNPC_Corpus_Stormtrooper,3,1
DLC1,CNPPGenericHumansOnly,Corpus,3,Master,7,0.5,180,480,480,GeneralNPC_Corpus_Sniper,1,0.2
DLC1,CNPPGenericHumansOnly,Corpus,3,Master,7,0.5,180,480,480,GeneralNPC_Corpus_Heavy,1,0.2
DLC1,CNPPGenericHumansAndMutants,Militaries,3,Newbie,6,0.5,180,480,480,GeneralNPC_Militaries_CloseCombat,0,1
DLC1,CNPPGenericHumansAndMutants,Militaries,3,Newbie,6,0.5,180,480,480,GeneralNPC_Militaries_Recon,5,1
DLC1,CNPPGenericHumansAndMutants,Militaries,3,Newbie,6,0.5,180,480,480,GeneralNPC_Militaries_Stormtrooper,0,0
DLC1,CNPPGenericHumansAndMutants,Militaries,3,Newbie,6,0.5,180,480,480,GeneralNPC_Militaries_Sniper,0,0
DLC1,CNPPGenericHumansAndMutants,Militaries,3,Newbie,6,0.5,180,480,480,GeneralNPC_Militaries_Heavy,0,0
DLC1,CNPPGenericHumansAndMutants,Militaries,3,Experienced,6,0.5,180,480,480,GeneralNPC_Militaries_CloseCombat,1,1
DLC1,CNPPGenericHumansAndMutants,Militaries,3,Experienced,6,0.5,180,480,480,GeneralNPC_Militaries_Recon,1,1
DLC1,CNPPGenericHumansAndMutants,Militaries,3,Experienced,6,0.5,180,480,480,GeneralNPC_Militaries_Stormtrooper,1,1
DLC1,CNPPGenericHumansAndMutants,Militaries,3,Veteran,6,0.5,180,480,480,GeneralNPC_Militaries_CloseCombat,1,1
DLC1,CNPPGenericHumansAndMutants,Militaries,3,Veteran,6,0.5,180,480,480,GeneralNPC_Militaries_Recon,0,1
DLC1,CNPPGenericHumansAndMutants,Militaries,3,Veteran,6,0.5,180,480,480,GeneralNPC_Militaries_Stormtrooper,3,1
DLC1,CNPPGenericHumansAndMutants,Militaries,3,Veteran,6,0.5,180,480,480,GeneralNPC_Militaries_Heavy,0,1
DLC1,CNPPGenericHumansAndMutants,Militaries,3,Master,7,0.5,180,480,480,GeneralNPC_Militaries_CloseCombat,1,0.5
DLC1,CNPPGenericHumansAndMutants,Militaries,3,Master,7,0.5,180,480,480,GeneralNPC_Militaries_Recon,1,1
DLC1,CNPPGenericHumansAndMutants,Militaries,3,Master,7,0.5,180,480,480,GeneralNPC_Militaries_Stormtrooper,2,1
DLC1,CNPPGenericHumansAndMutants,Militaries,3,Master,7,0.5,180,480,480,GeneralNPC_Militaries_Sniper,1,0
DLC1,CNPPGenericHumansAndMutants,Militaries,3,Master,7,0.5,180,480,480,GeneralNPC_Militaries_Heavy,1,1
DLC1,CNPPGenericHumansAndMutants,Neutrals,3,Newbie,6,0.5,180,480,480,GeneralNPC_Neutral_CloseCombat,3,1
DLC1,CNPPGenericHumansAndMutants,Neutrals,3,Newbie,6,0.5,180,480,480,GeneralNPC_Neutral_Recon,1,1
DLC1,CNPPGenericHumansAndMutants,Neutrals,3,Newbie,6,0.5,180,480,480,GeneralNPC_Neutral_Sniper,0,0.2
DLC1,CNPPGenericHumansAndMutants,Neutrals,3,Newbie,6,0.5,180,480,480,GeneralNPC_Neutral_Stormtrooper,0,0
DLC1,CNPPGenericHumansAndMutants,Neutrals,3,Experienced,6,0.5,180,480,480,GeneralNPC_Neutral_CloseCombat,1,1
DLC1,CNPPGenericHumansAndMutants,Neutrals,3,Experienced,6,0.5,180,480,480,GeneralNPC_Neutral_Recon,1,2
DLC1,CNPPGenericHumansAndMutants,Neutrals,3,Experienced,6,0.5,180,480,480,GeneralNPC_Neutral_Stormtrooper,1,2
DLC1,CNPPGenericHumansAndMutants,Neutrals,3,Experienced,6,0.5,180,480,480,GeneralNPC_Neutral_Sniper,0,0
DLC1,CNPPGenericHumansAndMutants,Neutrals,3,Veteran,7,0.5,180,480,480,GeneralNPC_Neutral_CloseCombat,1,1
DLC1,CNPPGenericHumansAndMutants,Neutrals,3,Veteran,7,0.5,180,480,480,GeneralNPC_Neutral_Recon,1,1
DLC1,CNPPGenericHumansAndMutants,Neutrals,3,Veteran,7,0.5,180,480,480,GeneralNPC_Neutral_Stormtrooper,3,1
DLC1,CNPPGenericHumansAndMutants,Neutrals,3,Veteran,7,0.5,180,480,480,GeneralNPC_Neutral_Sniper,1,0.2
DLC1,CNPPGenericHumansAndMutants,Neutrals,3,Master,7,0.5,180,480,480,GeneralNPC_Neutral_CloseCombat,1,1
DLC1,CNPPGenericHumansAndMutants,Neutrals,3,Master,7,0.5,180,480,480,GeneralNPC_Neutral_Recon,0,1
DLC1,CNPPGenericHumansAndMutants,Neutrals,3,Master,7,0.5,180,480,480,GeneralNPC_Neutral_Stormtrooper,3,1
DLC1,CNPPGenericHumansAndMutants,Neutrals,3,Master,7,0.5,180,480,480,GeneralNPC_Neutral_Sniper,1,0.2
DLC1,CNPPGenericHumansAndMutants,Varta,3,Newbie,6,0.5,180,480,480,GeneralNPC_Varta_CloseCombat,1,1
DLC1,CNPPGenericHumansAndMutants,Varta,3,Newbie,6,0.5,180,480,480,GeneralNPC_Varta_Recon,4,1
DLC1,CNPPGenericHumansAndMutants,Varta,3,Newbie,6,0.5,180,480,480,GeneralNPC_Varta_Stormtrooper,0,0
DLC1,CNPPGenericHumansAndMutants,Varta,3,Newbie,6,0.5,180,480,480,GeneralNPC_Varta_Sniper,0,0
DLC1,CNPPGenericHumansAndMutants,Varta,3,Newbie,6,0.5,180,480,480,GeneralNPC_Varta_Heavy,0,0
DLC1,CNPPGenericHumansAndMutants,Varta,3,Experienced,6,0.5,180,480,480,GeneralNPC_Varta_CloseCombat,1,1
DLC1,CNPPGenericHumansAndMutants,Varta,3,Experienced,6,0.5,180,480,480,GeneralNPC_Varta_Recon,1,1
DLC1,CNPPGenericHumansAndMutants,Varta,3,Experienced,6,0.5,180,480,480,GeneralNPC_Varta_Stormtrooper,1,1
DLC1,CNPPGenericHumansAndMutants,Varta,3,Experienced,6,0.5,180,480,480,GeneralNPC_Varta_Sniper,0,0
DLC1,CNPPGenericHumansAndMutants,Varta,3,Experienced,6,0.5,180,480,480,GeneralNPC_Varta_Heavy,0,0
DLC1,CNPPGenericHumansAndMutants,Varta,3,Veteran,7,0.5,180,480,480,GeneralNPC_Varta_CloseCombat,1,1
DLC1,CNPPGenericHumansAndMutants,Varta,3,Veteran,7,0.5,180,480,480,GeneralNPC_Varta_Recon,1,1
DLC1,CNPPGenericHumansAndMutants,Varta,3,Veteran,7,0.5,180,480,480,GeneralNPC_Varta_Stormtrooper,2,1
DLC1,CNPPGenericHumansAndMutants,Varta,3,Veteran,7,0.5,180,480,480,GeneralNPC_Varta_Sniper,1,0.2
DLC1,CNPPGenericHumansAndMutants,Varta,3,Veteran,7,0.5,180,480,480,GeneralNPC_Varta_Heavy,0,0.5
DLC1,CNPPGenericHumansAndMutants,Varta,3,Master,7,0.5,180,480,480,GeneralNPC_Varta_CloseCombat,1,1
DLC1,CNPPGenericHumansAndMutants,Varta,3,Master,7,0.5,180,480,480,GeneralNPC_Varta_Recon,0,1
DLC1,CNPPGenericHumansAndMutants,Varta,3,Master,7,0.5,180,480,480,GeneralNPC_Varta_Stormtrooper,2,1
DLC1,CNPPGenericHumansAndMutants,Varta,3,Master,7,0.5,180,480,480,GeneralNPC_Varta_Sniper,1,0.2
DLC1,CNPPGenericHumansAndMutants,Varta,3,Master,7,0.5,180,480,480,GeneralNPC_Varta_Heavy,1,0.2
DLC1,CNPPGenericHumansAndMutants,Mercenaries,3,Newbie,6,0.5,180,480,480,GeneralNPC_Mercenaries_CloseCombat,0,1
DLC1,CNPPGenericHumansAndMutants,Mercenaries,3,Newbie,6,0.5,180,480,480,GeneralNPC_Mercenaries_Recon,4,1
DLC1,CNPPGenericHumansAndMutants,Mercenaries,3,Newbie,6,0.5,180,480,480,GeneralNPC_Mercenaries_Stormtrooper,0,0
DLC1,CNPPGenericHumansAndMutants,Mercenaries,3,Newbie,6,0.5,180,480,480,GeneralNPC_Mercenaries_Sniper,0,0
DLC1,CNPPGenericHumansAndMutants,Mercenaries,3,Experienced,6,0.5,180,480,480,GeneralNPC_Mercenaries_CloseCombat,1,1
DLC1,CNPPGenericHumansAndMutants,Mercenaries,3,Experienced,6,0.5,180,480,480,GeneralNPC_Mercenaries_Recon,1,1
DLC1,CNPPGenericHumansAndMutants,Mercenaries,3,Experienced,6,0.5,180,480,480,GeneralNPC_Mercenaries_Stormtrooper,1,1
DLC1,CNPPGenericHumansAndMutants,Mercenaries,3,Experienced,6,0.5,180,480,480,GeneralNPC_Mercenaries_Sniper,0,0
DLC1,CNPPGenericHumansAndMutants,Mercenaries,3,Veteran,7,0.5,180,480,480,GeneralNPC_Mercenaries_CloseCombat,1,1
DLC1,CNPPGenericHumansAndMutants,Mercenaries,3,Veteran,7,0.5,180,480,480,GeneralNPC_Mercenaries_Recon,0,1
DLC1,CNPPGenericHumansAndMutants,Mercenaries,3,Veteran,7,0.5,180,480,480,GeneralNPC_Mercenaries_Stormtrooper,3,1
DLC1,CNPPGenericHumansAndMutants,Mercenaries,3,Veteran,7,0.5,180,480,480,GeneralNPC_Mercenaries_Sniper,1,0.2
DLC1,CNPPGenericHumansAndMutants,Mercenaries,3,Master,7,0.5,180,480,480,GeneralNPC_Mercenaries_CloseCombat,1,1
DLC1,CNPPGenericHumansAndMutants,Mercenaries,3,Master,7,0.5,180,480,480,GeneralNPC_Mercenaries_Recon,0,2
DLC1,CNPPGenericHumansAndMutants,Mercenaries,3,Master,7,0.5,180,480,480,GeneralNPC_Mercenaries_Stormtrooper,3,1
DLC1,CNPPGenericHumansAndMutants,Mercenaries,3,Master,7,0.5,180,480,480,GeneralNPC_Mercenaries_Sniper,1,0.2
DLC1,CNPPGenericHumansAndMutants,Freedom,3,Newbie,6,0.5,180,480,480,GeneralNPC_Freedom_CloseCombat,1,1
DLC1,CNPPGenericHumansAndMutants,Freedom,3,Newbie,6,0.5,180,480,480,GeneralNPC_Freedom_Recon,4,1
DLC1,CNPPGenericHumansAndMutants,Freedom,3,Newbie,6,0.5,180,480,480,GeneralNPC_Freedom_Stormtrooper,1,1
DLC1,CNPPGenericHumansAndMutants,Freedom,3,Newbie,6,0.5,180,480,480,GeneralNPC_Freedom_Sniper,1,1
DLC1,CNPPGenericHumansAndMutants,Freedom,3,Experienced,6,0.5,180,480,480,GeneralNPC_Freedom_CloseCombat,0,1
DLC1,CNPPGenericHumansAndMutants,Freedom,3,Experienced,6,0.5,180,480,480,GeneralNPC_Freedom_Recon,1,1
DLC1,CNPPGenericHumansAndMutants,Freedom,3,Experienced,6,0.5,180,480,480,GeneralNPC_Freedom_Stormtrooper,1,1
DLC1,CNPPGenericHumansAndMutants,Freedom,3,Experienced,6,0.5,180,480,480,GeneralNPC_Freedom_Sniper,0,0.2
DLC1,CNPPGenericHumansAndMutants,Freedom,3,Veteran,7,0.5,180,480,480,GeneralNPC_Freedom_CloseCombat,1,1
DLC1,CNPPGenericHumansAndMutants,Freedom,3,Veteran,7,0.5,180,480,480,GeneralNPC_Freedom_Recon,1,1
DLC1,CNPPGenericHumansAndMutants,Freedom,3,Veteran,7,0.5,180,480,480,GeneralNPC_Freedom_Stormtrooper,2,1
DLC1,CNPPGenericHumansAndMutants,Freedom,3,Veteran,7,0.5,180,480,480,GeneralNPC_Freedom_Sniper,1,0.2
DLC1,CNPPGenericHumansAndMutants,Freedom,3,Master,7,0.5,180,480,480,GeneralNPC_Freedom_CloseCombat,1,1
DLC1,CNPPGenericHumansAndMutants,Freedom,3,Master,7,0.5,180,480,480,GeneralNPC_Freedom_Recon,1,1
DLC1,CNPPGenericHumansAndMutants,Freedom,3,Master,7,0.5,180,480,480,GeneralNPC_Freedom_Stormtrooper,2,1
DLC1,CNPPGenericHumansAndMutants,Freedom,3,Master,7,0.5,180,480,480,GeneralNPC_Freedom_Sniper,1,0.2
DLC1,CNPPGenericHumansAndMutants,Bandits,3,Newbie,6,0.5,180,480,480,GeneralNPC_Bandit_CloseCombat,3,1
DLC1,CNPPGenericHumansAndMutants,Bandits,3,Newbie,6,0.5,180,480,480,GeneralNPC_Bandit_Recon,1,1
DLC1,CNPPGenericHumansAndMutants,Bandits,3,Newbie,6,0.5,180,480,480,GeneralNPC_Bandit_Stormtrooper,0,0
DLC1,CNPPGenericHumansAndMutants,Bandits,3,Newbie,6,0.5,180,480,480,GeneralNPC_Bandit_Heavy,0,0
DLC1,CNPPGenericHumansAndMutants,Bandits,3,Experienced,6,0.5,180,480,480,GeneralNPC_Bandit_CloseCombat,1,1
DLC1,CNPPGenericHumansAndMutants,Bandits,3,Experienced,6,0.5,180,480,480,GeneralNPC_Bandit_Recon,1,1
DLC1,CNPPGenericHumansAndMutants,Bandits,3,Experienced,6,0.5,180,480,480,GeneralNPC_Bandit_Stormtrooper,1,0
DLC1,CNPPGenericHumansAndMutants,Bandits,3,Experienced,6,0.5,180,480,480,GeneralNPC_Bandit_Heavy,0,0
DLC1,CNPPGenericHumansAndMutants,Bandits,3,Veteran,7,0.5,180,480,480,GeneralNPC_Bandit_CloseCombat,1,1
DLC1,CNPPGenericHumansAndMutants,Bandits,3,Veteran,7,0.5,180,480,480,GeneralNPC_Bandit_Recon,1,1
DLC1,CNPPGenericHumansAndMutants,Bandits,3,Veteran,7,0.5,180,480,480,GeneralNPC_Bandit_Stormtrooper,3,1
DLC1,CNPPGenericHumansAndMutants,Bandits,3,Veteran,7,0.5,180,480,480,GeneralNPC_Bandit_Heavy,0,0
DLC1,CNPPGenericHumansAndMutants,Bandits,3,Master,8,0.5,180,480,480,GeneralNPC_Bandit_CloseCombat,1,1
DLC1,CNPPGenericHumansAndMutants,Bandits,3,Master,8,0.5,180,480,480,GeneralNPC_Bandit_Recon,1,1
DLC1,CNPPGenericHumansAndMutants,Bandits,3,Master,8,0.5,180,480,480,GeneralNPC_Bandit_Stormtrooper,3,1
DLC1,CNPPGenericHumansAndMutants,Bandits,3,Master,8,0.5,180,480,480,GeneralNPC_Bandit_Heavy,0,0
DLC1,CNPPGenericHumansAndMutants,Monolith,3,Newbie,6,0.5,180,480,480,GeneralNPC_Monolith_CloseCombat,1,1
DLC1,CNPPGenericHumansAndMutants,Monolith,3,Newbie,6,0.5,180,480,480,GeneralNPC_Monolith_Recon,2,1
DLC1,CNPPGenericHumansAndMutants,Monolith,3,Newbie,6,0.5,180,480,480,GeneralNPC_Monolith_Stormtrooper,2,1
DLC1,CNPPGenericHumansAndMutants,Monolith,3,Newbie,6,0.5,180,480,480,GeneralNPC_Monolith_Sniper,0,0
DLC1,CNPPGenericHumansAndMutants,Monolith,3,Experienced,6,0.5,180,480,480,GeneralNPC_Monolith_CloseCombat,1,1
DLC1,CNPPGenericHumansAndMutants,Monolith,3,Experienced,6,0.5,180,480,480,GeneralNPC_Monolith_Recon,1,1
DLC1,CNPPGenericHumansAndMutants,Monolith,3,Experienced,6,0.5,180,480,480,GeneralNPC_Monolith_Stormtrooper,1,1
DLC1,CNPPGenericHumansAndMutants,Monolith,3,Experienced,6,0.5,180,480,480,GeneralNPC_Monolith_Sniper,0,0
DLC1,CNPPGenericHumansAndMutants,Monolith,3,Veteran,8,0.5,180,480,480,GeneralNPC_Monolith_CloseCombat,1,1
DLC1,CNPPGenericHumansAndMutants,Monolith,3,Veteran,8,0.5,180,480,480,GeneralNPC_Monolith_Recon,1,1
DLC1,CNPPGenericHumansAndMutants,Monolith,3,Veteran,8,0.5,180,480,480,GeneralNPC_Monolith_Stormtrooper,3,1
DLC1,CNPPGenericHumansAndMutants,Monolith,3,Veteran,8,0.5,180,480,480,GeneralNPC_Monolith_Sniper,1,0.2
DLC1,CNPPGenericHumansAndMutants,Monolith,3,Master,8,0.5,180,480,480,GeneralNPC_Monolith_CloseCombat,1,1
DLC1,CNPPGenericHumansAndMutants,Monolith,3,Master,8,0.5,180,480,480,GeneralNPC_Monolith_Recon,1,1
DLC1,CNPPGenericHumansAndMutants,Monolith,3,Master,8,0.5,180,480,480,GeneralNPC_Monolith_Stormtrooper,3,1
DLC1,CNPPGenericHumansAndMutants,Monolith,3,Master,8,0.5,180,480,480,GeneralNPC_Monolith_Sniper,1,0.2
DLC1,CNPPGenericHumansAndMutants,Duty,3,Newbie,6,0.5,180,480,480,GeneralNPC_Duty_CloseCombat,1,1
DLC1,CNPPGenericHumansAndMutants,Duty,3,Newbie,6,0.5,180,480,480,GeneralNPC_Duty_Recon,4,1
DLC1,CNPPGenericHumansAndMutants,Duty,3,Newbie,6,0.5,180,480,480,GeneralNPC_Duty_Stormtrooper,0,0
DLC1,CNPPGenericHumansAndMutants,Duty,3,Newbie,6,0.5,180,480,480,GeneralNPC_Duty_Sniper,0,0
DLC1,CNPPGenericHumansAndMutants,Duty,3,Newbie,6,0.5,180,480,480,GeneralNPC_Duty_Heavy,0,0
DLC1,CNPPGenericHumansAndMutants,Duty,3,Experienced,6,0.5,180,480,480,GeneralNPC_Duty_CloseCombat,1,1
DLC1,CNPPGenericHumansAndMutants,Duty,3,Experienced,6,0.5,180,480,480,GeneralNPC_Duty_Recon,1,1
DLC1,CNPPGenericHumansAndMutants,Duty,3,Experienced,6,0.5,180,480,480,GeneralNPC_Duty_Stormtrooper,1,1
DLC1,CNPPGenericHumansAndMutants,Duty,3,Experienced,6,0.5,180,480,480,GeneralNPC_Duty_Sniper,0,0
DLC1,CNPPGenericHumansAndMutants,Duty,3,Experienced,6,0.5,180,480,480,GeneralNPC_Duty_Heavy,0,0
DLC1,CNPPGenericHumansAndMutants,Duty,3,Veteran,7,0.5,180,480,480,GeneralNPC_Duty_CloseCombat,1,1
DLC1,CNPPGenericHumansAndMutants,Duty,3,Veteran,7,0.5,180,480,480,GeneralNPC_Duty_Recon,0,1
DLC1,CNPPGenericHumansAndMutants,Duty,3,Veteran,7,0.5,180,480,480,GeneralNPC_Duty_Stormtrooper,3,1
DLC1,CNPPGenericHumansAndMutants,Duty,3,Veteran,7,0.5,180,480,480,GeneralNPC_Duty_Sniper,1,0.2
DLC1,CNPPGenericHumansAndMutants,Duty,3,Veteran,7,0.5,180,480,480,GeneralNPC_Duty_Heavy,0,0
DLC1,CNPPGenericHumansAndMutants,Duty,3,Master,7,0.5,180,480,480,GeneralNPC_Duty_CloseCombat,1,1
DLC1,CNPPGenericHumansAndMutants,Duty,3,Master,7,0.5,180,480,480,GeneralNPC_Duty_Recon,1,1
DLC1,CNPPGenericHumansAndMutants,Duty,3,Master,7,0.5,180,480,480,GeneralNPC_Duty_Stormtrooper,2,1
DLC1,CNPPGenericHumansAndMutants,Duty,3,Master,7,0.5,180,480,480,GeneralNPC_Duty_Sniper,1,0.2
DLC1,CNPPGenericHumansAndMutants,Duty,3,Master,7,0.5,180,480,480,GeneralNPC_Duty_Heavy,0,0.5
DLC1,CNPPGenericHumansAndMutants,Noon,3,Newbie,6,0.5,180,480,480,GeneralNPC_Noon_CloseCombat,0,1
DLC1,CNPPGenericHumansAndMutants,Noon,3,Newbie,6,0.5,180,480,480,GeneralNPC_Noon_Recon,2,1
DLC1,CNPPGenericHumansAndMutants,Noon,3,Newbie,6,0.5,180,480,480,GeneralNPC_Noon_Stormtrooper,2,1
DLC1,CNPPGenericHumansAndMutants,Noon,3,Experienced,6,0.5,180,480,480,GeneralNPC_Noon_CloseCombat,1,1
DLC1,CNPPGenericHumansAndMutants,Noon,3,Experienced,6,0.5,180,480,480,GeneralNPC_Noon_Recon,1,1
DLC1,CNPPGenericHumansAndMutants,Noon,3,Experienced,6,0.5,180,480,480,GeneralNPC_Noon_Stormtrooper,1,1
DLC1,CNPPGenericHumansAndMutants,Noon,3,Veteran,7,0.5,180,480,480,GeneralNPC_Noon_CloseCombat,1,1
DLC1,CNPPGenericHumansAndMutants,Noon,3,Veteran,7,0.5,180,480,480,GeneralNPC_Noon_Recon,1,1
DLC1,CNPPGenericHumansAndMutants,Noon,3,Veteran,7,0.5,180,480,480,GeneralNPC_Noon_Stormtrooper,3,1
DLC1,CNPPGenericHumansAndMutants,Noon,3,Master,7,0.5,180,480,480,GeneralNPC_Noon_CloseCombat,1,1
DLC1,CNPPGenericHumansAndMutants,Noon,3,Master,7,0.5,180,480,480,GeneralNPC_Noon_Recon,1,1
DLC1,CNPPGenericHumansAndMutants,Noon,3,Master,7,0.5,180,480,480,GeneralNPC_Noon_Stormtrooper,3,1
DLC1,CNPPGenericHumansAndMutants,Scientists,3,Newbie,6,0.5,180,480,480,GeneralNPC_Scientists_Recon,1,1
DLC1,CNPPGenericHumansAndMutants,Scientists,3,Newbie,6,0.5,180,480,480,GeneralNPC_Scientists_Stormtrooper,1,1
DLC1,CNPPGenericHumansAndMutants,Scientists,3,Experienced,6,0.5,180,480,480,GeneralNPC_Scientists_Recon,4,1
DLC1,CNPPGenericHumansAndMutants,Scientists,3,Experienced,6,0.5,180,480,480,GeneralNPC_Scientists_Stormtrooper,1,1
DLC1,CNPPGenericHumansAndMutants,Scientists,3,Veteran,7,0.5,180,480,480,GeneralNPC_Scientists_Recon,1,1
DLC1,CNPPGenericHumansAndMutants,Scientists,3,Veteran,7,0.5,180,480,480,GeneralNPC_Scientists_Stormtrooper,4,1
DLC1,CNPPGenericHumansAndMutants,Scientists,3,Master,7,0.5,180,480,480,GeneralNPC_Scientists_Recon,1,1
DLC1,CNPPGenericHumansAndMutants,Scientists,3,Master,7,0.5,180,480,480,GeneralNPC_Scientists_Stormtrooper,3,1
DLC1,CNPPGenericHumansAndMutants,Spark,3,Newbie,6,0.5,180,480,480,GeneralNPC_Spark_CloseCombat,4,1
DLC1,CNPPGenericHumansAndMutants,Spark,3,Newbie,6,0.5,180,480,480,GeneralNPC_Spark_Recon,1,1
DLC1,CNPPGenericHumansAndMutants,Spark,3,Newbie,6,0.5,180,480,480,GeneralNPC_Spark_Stormtrooper,0,0
DLC1,CNPPGenericHumansAndMutants,Spark,3,Newbie,6,0.5,180,480,480,GeneralNPC_Spark_Sniper,0,0
DLC1,CNPPGenericHumansAndMutants,Spark,3,Experienced,6,0.5,180,480,480,GeneralNPC_Spark_CloseCombat,1,1
DLC1,CNPPGenericHumansAndMutants,Spark,3,Experienced,6,0.5,180,480,480,GeneralNPC_Spark_Recon,1,1
DLC1,CNPPGenericHumansAndMutants,Spark,3,Experienced,6,0.5,180,480,480,GeneralNPC_Spark_Stormtrooper,1,1
DLC1,CNPPGenericHumansAndMutants,Spark,3,Experienced,6,0.5,180,480,480,GeneralNPC_Spark_Sniper,0,0.2
DLC1,CNPPGenericHumansAndMutants,Spark,3,Veteran,7,0.5,180,480,480,GeneralNPC_Spark_CloseCombat,1,1
DLC1,CNPPGenericHumansAndMutants,Spark,3,Veteran,7,0.5,180,480,480,GeneralNPC_Spark_Recon,0,1
DLC1,CNPPGenericHumansAndMutants,Spark,3,Veteran,7,0.5,180,480,480,GeneralNPC_Spark_Stormtrooper,3,1
DLC1,CNPPGenericHumansAndMutants,Spark,3,Veteran,7,0.5,180,480,480,GeneralNPC_Spark_Sniper,1,0.2
DLC1,CNPPGenericHumansAndMutants,Spark,3,Master,7,0.5,180,480,480,GeneralNPC_Spark_CloseCombat,1,1
DLC1,CNPPGenericHumansAndMutants,Spark,3,Master,7,0.5,180,480,480,GeneralNPC_Spark_Recon,0,1
DLC1,CNPPGenericHumansAndMutants,Spark,3,Master,7,0.5,180,480,480,GeneralNPC_Spark_Stormtrooper,3,1
DLC1,CNPPGenericHumansAndMutants,Spark,3,Master,7,0.5,180,480,480,GeneralNPC_Spark_Sniper,1,0.2
DLC1,CNPPGenericHumansAndMutants,Corpus,3,Newbie,6,0.5,180,480,480,GeneralNPC_Corpus_CloseCombat,1,1
DLC1,CNPPGenericHumansAndMutants,Corpus,3,Newbie,6,0.5,180,480,480,GeneralNPC_Corpus_Recon,4,1
DLC1,CNPPGenericHumansAndMutants,Corpus,3,Newbie,6,0.5,180,480,480,GeneralNPC_Corpus_Stormtrooper,0,0
DLC1,CNPPGenericHumansAndMutants,Corpus,3,Newbie,6,0.5,180,480,480,GeneralNPC_Corpus_Sniper,0,0
DLC1,CNPPGenericHumansAndMutants,Corpus,3,Newbie,6,0.5,180,480,480,GeneralNPC_Corpus_Heavy,0,0
DLC1,CNPPGenericHumansAndMutants,Corpus,3,Experienced,6,0.5,180,480,480,GeneralNPC_Corpus_CloseCombat,0,1
DLC1,CNPPGenericHumansAndMutants,Corpus,3,Experienced,6,0.5,180,480,480,GeneralNPC_Corpus_Recon,1,1
DLC1,CNPPGenericHumansAndMutants,Corpus,3,Experienced,6,0.5,180,480,480,GeneralNPC_Corpus_Stormtrooper,2,1
DLC1,CNPPGenericHumansAndMutants,Corpus,3,Experienced,6,0.5,180,480,480,GeneralNPC_Corpus_Sniper,0,0
DLC1,CNPPGenericHumansAndMutants,Corpus,3,Experienced,6,0.5,180,480,480,GeneralNPC_Corpus_Heavy,0,0
DLC1,CNPPGenericHumansAndMutants,Corpus,3,Veteran,7,0.5,180,480,480,GeneralNPC_Corpus_CloseCombat,1,1
DLC1,CNPPGenericHumansAndMutants,Corpus,3,Veteran,7,0.5,180,480,480,GeneralNPC_Corpus_Recon,1,1
DLC1,CNPPGenericHumansAndMutants,Corpus,3,Veteran,7,0.5,180,480,480,GeneralNPC_Corpus_Stormtrooper,2,1
DLC1,CNPPGenericHumansAndMutants,Corpus,3,Veteran,7,0.5,180,480,480,GeneralNPC_Corpus_Sniper,0,0
DLC1,CNPPGenericHumansAndMutants,Corpus,3,Veteran,7,0.5,180,480,480,GeneralNPC_Corpus_Heavy,1,0.2
DLC1,CNPPGenericHumansAndMutants,Corpus,3,Master,7,0.5,180,480,480,GeneralNPC_Corpus_CloseCombat,0,1
DLC1,CNPPGenericHumansAndMutants,Corpus,3,Master,7,0.5,180,480,480,GeneralNPC_Corpus_Recon,0,1
DLC1,CNPPGenericHumansAndMutants,Corpus,3,Master,7,0.5,180,480,480,GeneralNPC_Corpus_Stormtrooper,3,1
DLC1,CNPPGenericHumansAndMutants,Corpus,3,Master,7,0.5,180,480,480,GeneralNPC_Corpus_Sniper,1,0.2
DLC1,CNPPGenericHumansAndMutants,Corpus,3,Master,7,0.5,180,480,480,GeneralNPC_Corpus_Heavy,1,0.2
DLC1,CNPPGenericHumansAndMutants,Blinddog,3,Newbie,9,0.5,180,480,480,Blinddog,1,1
DLC1,CNPPGenericHumansAndMutants,Blinddog,3,Experienced,9,0.5,180,480,480,Blinddog,1,1
DLC1,CNPPGenericHumansAndMutants,Blinddog,3,Veteran,9,0.5,180,480,480,Blinddog,1,1
DLC1,CNPPGenericHumansAndMutants,Blinddog,3,Master,9,0.5,180,480,480,Blinddog,1,1
DLC1,CNPPGenericHumansAndMutants,Bloodsucker,3,Newbie,2,0.5,180,480,480,Bloodsucker,1,1
DLC1,CNPPGenericHumansAndMutants,Bloodsucker,3,Experienced,2,0.5,180,480,480,Bloodsucker,1,1
DLC1,CNPPGenericHumansAndMutants,Bloodsucker,3,Veteran,3,0.5,180,480,480,Bloodsucker,1,1
DLC1,CNPPGenericHumansAndMutants,Bloodsucker,3,Master,3,0.5,180,480,480,Bloodsucker,1,1
DLC1,CNPPGenericHumansAndMutants,Boar,3,Newbie,5,0.5,180,480,480,Boar,1,1
DLC1,CNPPGenericHumansAndMutants,Boar,3,Experienced,5,0.5,180,480,480,Boar,1,1
DLC1,CNPPGenericHumansAndMutants,Boar,3,Veteran,5,0.5,180,480,480,Boar,1,1
DLC1,CNPPGenericHumansAndMutants,Boar,3,Master,5,0.5,180,480,480,Boar,1,1
DLC1,CNPPGenericHumansAndMutants,Flesh,3,Newbie,5,0.5,180,480,480,Flesh,1,1
DLC1,CNPPGenericHumansAndMutants,Flesh,3,Experienced,5,0.5,180,480,480,Flesh,1,1
DLC1,CNPPGenericHumansAndMutants,Flesh,3,Veteran,5,0.5,180,480,480,Flesh,1,1
DLC1,CNPPGenericHumansAndMutants,Flesh,3,Master,6,0.5,180,480,480,Flesh,1,1
DLC1,CNPPGenericHumansAndMutants,Zombie,3,Newbie,6,0.5,180,480,480,GeneralCNPPZombie_Bandit_CloseCombat,0,1
DLC1,CNPPGenericHumansAndMutants,Zombie,3,Newbie,6,0.5,180,480,480,GeneralCNPPZombie_Bandit_Recon,0,1
DLC1,CNPPGenericHumansAndMutants,Zombie,3,Newbie,6,0.5,180,480,480,GeneralCNPPZombie_Bandit_Stormtrooper,0,1
DLC1,CNPPGenericHumansAndMutants,Zombie,3,Newbie,6,0.5,180,480,480,GeneralCNPPZombie_Bandit_Heavy,0,1
DLC1,CNPPGenericHumansAndMutants,Zombie,3,Newbie,6,0.5,180,480,480,GeneralCNPPZombie_Neutral_CloseCombat,0,1
DLC1,CNPPGenericHumansAndMutants,Zombie,3,Newbie,6,0.5,180,480,480,GeneralCNPPZombie_Neutral_Recon,0,1
DLC1,CNPPGenericHumansAndMutants,Zombie,3,Newbie,6,0.5,180,480,480,GeneralCNPPZombie_Neutral_Stormtrooper,0,1
DLC1,CNPPGenericHumansAndMutants,Zombie,3,Newbie,6,0.5,180,480,480,GeneralCNPPZombie_Neutral_Sniper,0,1
DLC1,CNPPGenericHumansAndMutants,Zombie,3,Newbie,6,0.5,180,480,480,GeneralCNPPZombie_Corpus_CloseCombat,0,1
DLC1,CNPPGenericHumansAndMutants,Zombie,3,Newbie,6,0.5,180,480,480,GeneralCNPPZombie_Corpus_Recon,0,1
DLC1,CNPPGenericHumansAndMutants,Zombie,3,Newbie,6,0.5,180,480,480,GeneralCNPPZombie_Corpus_Stormtrooper,0,1
DLC1,CNPPGenericHumansAndMutants,Zombie,3,Newbie,6,0.5,180,480,480,GeneralCNPPZombie_Corpus_Sniper,0,1
DLC1,CNPPGenericHumansAndMutants,Zombie,3,Newbie,6,0.5,180,480,480,GeneralCNPPZombie_Corpus_Heavy,0,1
DLC1,CNPPGenericHumansAndMutants,Zombie,3,Newbie,6,0.5,180,480,480,GeneralCNPPZombie_Freedom_CloseCombat,0,1
DLC1,CNPPGenericHumansAndMutants,Zombie,3,Newbie,6,0.5,180,480,480,GeneralCNPPZombie_Freedom_Recon,0,1
DLC1,CNPPGenericHumansAndMutants,Zombie,3,Newbie,6,0.5,180,480,480,GeneralCNPPZombie_Freedom_Stormtrooper,0,1
DLC1,CNPPGenericHumansAndMutants,Zombie,3,Newbie,6,0.5,180,480,480,GeneralCNPPZombie_Freedom_Sniper,0,1
DLC1,CNPPGenericHumansAndMutants,Zombie,3,Newbie,6,0.5,180,480,480,GeneralCNPPZombie_Duty_CloseCombat,0,1
DLC1,CNPPGenericHumansAndMutants,Zombie,3,Newbie,6,0.5,180,480,480,GeneralCNPPZombie_Duty_Recon,0,1
DLC1,CNPPGenericHumansAndMutants,Zombie,3,Newbie,6,0.5,180,480,480,GeneralCNPPZombie_Duty_Stormtrooper,0,1
DLC1,CNPPGenericHumansAndMutants,Zombie,3,Newbie,6,0.5,180,480,480,GeneralCNPPZombie_Duty_Sniper,0,1
DLC1,CNPPGenericHumansAndMutants,Zombie,3,Newbie,6,0.5,180,480,480,GeneralCNPPZombie_Duty_Heavy,0,1
DLC1,CNPPGenericHumansAndMutants,Zombie,3,Experienced,8,0.5,180,480,480,GeneralCNPPZombie_Bandit_CloseCombat,0,1
DLC1,CNPPGenericHumansAndMutants,Zombie,3,Experienced,8,0.5,180,480,480,GeneralCNPPZombie_Bandit_Recon,0,1
DLC1,CNPPGenericHumansAndMutants,Zombie,3,Experienced,8,0.5,180,480,480,GeneralCNPPZombie_Bandit_Stormtrooper,0,1
DLC1,CNPPGenericHumansAndMutants,Zombie,3,Experienced,8,0.5,180,480,480,GeneralCNPPZombie_Bandit_Heavy,0,1
DLC1,CNPPGenericHumansAndMutants,Zombie,3,Experienced,8,0.5,180,480,480,GeneralCNPPZombie_Neutral_CloseCombat,0,1
DLC1,CNPPGenericHumansAndMutants,Zombie,3,Experienced,8,0.5,180,480,480,GeneralCNPPZombie_Neutral_Recon,0,1
DLC1,CNPPGenericHumansAndMutants,Zombie,3,Experienced,8,0.5,180,480,480,GeneralCNPPZombie_Neutral_Stormtrooper,0,1
DLC1,CNPPGenericHumansAndMutants,Zombie,3,Experienced,8,0.5,180,480,480,GeneralCNPPZombie_Neutral_Sniper,0,1
DLC1,CNPPGenericHumansAndMutants,Zombie,3,Experienced,8,0.5,180,480,480,GeneralCNPPZombie_Corpus_CloseCombat,0,1
DLC1,CNPPGenericHumansAndMutants,Zombie,3,Experienced,8,0.5,180,480,480,GeneralCNPPZombie_Corpus_Recon,0,1
DLC1,CNPPGenericHumansAndMutants,Zombie,3,Experienced,8,0.5,180,480,480,GeneralCNPPZombie_Corpus_Stormtrooper,0,1
DLC1,CNPPGenericHumansAndMutants,Zombie,3,Experienced,8,0.5,180,480,480,GeneralCNPPZombie_Corpus_Sniper,0,1
DLC1,CNPPGenericHumansAndMutants,Zombie,3,Experienced,8,0.5,180,480,480,GeneralCNPPZombie_Corpus_Heavy,0,1
DLC1,CNPPGenericHumansAndMutants,Zombie,3,Experienced,8,0.5,180,480,480,GeneralCNPPZombie_Freedom_CloseCombat,0,1
DLC1,CNPPGenericHumansAndMutants,Zombie,3,Experienced,8,0.5,180,480,480,GeneralCNPPZombie_Freedom_Recon,0,1
DLC1,CNPPGenericHumansAndMutants,Zombie,3,Experienced,8,0.5,180,480,480,GeneralCNPPZombie_Freedom_Stormtrooper,0,1
DLC1,CNPPGenericHumansAndMutants,Zombie,3,Experienced,8,0.5,180,480,480,GeneralCNPPZombie_Freedom_Sniper,0,1
DLC1,CNPPGenericHumansAndMutants,Zombie,3,Experienced,8,0.5,180,480,480,GeneralCNPPZombie_Duty_CloseCombat,0,1
DLC1,CNPPGenericHumansAndMutants,Zombie,3,Experienced,8,0.5,180,480,480,GeneralCNPPZombie_Duty_Recon,0,1
DLC1,CNPPGenericHumansAndMutants,Zombie,3,Experienced,8,0.5,180,480,480,GeneralCNPPZombie_Duty_Stormtrooper,0,1
DLC1,CNPPGenericHumansAndMutants,Zombie,3,Experienced,8,0.5,180,480,480,GeneralCNPPZombie_Duty_Sniper,0,1
DLC1,CNPPGenericHumansAndMutants,Zombie,3,Experienced,8,0.5,180,480,480,GeneralCNPPZombie_Duty_Heavy,0,1
DLC1,CNPPGenericHumansAndMutants,Zombie,3,Veteran,10,0.5,180,480,480,GeneralCNPPZombie_Bandit_CloseCombat,0,1
DLC1,CNPPGenericHumansAndMutants,Zombie,3,Veteran,10,0.5,180,480,480,GeneralCNPPZombie_Bandit_Recon,0,1
DLC1,CNPPGenericHumansAndMutants,Zombie,3,Veteran,10,0.5,180,480,480,GeneralCNPPZombie_Bandit_Stormtrooper,0,1
DLC1,CNPPGenericHumansAndMutants,Zombie,3,Veteran,10,0.5,180,480,480,GeneralCNPPZombie_Bandit_Heavy,0,1
DLC1,CNPPGenericHumansAndMutants,Zombie,3,Veteran,10,0.5,180,480,480,GeneralCNPPZombie_Neutral_CloseCombat,0,1
DLC1,CNPPGenericHumansAndMutants,Zombie,3,Veteran,10,0.5,180,480,480,GeneralCNPPZombie_Neutral_Recon,0,1
DLC1,CNPPGenericHumansAndMutants,Zombie,3,Veteran,10,0.5,180,480,480,GeneralCNPPZombie_Neutral_Stormtrooper,0,1
DLC1,CNPPGenericHumansAndMutants,Zombie,3,Veteran,10,0.5,180,480,480,GeneralCNPPZombie_Neutral_Sniper,0,1
DLC1,CNPPGenericHumansAndMutants,Zombie,3,Veteran,10,0.5,180,480,480,GeneralCNPPZombie_Corpus_CloseCombat,0,1
DLC1,CNPPGenericHumansAndMutants,Zombie,3,Veteran,10,0.5,180,480,480,GeneralCNPPZombie_Corpus_Recon,0,1
DLC1,CNPPGenericHumansAndMutants,Zombie,3,Veteran,10,0.5,180,480,480,GeneralCNPPZombie_Corpus_Stormtrooper,0,1
DLC1,CNPPGenericHumansAndMutants,Zombie,3,Veteran,10,0.5,180,480,480,GeneralCNPPZombie_Corpus_Sniper,0,1
DLC1,CNPPGenericHumansAndMutants,Zombie,3,Veteran,10,0.5,180,480,480,GeneralCNPPZombie_Corpus_Heavy,0,1
DLC1,CNPPGenericHumansAndMutants,Zombie,3,Veteran,10,0.5,180,480,480,GeneralCNPPZombie_Freedom_CloseCombat,0,1
DLC1,CNPPGenericHumansAndMutants,Zombie,3,Veteran,10,0.5,180,480,480,GeneralCNPPZombie_Freedom_Recon,0,1
DLC1,CNPPGenericHumansAndMutants,Zombie,3,Veteran,10,0.5,180,480,480,GeneralCNPPZombie_Freedom_Stormtrooper,0,1
DLC1,CNPPGenericHumansAndMutants,Zombie,3,Veteran,10,0.5,180,480,480,GeneralCNPPZombie_Freedom_Sniper,0,1
DLC1,CNPPGenericHumansAndMutants,Zombie,3,Veteran,10,0.5,180,480,480,GeneralCNPPZombie_Duty_CloseCombat,0,1
DLC1,CNPPGenericHumansAndMutants,Zombie,3,Veteran,10,0.5,180,480,480,GeneralCNPPZombie_Duty_Recon,0,1
DLC1,CNPPGenericHumansAndMutants,Zombie,3,Veteran,10,0.5,180,480,480,GeneralCNPPZombie_Duty_Stormtrooper,0,1
DLC1,CNPPGenericHumansAndMutants,Zombie,3,Veteran,10,0.5,180,480,480,GeneralCNPPZombie_Duty_Sniper,0,1
DLC1,CNPPGenericHumansAndMutants,Zombie,3,Veteran,10,0.5,180,480,480,GeneralCNPPZombie_Duty_Heavy,0,1
DLC1,CNPPGenericHumansAndMutants,Zombie,3,Master,10,0.5,180,480,480,GeneralCNPPZombie_Bandit_CloseCombat,0,1
DLC1,CNPPGenericHumansAndMutants,Zombie,3,Master,10,0.5,180,480,480,GeneralCNPPZombie_Bandit_Recon,0,1
DLC1,CNPPGenericHumansAndMutants,Zombie,3,Master,10,0.5,180,480,480,GeneralCNPPZombie_Bandit_Stormtrooper,0,1
DLC1,CNPPGenericHumansAndMutants,Zombie,3,Master,10,0.5,180,480,480,GeneralCNPPZombie_Bandit_Heavy,0,1
DLC1,CNPPGenericHumansAndMutants,Zombie,3,Master,10,0.5,180,480,480,GeneralCNPPZombie_Neutral_CloseCombat,0,1
DLC1,CNPPGenericHumansAndMutants,Zombie,3,Master,10,0.5,180,480,480,GeneralCNPPZombie_Neutral_Recon,0,1
DLC1,CNPPGenericHumansAndMutants,Zombie,3,Master,10,0.5,180,480,480,GeneralCNPPZombie_Neutral_Stormtrooper,0,1
DLC1,CNPPGenericHumansAndMutants,Zombie,3,Master,10,0.5,180,480,480,GeneralCNPPZombie_Neutral_Sniper,0,1
DLC1,CNPPGenericHumansAndMutants,Zombie,3,Master,10,0.5,180,480,480,GeneralCNPPZombie_Corpus_CloseCombat,0,1
DLC1,CNPPGenericHumansAndMutants,Zombie,3,Master,10,0.5,180,480,480,GeneralCNPPZombie_Corpus_Recon,0,1
DLC1,CNPPGenericHumansAndMutants,Zombie,3,Master,10,0.5,180,480,480,GeneralCNPPZombie_Corpus_Stormtrooper,0,1
DLC1,CNPPGenericHumansAndMutants,Zombie,3,Master,10,0.5,180,480,480,GeneralCNPPZombie_Corpus_Sniper,0,1
DLC1,CNPPGenericHumansAndMutants,Zombie,3,Master,10,0.5,180,480,480,GeneralCNPPZombie_Corpus_Heavy,0,1
DLC1,CNPPGenericHumansAndMutants,Zombie,3,Master,10,0.5,180,480,480,GeneralCNPPZombie_Freedom_CloseCombat,0,1
DLC1,CNPPGenericHumansAndMutants,Zombie,3,Master,10,0.5,180,480,480,GeneralCNPPZombie_Freedom_Recon,0,1
DLC1,CNPPGenericHumansAndMutants,Zombie,3,Master,10,0.5,180,480,480,GeneralCNPPZombie_Freedom_Stormtrooper,0,1
DLC1,CNPPGenericHumansAndMutants,Zombie,3,Master,10,0.5,180,480,480,GeneralCNPPZombie_Freedom_Sniper,0,1
DLC1,CNPPGenericHumansAndMutants,Zombie,3,Master,10,0.5,180,480,480,GeneralCNPPZombie_Duty_CloseCombat,0,1
DLC1,CNPPGenericHumansAndMutants,Zombie,3,Master,10,0.5,180,480,480,GeneralCNPPZombie_Duty_Recon,0,1
DLC1,CNPPGenericHumansAndMutants,Zombie,3,Master,10,0.5,180,480,480,GeneralCNPPZombie_Duty_Stormtrooper,0,1
DLC1,CNPPGenericHumansAndMutants,Zombie,3,Master,10,0.5,180,480,480,GeneralCNPPZombie_Duty_Sniper,0,1
DLC1,CNPPGenericHumansAndMutants,Zombie,3,Master,10,0.5,180,480,480,GeneralCNPPZombie_Duty_Heavy,0,1
DLC1,CNPPGenericHumansAndMutants,Snork,3,Newbie,8,0.5,180,480,480,Snork,1,1
DLC1,CNPPGenericHumansAndMutants,Snork,3,Experienced,8,0.5,180,480,480,Snork,1,1
DLC1,CNPPGenericHumansAndMutants,Snork,3,Veteran,9,0.5,180,480,480,Snork,1,1
DLC1,CNPPGenericHumansAndMutants,Snork,3,Master,9,0.5,180,480,480,Snork,1,1
DLC1,CNPPGenericHumansAndMutants,Pseudodog,3,Newbie,1,1,180,480,480,PseudoDog,1,1
DLC1,CNPPGenericHumansAndMutants,Pseudodog,3,Experienced,1,1,180,480,480,PseudoDog,1,1
DLC1,CNPPGenericHumansAndMutants,Pseudodog,3,Veteran,2,0.5,180,480,480,PseudoDog,1,1
DLC1,CNPPGenericHumansAndMutants,Pseudodog,3,Master,2,0.5,180,480,480,PseudoDog,1,1
DLC1,CNPPGenericHumansAndMutants,Bayun,3,Newbie,2,0.5,180,480,480,Bayun,1,1
DLC1,CNPPGenericHumansAndMutants,Bayun,3,Experienced,2,0.5,180,480,480,Bayun,1,1
DLC1,CNPPGenericHumansAndMutants,Bayun,3,Veteran,3,0.5,180,480,480,Bayun,1,1
DLC1,CNPPGenericHumansAndMutants,Bayun,3,Master,4,0.5,180,480,480,Bayun,1,1
DLC1,CNPPGenericHumansAndMutants,Tushkan,3,Newbie,14,0.5,180,480,480,Tushkan,1,1
DLC1,CNPPGenericHumansAndMutants,Tushkan,3,Experienced,16,0.5,180,480,480,Tushkan,1,1
DLC1,CNPPGenericHumansAndMutants,Tushkan,3,Veteran,20,0.5,180,480,480,Tushkan,1,1
DLC1,CNPPGenericHumansAndMutants,Tushkan,3,Master,24,0.5,180,480,480,Tushkan,1,1
DLC1,CNPPGenericHumansAndMutants,Controller,3,Newbie,1,1,180,480,480,Controller,1,1
DLC1,CNPPGenericHumansAndMutants,Controller,3,Experienced,1,1,180,480,480,Controller,1,1
DLC1,CNPPGenericHumansAndMutants,Controller,3,Veteran,1,1,180,480,480,Controller,1,1
DLC1,CNPPGenericHumansAndMutants,Controller,3,Master,2,0.5,180,480,480,Controller,1,1
DLC1,CNPPGenericHumansAndMutants,Deer,3,Newbie,1,1,180,480,480,Deer,1,1
DLC1,CNPPGenericHumansAndMutants,Deer,3,Experienced,1,1,180,480,480,Deer,1,1
DLC1,CNPPGenericHumansAndMutants,Deer,3,Veteran,2,0.5,180,480,480,Deer,1,1
DLC1,CNPPGenericHumansAndMutants,Deer,3,Master,2,0.5,180,480,480,Deer,1,1
DLC1,CNPPSmallLivingSpace,Militaries,3,Newbie,6,0.5,180,480,480,GeneralNPC_Militaries_CloseCombat,0,1
DLC1,CNPPSmallLivingSpace,Militaries,3,Newbie,6,0.5,180,480,480,GeneralNPC_Militaries_Recon,5,1
DLC1,CNPPSmallLivingSpace,Militaries,3,Newbie,6,0.5,180,480,480,GeneralNPC_Militaries_Stormtrooper,0,0
DLC1,CNPPSmallLivingSpace,Militaries,3,Newbie,6,0.5,180,480,480,GeneralNPC_Militaries_Sniper,0,0
DLC1,CNPPSmallLivingSpace,Militaries,3,Newbie,6,0.5,180,480,480,GeneralNPC_Militaries_Heavy,0,0
DLC1,CNPPSmallLivingSpace,Militaries,3,Experienced,6,0.5,180,480,480,GeneralNPC_Militaries_CloseCombat,1,1
DLC1,CNPPSmallLivingSpace,Militaries,3,Experienced,6,0.5,180,480,480,GeneralNPC_Militaries_Recon,1,1
DLC1,CNPPSmallLivingSpace,Militaries,3,Experienced,6,0.5,180,480,480,GeneralNPC_Militaries_Stormtrooper,1,1
DLC1,CNPPSmallLivingSpace,Militaries,3,Veteran,6,0.5,180,480,480,GeneralNPC_Militaries_CloseCombat,1,1
DLC1,CNPPSmallLivingSpace,Militaries,3,Veteran,6,0.5,180,480,480,GeneralNPC_Militaries_Recon,0,1
DLC1,CNPPSmallLivingSpace,Militaries,3,Veteran,6,0.5,180,480,480,GeneralNPC_Militaries_Stormtrooper,3,1
DLC1,CNPPSmallLivingSpace,Militaries,3,Veteran,6,0.5,180,480,480,GeneralNPC_Militaries_Heavy,0,1
DLC1,CNPPSmallLivingSpace,Militaries,3,Master,7,0.5,180,480,480,GeneralNPC_Militaries_CloseCombat,1,0.5
DLC1,CNPPSmallLivingSpace,Militaries,3,Master,7,0.5,180,480,480,GeneralNPC_Militaries_Recon,1,1
DLC1,CNPPSmallLivingSpace,Militaries,3,Master,7,0.5,180,480,480,GeneralNPC_Militaries_Stormtrooper,2,1
DLC1,CNPPSmallLivingSpace,Militaries,3,Master,7,0.5,180,480,480,GeneralNPC_Militaries_Sniper,1,0
DLC1,CNPPSmallLivingSpace,Militaries,3,Master,7,0.5,180,480,480,GeneralNPC_Militaries_Heavy,1,1
DLC1,CNPPSmallLivingSpace,Neutrals,3,Newbie,6,0.5,180,480,480,GeneralNPC_Neutral_CloseCombat,3,1
DLC1,CNPPSmallLivingSpace,Neutrals,3,Newbie,6,0.5,180,480,480,GeneralNPC_Neutral_Recon,1,1
DLC1,CNPPSmallLivingSpace,Neutrals,3,Newbie,6,0.5,180,480,480,GeneralNPC_Neutral_Sniper,0,0.2
DLC1,CNPPSmallLivingSpace,Neutrals,3,Newbie,6,0.5,180,480,480,GeneralNPC_Neutral_Stormtrooper,0,0
DLC1,CNPPSmallLivingSpace,Neutrals,3,Experienced,6,0.5,180,480,480,GeneralNPC_Neutral_CloseCombat,1,1
DLC1,CNPPSmallLivingSpace,Neutrals,3,Experienced,6,0.5,180,480,480,GeneralNPC_Neutral_Recon,1,2
DLC1,CNPPSmallLivingSpace,Neutrals,3,Experienced,6,0.5,180,480,480,GeneralNPC_Neutral_Stormtrooper,1,2
DLC1,CNPPSmallLivingSpace,Neutrals,3,Experienced,6,0.5,180,480,480,GeneralNPC_Neutral_Sniper,0,0
DLC1,CNPPSmallLivingSpace,Neutrals,3,Veteran,7,0.5,180,480,480,GeneralNPC_Neutral_CloseCombat,1,1
DLC1,CNPPSmallLivingSpace,Neutrals,3,Veteran,7,0.5,180,480,480,GeneralNPC_Neutral_Recon,1,1
DLC1,CNPPSmallLivingSpace,Neutrals,3,Veteran,7,0.5,180,480,480,GeneralNPC_Neutral_Stormtrooper,3,1
DLC1,CNPPSmallLivingSpace,Neutrals,3,Veteran,7,0.5,180,480,480,GeneralNPC_Neutral_Sniper,1,0.2
DLC1,CNPPSmallLivingSpace,Neutrals,3,Master,7,0.5,180,480,480,GeneralNPC_Neutral_CloseCombat,1,1
DLC1,CNPPSmallLivingSpace,Neutrals,3,Master,7,0.5,180,480,480,GeneralNPC_Neutral_Recon,0,1
DLC1,CNPPSmallLivingSpace,Neutrals,3,Master,7,0.5,180,480,480,GeneralNPC_Neutral_Stormtrooper,3,1
DLC1,CNPPSmallLivingSpace,Neutrals,3,Master,7,0.5,180,480,480,GeneralNPC_Neutral_Sniper,1,0.2
DLC1,CNPPSmallLivingSpace,Varta,3,Newbie,6,0.5,180,480,480,GeneralNPC_Varta_CloseCombat,1,1
DLC1,CNPPSmallLivingSpace,Varta,3,Newbie,6,0.5,180,480,480,GeneralNPC_Varta_Recon,4,1
DLC1,CNPPSmallLivingSpace,Varta,3,Newbie,6,0.5,180,480,480,GeneralNPC_Varta_Stormtrooper,0,0
DLC1,CNPPSmallLivingSpace,Varta,3,Newbie,6,0.5,180,480,480,GeneralNPC_Varta_Sniper,0,0
DLC1,CNPPSmallLivingSpace,Varta,3,Newbie,6,0.5,180,480,480,GeneralNPC_Varta_Heavy,0,0
DLC1,CNPPSmallLivingSpace,Varta,3,Experienced,6,0.5,180,480,480,GeneralNPC_Varta_CloseCombat,1,1
DLC1,CNPPSmallLivingSpace,Varta,3,Experienced,6,0.5,180,480,480,GeneralNPC_Varta_Recon,1,1
DLC1,CNPPSmallLivingSpace,Varta,3,Experienced,6,0.5,180,480,480,GeneralNPC_Varta_Stormtrooper,1,1
DLC1,CNPPSmallLivingSpace,Varta,3,Experienced,6,0.5,180,480,480,GeneralNPC_Varta_Sniper,0,0
DLC1,CNPPSmallLivingSpace,Varta,3,Experienced,6,0.5,180,480,480,GeneralNPC_Varta_Heavy,0,0
DLC1,CNPPSmallLivingSpace,Varta,3,Veteran,7,0.5,180,480,480,GeneralNPC_Varta_CloseCombat,1,1
DLC1,CNPPSmallLivingSpace,Varta,3,Veteran,7,0.5,180,480,480,GeneralNPC_Varta_Recon,1,1
DLC1,CNPPSmallLivingSpace,Varta,3,Veteran,7,0.5,180,480,480,GeneralNPC_Varta_Stormtrooper,2,1
DLC1,CNPPSmallLivingSpace,Varta,3,Veteran,7,0.5,180,480,480,GeneralNPC_Varta_Sniper,1,0.2
DLC1,CNPPSmallLivingSpace,Varta,3,Veteran,7,0.5,180,480,480,GeneralNPC_Varta_Heavy,0,0.5
DLC1,CNPPSmallLivingSpace,Varta,3,Master,7,0.5,180,480,480,GeneralNPC_Varta_CloseCombat,1,1
DLC1,CNPPSmallLivingSpace,Varta,3,Master,7,0.5,180,480,480,GeneralNPC_Varta_Recon,0,1
DLC1,CNPPSmallLivingSpace,Varta,3,Master,7,0.5,180,480,480,GeneralNPC_Varta_Stormtrooper,2,1
DLC1,CNPPSmallLivingSpace,Varta,3,Master,7,0.5,180,480,480,GeneralNPC_Varta_Sniper,1,0.2
DLC1,CNPPSmallLivingSpace,Varta,3,Master,7,0.5,180,480,480,GeneralNPC_Varta_Heavy,1,0.2
DLC1,CNPPSmallLivingSpace,Mercenaries,3,Newbie,6,0.5,180,480,480,GeneralNPC_Mercenaries_CloseCombat,0,1
DLC1,CNPPSmallLivingSpace,Mercenaries,3,Newbie,6,0.5,180,480,480,GeneralNPC_Mercenaries_Recon,4,1
DLC1,CNPPSmallLivingSpace,Mercenaries,3,Newbie,6,0.5,180,480,480,GeneralNPC_Mercenaries_Stormtrooper,0,0
DLC1,CNPPSmallLivingSpace,Mercenaries,3,Newbie,6,0.5,180,480,480,GeneralNPC_Mercenaries_Sniper,0,0
DLC1,CNPPSmallLivingSpace,Mercenaries,3,Experienced,6,0.5,180,480,480,GeneralNPC_Mercenaries_CloseCombat,1,1
DLC1,CNPPSmallLivingSpace,Mercenaries,3,Experienced,6,0.5,180,480,480,GeneralNPC_Mercenaries_Recon,1,1
DLC1,CNPPSmallLivingSpace,Mercenaries,3,Experienced,6,0.5,180,480,480,GeneralNPC_Mercenaries_Stormtrooper,1,1
DLC1,CNPPSmallLivingSpace,Mercenaries,3,Experienced,6,0.5,180,480,480,GeneralNPC_Mercenaries_Sniper,0,0
DLC1,CNPPSmallLivingSpace,Mercenaries,3,Veteran,7,0.5,180,480,480,GeneralNPC_Mercenaries_CloseCombat,1,1
DLC1,CNPPSmallLivingSpace,Mercenaries,3,Veteran,7,0.5,180,480,480,GeneralNPC_Mercenaries_Recon,0,1
DLC1,CNPPSmallLivingSpace,Mercenaries,3,Veteran,7,0.5,180,480,480,GeneralNPC_Mercenaries_Stormtrooper,3,1
DLC1,CNPPSmallLivingSpace,Mercenaries,3,Veteran,7,0.5,180,480,480,GeneralNPC_Mercenaries_Sniper,1,0.2
DLC1,CNPPSmallLivingSpace,Mercenaries,3,Master,7,0.5,180,480,480,GeneralNPC_Mercenaries_CloseCombat,1,1
DLC1,CNPPSmallLivingSpace,Mercenaries,3,Master,7,0.5,180,480,480,GeneralNPC_Mercenaries_Recon,0,2
DLC1,CNPPSmallLivingSpace,Mercenaries,3,Master,7,0.5,180,480,480,GeneralNPC_Mercenaries_Stormtrooper,3,1
DLC1,CNPPSmallLivingSpace,Mercenaries,3,Master,7,0.5,180,480,480,GeneralNPC_Mercenaries_Sniper,1,0.2
DLC1,CNPPSmallLivingSpace,Freedom,3,Newbie,6,0.5,180,480,480,GeneralNPC_Freedom_CloseCombat,1,1
DLC1,CNPPSmallLivingSpace,Freedom,3,Newbie,6,0.5,180,480,480,GeneralNPC_Freedom_Recon,4,1
DLC1,CNPPSmallLivingSpace,Freedom,3,Newbie,6,0.5,180,480,480,GeneralNPC_Freedom_Stormtrooper,1,1
DLC1,CNPPSmallLivingSpace,Freedom,3,Newbie,6,0.5,180,480,480,GeneralNPC_Freedom_Sniper,1,1
DLC1,CNPPSmallLivingSpace,Freedom,3,Experienced,6,0.5,180,480,480,GeneralNPC_Freedom_CloseCombat,0,1
DLC1,CNPPSmallLivingSpace,Freedom,3,Experienced,6,0.5,180,480,480,GeneralNPC_Freedom_Recon,1,1
DLC1,CNPPSmallLivingSpace,Freedom,3,Experienced,6,0.5,180,480,480,GeneralNPC_Freedom_Stormtrooper,1,1
DLC1,CNPPSmallLivingSpace,Freedom,3,Experienced,6,0.5,180,480,480,GeneralNPC_Freedom_Sniper,0,0.2
DLC1,CNPPSmallLivingSpace,Freedom,3,Veteran,7,0.5,180,480,480,GeneralNPC_Freedom_CloseCombat,1,1
DLC1,CNPPSmallLivingSpace,Freedom,3,Veteran,7,0.5,180,480,480,GeneralNPC_Freedom_Recon,1,1
DLC1,CNPPSmallLivingSpace,Freedom,3,Veteran,7,0.5,180,480,480,GeneralNPC_Freedom_Stormtrooper,2,1
DLC1,CNPPSmallLivingSpace,Freedom,3,Veteran,7,0.5,180,480,480,GeneralNPC_Freedom_Sniper,1,0.2
DLC1,CNPPSmallLivingSpace,Freedom,3,Master,7,0.5,180,480,480,GeneralNPC_Freedom_CloseCombat,1,1
DLC1,CNPPSmallLivingSpace,Freedom,3,Master,7,0.5,180,480,480,GeneralNPC_Freedom_Recon,1,1
DLC1,CNPPSmallLivingSpace,Freedom,3,Master,7,0.5,180,480,480,GeneralNPC_Freedom_Stormtrooper,2,1
DLC1,CNPPSmallLivingSpace,Freedom,3,Master,7,0.5,180,480,480,GeneralNPC_Freedom_Sniper,1,0.2
DLC1,CNPPSmallLivingSpace,Bandits,3,Newbie,6,0.5,180,480,480,GeneralNPC_Bandit_CloseCombat,3,1
DLC1,CNPPSmallLivingSpace,Bandits,3,Newbie,6,0.5,180,480,480,GeneralNPC_Bandit_Recon,1,1
DLC1,CNPPSmallLivingSpace,Bandits,3,Newbie,6,0.5,180,480,480,GeneralNPC_Bandit_Stormtrooper,0,0
DLC1,CNPPSmallLivingSpace,Bandits,3,Newbie,6,0.5,180,480,480,GeneralNPC_Bandit_Heavy,0,0
DLC1,CNPPSmallLivingSpace,Bandits,3,Experienced,6,0.5,180,480,480,GeneralNPC_Bandit_CloseCombat,1,1
DLC1,CNPPSmallLivingSpace,Bandits,3,Experienced,6,0.5,180,480,480,GeneralNPC_Bandit_Recon,1,1
DLC1,CNPPSmallLivingSpace,Bandits,3,Experienced,6,0.5,180,480,480,GeneralNPC_Bandit_Stormtrooper,1,0
DLC1,CNPPSmallLivingSpace,Bandits,3,Experienced,6,0.5,180,480,480,GeneralNPC_Bandit_Heavy,0,0
DLC1,CNPPSmallLivingSpace,Bandits,3,Veteran,7,0.5,180,480,480,GeneralNPC_Bandit_CloseCombat,1,1
DLC1,CNPPSmallLivingSpace,Bandits,3,Veteran,7,0.5,180,480,480,GeneralNPC_Bandit_Recon,1,1
DLC1,CNPPSmallLivingSpace,Bandits,3,Veteran,7,0.5,180,480,480,GeneralNPC_Bandit_Stormtrooper,3,1
DLC1,CNPPSmallLivingSpace,Bandits,3,Veteran,7,0.5,180,480,480,GeneralNPC_Bandit_Heavy,0,0
DLC1,CNPPSmallLivingSpace,Bandits,3,Master,8,0.5,180,480,480,GeneralNPC_Bandit_CloseCombat,1,1
DLC1,CNPPSmallLivingSpace,Bandits,3,Master,8,0.5,180,480,480,GeneralNPC_Bandit_Recon,1,1
DLC1,CNPPSmallLivingSpace,Bandits,3,Master,8,0.5,180,480,480,GeneralNPC_Bandit_Stormtrooper,3,1
DLC1,CNPPSmallLivingSpace,Bandits,3,Master,8,0.5,180,480,480,GeneralNPC_Bandit_Heavy,0,0
DLC1,CNPPSmallLivingSpace,Monolith,3,Newbie,6,0.5,180,480,480,GeneralNPC_Monolith_CloseCombat,1,1
DLC1,CNPPSmallLivingSpace,Monolith,3,Newbie,6,0.5,180,480,480,GeneralNPC_Monolith_Recon,2,1
DLC1,CNPPSmallLivingSpace,Monolith,3,Newbie,6,0.5,180,480,480,GeneralNPC_Monolith_Stormtrooper,2,1
DLC1,CNPPSmallLivingSpace,Monolith,3,Newbie,6,0.5,180,480,480,GeneralNPC_Monolith_Sniper,0,0
DLC1,CNPPSmallLivingSpace,Monolith,3,Experienced,6,0.5,180,480,480,GeneralNPC_Monolith_CloseCombat,1,1
DLC1,CNPPSmallLivingSpace,Monolith,3,Experienced,6,0.5,180,480,480,GeneralNPC_Monolith_Recon,1,1
DLC1,CNPPSmallLivingSpace,Monolith,3,Experienced,6,0.5,180,480,480,GeneralNPC_Monolith_Stormtrooper,1,1
DLC1,CNPPSmallLivingSpace,Monolith,3,Experienced,6,0.5,180,480,480,GeneralNPC_Monolith_Sniper,0,0
DLC1,CNPPSmallLivingSpace,Monolith,3,Veteran,8,0.5,180,480,480,GeneralNPC_Monolith_CloseCombat,1,1
DLC1,CNPPSmallLivingSpace,Monolith,3,Veteran,8,0.5,180,480,480,GeneralNPC_Monolith_Recon,1,1
DLC1,CNPPSmallLivingSpace,Monolith,3,Veteran,8,0.5,180,480,480,GeneralNPC_Monolith_Stormtrooper,3,1
DLC1,CNPPSmallLivingSpace,Monolith,3,Veteran,8,0.5,180,480,480,GeneralNPC_Monolith_Sniper,1,0.2
DLC1,CNPPSmallLivingSpace,Monolith,3,Master,8,0.5,180,480,480,GeneralNPC_Monolith_CloseCombat,1,1
DLC1,CNPPSmallLivingSpace,Monolith,3,Master,8,0.5,180,480,480,GeneralNPC_Monolith_Recon,1,1
DLC1,CNPPSmallLivingSpace,Monolith,3,Master,8,0.5,180,480,480,GeneralNPC_Monolith_Stormtrooper,3,1
DLC1,CNPPSmallLivingSpace,Monolith,3,Master,8,0.5,180,480,480,GeneralNPC_Monolith_Sniper,1,0.2
DLC1,CNPPSmallLivingSpace,Duty,3,Newbie,6,0.5,180,480,480,GeneralNPC_Duty_CloseCombat,1,1
DLC1,CNPPSmallLivingSpace,Duty,3,Newbie,6,0.5,180,480,480,GeneralNPC_Duty_Recon,4,1
DLC1,CNPPSmallLivingSpace,Duty,3,Newbie,6,0.5,180,480,480,GeneralNPC_Duty_Stormtrooper,0,0
DLC1,CNPPSmallLivingSpace,Duty,3,Newbie,6,0.5,180,480,480,GeneralNPC_Duty_Sniper,0,0
DLC1,CNPPSmallLivingSpace,Duty,3,Newbie,6,0.5,180,480,480,GeneralNPC_Duty_Heavy,0,0
DLC1,CNPPSmallLivingSpace,Duty,3,Experienced,6,0.5,180,480,480,GeneralNPC_Duty_CloseCombat,1,1
DLC1,CNPPSmallLivingSpace,Duty,3,Experienced,6,0.5,180,480,480,GeneralNPC_Duty_Recon,1,1
DLC1,CNPPSmallLivingSpace,Duty,3,Experienced,6,0.5,180,480,480,GeneralNPC_Duty_Stormtrooper,1,1
DLC1,CNPPSmallLivingSpace,Duty,3,Experienced,6,0.5,180,480,480,GeneralNPC_Duty_Sniper,0,0
DLC1,CNPPSmallLivingSpace,Duty,3,Experienced,6,0.5,180,480,480,GeneralNPC_Duty_Heavy,0,0
DLC1,CNPPSmallLivingSpace,Duty,3,Veteran,7,0.5,180,480,480,GeneralNPC_Duty_CloseCombat,1,1
DLC1,CNPPSmallLivingSpace,Duty,3,Veteran,7,0.5,180,480,480,GeneralNPC_Duty_Recon,0,1
DLC1,CNPPSmallLivingSpace,Duty,3,Veteran,7,0.5,180,480,480,GeneralNPC_Duty_Stormtrooper,3,1
DLC1,CNPPSmallLivingSpace,Duty,3,Veteran,7,0.5,180,480,480,GeneralNPC_Duty_Sniper,1,0.2
DLC1,CNPPSmallLivingSpace,Duty,3,Veteran,7,0.5,180,480,480,GeneralNPC_Duty_Heavy,0,0
DLC1,CNPPSmallLivingSpace,Duty,3,Master,7,0.5,180,480,480,GeneralNPC_Duty_CloseCombat,1,1
DLC1,CNPPSmallLivingSpace,Duty,3,Master,7,0.5,180,480,480,GeneralNPC_Duty_Recon,1,1
DLC1,CNPPSmallLivingSpace,Duty,3,Master,7,0.5,180,480,480,GeneralNPC_Duty_Stormtrooper,2,1
DLC1,CNPPSmallLivingSpace,Duty,3,Master,7,0.5,180,480,480,GeneralNPC_Duty_Sniper,1,0.2
DLC1,CNPPSmallLivingSpace,Duty,3,Master,7,0.5,180,480,480,GeneralNPC_Duty_Heavy,0,0.5
DLC1,CNPPSmallLivingSpace,Noon,3,Newbie,6,0.5,180,480,480,GeneralNPC_Noon_CloseCombat,0,1
DLC1,CNPPSmallLivingSpace,Noon,3,Newbie,6,0.5,180,480,480,GeneralNPC_Noon_Recon,2,1
DLC1,CNPPSmallLivingSpace,Noon,3,Newbie,6,0.5,180,480,480,GeneralNPC_Noon_Stormtrooper,2,1
DLC1,CNPPSmallLivingSpace,Noon,3,Experienced,6,0.5,180,480,480,GeneralNPC_Noon_CloseCombat,1,1
DLC1,CNPPSmallLivingSpace,Noon,3,Experienced,6,0.5,180,480,480,GeneralNPC_Noon_Recon,1,1
DLC1,CNPPSmallLivingSpace,Noon,3,Experienced,6,0.5,180,480,480,GeneralNPC_Noon_Stormtrooper,1,1
DLC1,CNPPSmallLivingSpace,Noon,3,Veteran,7,0.5,180,480,480,GeneralNPC_Noon_CloseCombat,1,1
DLC1,CNPPSmallLivingSpace,Noon,3,Veteran,7,0.5,180,480,480,GeneralNPC_Noon_Recon,1,1
DLC1,CNPPSmallLivingSpace,Noon,3,Veteran,7,0.5,180,480,480,GeneralNPC_Noon_Stormtrooper,3,1
DLC1,CNPPSmallLivingSpace,Noon,3,Master,7,0.5,180,480,480,GeneralNPC_Noon_CloseCombat,1,1
DLC1,CNPPSmallLivingSpace,Noon,3,Master,7,0.5,180,480,480,GeneralNPC_Noon_Recon,1,1
DLC1,CNPPSmallLivingSpace,Noon,3,Master,7,0.5,180,480,480,GeneralNPC_Noon_Stormtrooper,3,1
DLC1,CNPPSmallLivingSpace,Scientists,3,Newbie,6,0.5,180,480,480,GeneralNPC_Scientists_Recon,1,1
DLC1,CNPPSmallLivingSpace,Scientists,3,Newbie,6,0.5,180,480,480,GeneralNPC_Scientists_Stormtrooper,1,1
DLC1,CNPPSmallLivingSpace,Scientists,3,Experienced,6,0.5,180,480,480,GeneralNPC_Scientists_Recon,4,1
DLC1,CNPPSmallLivingSpace,Scientists,3,Experienced,6,0.5,180,480,480,GeneralNPC_Scientists_Stormtrooper,1,1
DLC1,CNPPSmallLivingSpace,Scientists,3,Veteran,7,0.5,180,480,480,GeneralNPC_Scientists_Recon,1,1
DLC1,CNPPSmallLivingSpace,Scientists,3,Veteran,7,0.5,180,480,480,GeneralNPC_Scientists_Stormtrooper,4,1
DLC1,CNPPSmallLivingSpace,Scientists,3,Master,7,0.5,180,480,480,GeneralNPC_Scientists_Recon,1,1
DLC1,CNPPSmallLivingSpace,Scientists,3,Master,7,0.5,180,480,480,GeneralNPC_Scientists_Stormtrooper,3,1
DLC1,CNPPSmallLivingSpace,Spark,3,Newbie,6,0.5,180,480,480,GeneralNPC_Spark_CloseCombat,4,1
DLC1,CNPPSmallLivingSpace,Spark,3,Newbie,6,0.5,180,480,480,GeneralNPC_Spark_Recon,1,1
DLC1,CNPPSmallLivingSpace,Spark,3,Newbie,6,0.5,180,480,480,GeneralNPC_Spark_Stormtrooper,0,0
DLC1,CNPPSmallLivingSpace,Spark,3,Newbie,6,0.5,180,480,480,GeneralNPC_Spark_Sniper,0,0
DLC1,CNPPSmallLivingSpace,Spark,3,Experienced,6,0.5,180,480,480,GeneralNPC_Spark_CloseCombat,1,1
DLC1,CNPPSmallLivingSpace,Spark,3,Experienced,6,0.5,180,480,480,GeneralNPC_Spark_Recon,1,1
DLC1,CNPPSmallLivingSpace,Spark,3,Experienced,6,0.5,180,480,480,GeneralNPC_Spark_Stormtrooper,1,1
DLC1,CNPPSmallLivingSpace,Spark,3,Experienced,6,0.5,180,480,480,GeneralNPC_Spark_Sniper,0,0.2
DLC1,CNPPSmallLivingSpace,Spark,3,Veteran,7,0.5,180,480,480,GeneralNPC_Spark_CloseCombat,1,1
DLC1,CNPPSmallLivingSpace,Spark,3,Veteran,7,0.5,180,480,480,GeneralNPC_Spark_Recon,0,1
DLC1,CNPPSmallLivingSpace,Spark,3,Veteran,7,0.5,180,480,480,GeneralNPC_Spark_Stormtrooper,3,1
DLC1,CNPPSmallLivingSpace,Spark,3,Veteran,7,0.5,180,480,480,GeneralNPC_Spark_Sniper,1,0.2
DLC1,CNPPSmallLivingSpace,Spark,3,Master,7,0.5,180,480,480,GeneralNPC_Spark_CloseCombat,1,1
DLC1,CNPPSmallLivingSpace,Spark,3,Master,7,0.5,180,480,480,GeneralNPC_Spark_Recon,0,1
DLC1,CNPPSmallLivingSpace,Spark,3,Master,7,0.5,180,480,480,GeneralNPC_Spark_Stormtrooper,3,1
DLC1,CNPPSmallLivingSpace,Spark,3,Master,7,0.5,180,480,480,GeneralNPC_Spark_Sniper,1,0.2
DLC1,CNPPSmallLivingSpace,Corpus,3,Newbie,6,0.5,180,480,480,GeneralNPC_Corpus_CloseCombat,1,1
DLC1,CNPPSmallLivingSpace,Corpus,3,Newbie,6,0.5,180,480,480,GeneralNPC_Corpus_Recon,4,1
DLC1,CNPPSmallLivingSpace,Corpus,3,Newbie,6,0.5,180,480,480,GeneralNPC_Corpus_Stormtrooper,0,0
DLC1,CNPPSmallLivingSpace,Corpus,3,Newbie,6,0.5,180,480,480,GeneralNPC_Corpus_Sniper,0,0
DLC1,CNPPSmallLivingSpace,Corpus,3,Newbie,6,0.5,180,480,480,GeneralNPC_Corpus_Heavy,0,0
DLC1,CNPPSmallLivingSpace,Corpus,3,Experienced,6,0.5,180,480,480,GeneralNPC_Corpus_CloseCombat,0,1
DLC1,CNPPSmallLivingSpace,Corpus,3,Experienced,6,0.5,180,480,480,GeneralNPC_Corpus_Recon,1,1
DLC1,CNPPSmallLivingSpace,Corpus,3,Experienced,6,0.5,180,480,480,GeneralNPC_Corpus_Stormtrooper,2,1
DLC1,CNPPSmallLivingSpace,Corpus,3,Experienced,6,0.5,180,480,480,GeneralNPC_Corpus_Sniper,0,0
DLC1,CNPPSmallLivingSpace,Corpus,3,Experienced,6,0.5,180,480,480,GeneralNPC_Corpus_Heavy,0,0
DLC1,CNPPSmallLivingSpace,Corpus,3,Veteran,7,0.5,180,480,480,GeneralNPC_Corpus_CloseCombat,1,1
DLC1,CNPPSmallLivingSpace,Corpus,3,Veteran,7,0.5,180,480,480,GeneralNPC_Corpus_Recon,1,1
DLC1,CNPPSmallLivingSpace,Corpus,3,Veteran,7,0.5,180,480,480,GeneralNPC_Corpus_Stormtrooper,2,1
DLC1,CNPPSmallLivingSpace,Corpus,3,Veteran,7,0.5,180,480,480,GeneralNPC_Corpus_Sniper,0,0
DLC1,CNPPSmallLivingSpace,Corpus,3,Veteran,7,0.5,180,480,480,GeneralNPC_Corpus_Heavy,1,0.2
DLC1,CNPPSmallLivingSpace,Corpus,3,Master,7,0.5,180,480,480,GeneralNPC_Corpus_CloseCombat,0,1
DLC1,CNPPSmallLivingSpace,Corpus,3,Master,7,0.5,180,480,480,GeneralNPC_Corpus_Recon,0,1
DLC1,CNPPSmallLivingSpace,Corpus,3,Master,7,0.5,180,480,480,GeneralNPC_Corpus_Stormtrooper,3,1
DLC1,CNPPSmallLivingSpace,Corpus,3,Master,7,0.5,180,480,480,GeneralNPC_Corpus_Sniper,1,0.2
DLC1,CNPPSmallLivingSpace,Corpus,3,Master,7,0.5,180,480,480,GeneralNPC_Corpus_Heavy,1,0.2
DLC1,CNPPSmallLivingSpace,Bloodsucker,3,Newbie,2,0.5,180,480,480,Bloodsucker,1,1
DLC1,CNPPSmallLivingSpace,Bloodsucker,3,Experienced,2,0.5,180,480,480,Bloodsucker,1,1
DLC1,CNPPSmallLivingSpace,Bloodsucker,3,Veteran,3,0.5,180,480,480,Bloodsucker,1,1
DLC1,CNPPSmallLivingSpace,Bloodsucker,3,Master,3,0.5,180,480,480,Bloodsucker,1,1
DLC1,CNPPSmallLivingSpace,Zombie,3,Newbie,6,0.5,180,480,480,GeneralCNPPZombie_Bandit_CloseCombat,0,1
DLC1,CNPPSmallLivingSpace,Zombie,3,Newbie,6,0.5,180,480,480,GeneralCNPPZombie_Bandit_Recon,0,1
DLC1,CNPPSmallLivingSpace,Zombie,3,Newbie,6,0.5,180,480,480,GeneralCNPPZombie_Bandit_Stormtrooper,0,1
DLC1,CNPPSmallLivingSpace,Zombie,3,Newbie,6,0.5,180,480,480,GeneralCNPPZombie_Bandit_Heavy,0,1
DLC1,CNPPSmallLivingSpace,Zombie,3,Newbie,6,0.5,180,480,480,GeneralCNPPZombie_Neutral_CloseCombat,0,1
DLC1,CNPPSmallLivingSpace,Zombie,3,Newbie,6,0.5,180,480,480,GeneralCNPPZombie_Neutral_Recon,0,1
DLC1,CNPPSmallLivingSpace,Zombie,3,Newbie,6,0.5,180,480,480,GeneralCNPPZombie_Neutral_Stormtrooper,0,1
DLC1,CNPPSmallLivingSpace,Zombie,3,Newbie,6,0.5,180,480,480,GeneralCNPPZombie_Neutral_Sniper,0,1
DLC1,CNPPSmallLivingSpace,Zombie,3,Newbie,6,0.5,180,480,480,GeneralCNPPZombie_Corpus_CloseCombat,0,1
DLC1,CNPPSmallLivingSpace,Zombie,3,Newbie,6,0.5,180,480,480,GeneralCNPPZombie_Corpus_Recon,0,1
DLC1,CNPPSmallLivingSpace,Zombie,3,Newbie,6,0.5,180,480,480,GeneralCNPPZombie_Corpus_Stormtrooper,0,1
DLC1,CNPPSmallLivingSpace,Zombie,3,Newbie,6,0.5,180,480,480,GeneralCNPPZombie_Corpus_Sniper,0,1
DLC1,CNPPSmallLivingSpace,Zombie,3,Newbie,6,0.5,180,480,480,GeneralCNPPZombie_Corpus_Heavy,0,1
DLC1,CNPPSmallLivingSpace,Zombie,3,Newbie,6,0.5,180,480,480,GeneralCNPPZombie_Freedom_CloseCombat,0,1
DLC1,CNPPSmallLivingSpace,Zombie,3,Newbie,6,0.5,180,480,480,GeneralCNPPZombie_Freedom_Recon,0,1
DLC1,CNPPSmallLivingSpace,Zombie,3,Newbie,6,0.5,180,480,480,GeneralCNPPZombie_Freedom_Stormtrooper,0,1
DLC1,CNPPSmallLivingSpace,Zombie,3,Newbie,6,0.5,180,480,480,GeneralCNPPZombie_Freedom_Sniper,0,1
DLC1,CNPPSmallLivingSpace,Zombie,3,Newbie,6,0.5,180,480,480,GeneralCNPPZombie_Duty_CloseCombat,0,1
DLC1,CNPPSmallLivingSpace,Zombie,3,Newbie,6,0.5,180,480,480,GeneralCNPPZombie_Duty_Recon,0,1
DLC1,CNPPSmallLivingSpace,Zombie,3,Newbie,6,0.5,180,480,480,GeneralCNPPZombie_Duty_Stormtrooper,0,1
DLC1,CNPPSmallLivingSpace,Zombie,3,Newbie,6,0.5,180,480,480,GeneralCNPPZombie_Duty_Sniper,0,1
DLC1,CNPPSmallLivingSpace,Zombie,3,Newbie,6,0.5,180,480,480,GeneralCNPPZombie_Duty_Heavy,0,1
DLC1,CNPPSmallLivingSpace,Zombie,3,Experienced,8,0.5,180,480,480,GeneralCNPPZombie_Bandit_CloseCombat,0,1
DLC1,CNPPSmallLivingSpace,Zombie,3,Experienced,8,0.5,180,480,480,GeneralCNPPZombie_Bandit_Recon,0,1
DLC1,CNPPSmallLivingSpace,Zombie,3,Experienced,8,0.5,180,480,480,GeneralCNPPZombie_Bandit_Stormtrooper,0,1
DLC1,CNPPSmallLivingSpace,Zombie,3,Experienced,8,0.5,180,480,480,GeneralCNPPZombie_Bandit_Heavy,0,1
DLC1,CNPPSmallLivingSpace,Zombie,3,Experienced,8,0.5,180,480,480,GeneralCNPPZombie_Neutral_CloseCombat,0,1
DLC1,CNPPSmallLivingSpace,Zombie,3,Experienced,8,0.5,180,480,480,GeneralCNPPZombie_Neutral_Recon,0,1
DLC1,CNPPSmallLivingSpace,Zombie,3,Experienced,8,0.5,180,480,480,GeneralCNPPZombie_Neutral_Stormtrooper,0,1
DLC1,CNPPSmallLivingSpace,Zombie,3,Experienced,8,0.5,180,480,480,GeneralCNPPZombie_Neutral_Sniper,0,1
DLC1,CNPPSmallLivingSpace,Zombie,3,Experienced,8,0.5,180,480,480,GeneralCNPPZombie_Corpus_CloseCombat,0,1
DLC1,CNPPSmallLivingSpace,Zombie,3,Experienced,8,0.5,180,480,480,GeneralCNPPZombie_Corpus_Recon,0,1
DLC1,CNPPSmallLivingSpace,Zombie,3,Experienced,8,0.5,180,480,480,GeneralCNPPZombie_Corpus_Stormtrooper,0,1
DLC1,CNPPSmallLivingSpace,Zombie,3,Experienced,8,0.5,180,480,480,GeneralCNPPZombie_Corpus_Sniper,0,1
DLC1,CNPPSmallLivingSpace,Zombie,3,Experienced,8,0.5,180,480,480,GeneralCNPPZombie_Corpus_Heavy,0,1
DLC1,CNPPSmallLivingSpace,Zombie,3,Experienced,8,0.5,180,480,480,GeneralCNPPZombie_Freedom_CloseCombat,0,1
DLC1,CNPPSmallLivingSpace,Zombie,3,Experienced,8,0.5,180,480,480,GeneralCNPPZombie_Freedom_Recon,0,1
DLC1,CNPPSmallLivingSpace,Zombie,3,Experienced,8,0.5,180,480,480,GeneralCNPPZombie_Freedom_Stormtrooper,0,1
DLC1,CNPPSmallLivingSpace,Zombie,3,Experienced,8,0.5,180,480,480,GeneralCNPPZombie_Freedom_Sniper,0,1
DLC1,CNPPSmallLivingSpace,Zombie,3,Experienced,8,0.5,180,480,480,GeneralCNPPZombie_Duty_CloseCombat,0,1
DLC1,CNPPSmallLivingSpace,Zombie,3,Experienced,8,0.5,180,480,480,GeneralCNPPZombie_Duty_Recon,0,1
DLC1,CNPPSmallLivingSpace,Zombie,3,Experienced,8,0.5,180,480,480,GeneralCNPPZombie_Duty_Stormtrooper,0,1
DLC1,CNPPSmallLivingSpace,Zombie,3,Experienced,8,0.5,180,480,480,GeneralCNPPZombie_Duty_Sniper,0,1
DLC1,CNPPSmallLivingSpace,Zombie,3,Experienced,8,0.5,180,480,480,GeneralCNPPZombie_Duty_Heavy,0,1
DLC1,CNPPSmallLivingSpace,Zombie,3,Veteran,10,0.5,180,480,480,GeneralCNPPZombie_Bandit_CloseCombat,0,1
DLC1,CNPPSmallLivingSpace,Zombie,3,Veteran,10,0.5,180,480,480,GeneralCNPPZombie_Bandit_Recon,0,1
DLC1,CNPPSmallLivingSpace,Zombie,3,Veteran,10,0.5,180,480,480,GeneralCNPPZombie_Bandit_Stormtrooper,0,1
DLC1,CNPPSmallLivingSpace,Zombie,3,Veteran,10,0.5,180,480,480,GeneralCNPPZombie_Bandit_Heavy,0,1
DLC1,CNPPSmallLivingSpace,Zombie,3,Veteran,10,0.5,180,480,480,GeneralCNPPZombie_Neutral_CloseCombat,0,1
DLC1,CNPPSmallLivingSpace,Zombie,3,Veteran,10,0.5,180,480,480,GeneralCNPPZombie_Neutral_Recon,0,1
DLC1,CNPPSmallLivingSpace,Zombie,3,Veteran,10,0.5,180,480,480,GeneralCNPPZombie_Neutral_Stormtrooper,0,1
DLC1,CNPPSmallLivingSpace,Zombie,3,Veteran,10,0.5,180,480,480,GeneralCNPPZombie_Neutral_Sniper,0,1
DLC1,CNPPSmallLivingSpace,Zombie,3,Veteran,10,0.5,180,480,480,GeneralCNPPZombie_Corpus_CloseCombat,0,1
DLC1,CNPPSmallLivingSpace,Zombie,3,Veteran,10,0.5,180,480,480,GeneralCNPPZombie_Corpus_Recon,0,1
DLC1,CNPPSmallLivingSpace,Zombie,3,Veteran,10,0.5,180,480,480,GeneralCNPPZombie_Corpus_Stormtrooper,0,1
DLC1,CNPPSmallLivingSpace,Zombie,3,Veteran,10,0.5,180,480,480,GeneralCNPPZombie_Corpus_Sniper,0,1
DLC1,CNPPSmallLivingSpace,Zombie,3,Veteran,10,0.5,180,480,480,GeneralCNPPZombie_Corpus_Heavy,0,1
DLC1,CNPPSmallLivingSpace,Zombie,3,Veteran,10,0.5,180,480,480,GeneralCNPPZombie_Freedom_CloseCombat,0,1
DLC1,CNPPSmallLivingSpace,Zombie,3,Veteran,10,0.5,180,480,480,GeneralCNPPZombie_Freedom_Recon,0,1
DLC1,CNPPSmallLivingSpace,Zombie,3,Veteran,10,0.5,180,480,480,GeneralCNPPZombie_Freedom_Stormtrooper,0,1
DLC1,CNPPSmallLivingSpace,Zombie,3,Veteran,10,0.5,180,480,480,GeneralCNPPZombie_Freedom_Sniper,0,1
DLC1,CNPPSmallLivingSpace,Zombie,3,Veteran,10,0.5,180,480,480,GeneralCNPPZombie_Duty_CloseCombat,0,1
DLC1,CNPPSmallLivingSpace,Zombie,3,Veteran,10,0.5,180,480,480,GeneralCNPPZombie_Duty_Recon,0,1
DLC1,CNPPSmallLivingSpace,Zombie,3,Veteran,10,0.5,180,480,480,GeneralCNPPZombie_Duty_Stormtrooper,0,1
DLC1,CNPPSmallLivingSpace,Zombie,3,Veteran,10,0.5,180,480,480,GeneralCNPPZombie_Duty_Sniper,0,1
DLC1,CNPPSmallLivingSpace,Zombie,3,Veteran,10,0.5,180,480,480,GeneralCNPPZombie_Duty_Heavy,0,1
DLC1,CNPPSmallLivingSpace,Zombie,3,Master,10,0.5,180,480,480,GeneralCNPPZombie_Bandit_CloseCombat,0,1
DLC1,CNPPSmallLivingSpace,Zombie,3,Master,10,0.5,180,480,480,GeneralCNPPZombie_Bandit_Recon,0,1
DLC1,CNPPSmallLivingSpace,Zombie,3,Master,10,0.5,180,480,480,GeneralCNPPZombie_Bandit_Stormtrooper,0,1
DLC1,CNPPSmallLivingSpace,Zombie,3,Master,10,0.5,180,480,480,GeneralCNPPZombie_Bandit_Heavy,0,1
DLC1,CNPPSmallLivingSpace,Zombie,3,Master,10,0.5,180,480,480,GeneralCNPPZombie_Neutral_CloseCombat,0,1
DLC1,CNPPSmallLivingSpace,Zombie,3,Master,10,0.5,180,480,480,GeneralCNPPZombie_Neutral_Recon,0,1
DLC1,CNPPSmallLivingSpace,Zombie,3,Master,10,0.5,180,480,480,GeneralCNPPZombie_Neutral_Stormtrooper,0,1
DLC1,CNPPSmallLivingSpace,Zombie,3,Master,10,0.5,180,480,480,GeneralCNPPZombie_Neutral_Sniper,0,1
DLC1,CNPPSmallLivingSpace,Zombie,3,Master,10,0.5,180,480,480,GeneralCNPPZombie_Corpus_CloseCombat,0,1
DLC1,CNPPSmallLivingSpace,Zombie,3,Master,10,0.5,180,480,480,GeneralCNPPZombie_Corpus_Recon,0,1
DLC1,CNPPSmallLivingSpace,Zombie,3,Master,10,0.5,180,480,480,GeneralCNPPZombie_Corpus_Stormtrooper,0,1
DLC1,CNPPSmallLivingSpace,Zombie,3,Master,10,0.5,180,480,480,GeneralCNPPZombie_Corpus_Sniper,0,1
DLC1,CNPPSmallLivingSpace,Zombie,3,Master,10,0.5,180,480,480,GeneralCNPPZombie_Corpus_Heavy,0,1
DLC1,CNPPSmallLivingSpace,Zombie,3,Master,10,0.5,180,480,480,GeneralCNPPZombie_Freedom_CloseCombat,0,1
DLC1,CNPPSmallLivingSpace,Zombie,3,Master,10,0.5,180,480,480,GeneralCNPPZombie_Freedom_Recon,0,1
DLC1,CNPPSmallLivingSpace,Zombie,3,Master,10,0.5,180,480,480,GeneralCNPPZombie_Freedom_Stormtrooper,0,1
DLC1,CNPPSmallLivingSpace,Zombie,3,Master,10,0.5,180,480,480,GeneralCNPPZombie_Freedom_Sniper,0,1
DLC1,CNPPSmallLivingSpace,Zombie,3,Master,10,0.5,180,480,480,GeneralCNPPZombie_Duty_CloseCombat,0,1
DLC1,CNPPSmallLivingSpace,Zombie,3,Master,10,0.5,180,480,480,GeneralCNPPZombie_Duty_Recon,0,1
DLC1,CNPPSmallLivingSpace,Zombie,3,Master,10,0.5,180,480,480,GeneralCNPPZombie_Duty_Stormtrooper,0,1
DLC1,CNPPSmallLivingSpace,Zombie,3,Master,10,0.5,180,480,480,GeneralCNPPZombie_Duty_Sniper,0,1
DLC1,CNPPSmallLivingSpace,Zombie,3,Master,10,0.5,180,480,480,GeneralCNPPZombie_Duty_Heavy,0,1
DLC1,CNPPSmallLivingSpace,Bayun,3,Newbie,2,0.5,180,480,480,Bayun,1,1
DLC1,CNPPSmallLivingSpace,Bayun,3,Experienced,2,0.5,180,480,480,Bayun,1,1
DLC1,CNPPSmallLivingSpace,Bayun,3,Veteran,3,0.5,180,480,480,Bayun,1,1
DLC1,CNPPSmallLivingSpace,Bayun,3,Master,4,0.5,180,480,480,Bayun,1,1
DLC1,CNPPSmallLivingSpace,Tushkan,3,Newbie,14,0.5,180,480,480,Tushkan,1,1
DLC1,CNPPSmallLivingSpace,Tushkan,3,Experienced,16,0.5,180,480,480,Tushkan,1,1
DLC1,CNPPSmallLivingSpace,Tushkan,3,Veteran,20,0.5,180,480,480,Tushkan,1,1
DLC1,CNPPSmallLivingSpace,Tushkan,3,Master,24,0.5,180,480,480,Tushkan,1,1
DLC1,CNPPBigLivingSpace,Militaries,3,Newbie,6,0.5,180,480,480,GeneralNPC_Militaries_CloseCombat,0,1
DLC1,CNPPBigLivingSpace,Militaries,3,Newbie,6,0.5,180,480,480,GeneralNPC_Militaries_Recon,5,1
DLC1,CNPPBigLivingSpace,Militaries,3,Newbie,6,0.5,180,480,480,GeneralNPC_Militaries_Stormtrooper,0,0
DLC1,CNPPBigLivingSpace,Militaries,3,Newbie,6,0.5,180,480,480,GeneralNPC_Militaries_Sniper,0,0
DLC1,CNPPBigLivingSpace,Militaries,3,Newbie,6,0.5,180,480,480,GeneralNPC_Militaries_Heavy,0,0
DLC1,CNPPBigLivingSpace,Militaries,3,Experienced,6,0.5,180,480,480,GeneralNPC_Militaries_CloseCombat,1,1
DLC1,CNPPBigLivingSpace,Militaries,3,Experienced,6,0.5,180,480,480,GeneralNPC_Militaries_Recon,1,1
DLC1,CNPPBigLivingSpace,Militaries,3,Experienced,6,0.5,180,480,480,GeneralNPC_Militaries_Stormtrooper,1,1
DLC1,CNPPBigLivingSpace,Militaries,3,Veteran,6,0.5,180,480,480,GeneralNPC_Militaries_CloseCombat,1,1
DLC1,CNPPBigLivingSpace,Militaries,3,Veteran,6,0.5,180,480,480,GeneralNPC_Militaries_Recon,0,1
DLC1,CNPPBigLivingSpace,Militaries,3,Veteran,6,0.5,180,480,480,GeneralNPC_Militaries_Stormtrooper,3,1
DLC1,CNPPBigLivingSpace,Militaries,3,Veteran,6,0.5,180,480,480,GeneralNPC_Militaries_Heavy,0,1
DLC1,CNPPBigLivingSpace,Militaries,3,Master,7,0.5,180,480,480,GeneralNPC_Militaries_CloseCombat,1,0.5
DLC1,CNPPBigLivingSpace,Militaries,3,Master,7,0.5,180,480,480,GeneralNPC_Militaries_Recon,1,1
DLC1,CNPPBigLivingSpace,Militaries,3,Master,7,0.5,180,480,480,GeneralNPC_Militaries_Stormtrooper,2,1
DLC1,CNPPBigLivingSpace,Militaries,3,Master,7,0.5,180,480,480,GeneralNPC_Militaries_Sniper,1,0
DLC1,CNPPBigLivingSpace,Militaries,3,Master,7,0.5,180,480,480,GeneralNPC_Militaries_Heavy,1,1
DLC1,CNPPBigLivingSpace,Neutrals,3,Newbie,6,0.5,180,480,480,GeneralNPC_Neutral_CloseCombat,3,1
DLC1,CNPPBigLivingSpace,Neutrals,3,Newbie,6,0.5,180,480,480,GeneralNPC_Neutral_Recon,1,1
DLC1,CNPPBigLivingSpace,Neutrals,3,Newbie,6,0.5,180,480,480,GeneralNPC_Neutral_Sniper,0,0.2
DLC1,CNPPBigLivingSpace,Neutrals,3,Newbie,6,0.5,180,480,480,GeneralNPC_Neutral_Stormtrooper,0,0
DLC1,CNPPBigLivingSpace,Neutrals,3,Experienced,6,0.5,180,480,480,GeneralNPC_Neutral_CloseCombat,1,1
DLC1,CNPPBigLivingSpace,Neutrals,3,Experienced,6,0.5,180,480,480,GeneralNPC_Neutral_Recon,1,2
DLC1,CNPPBigLivingSpace,Neutrals,3,Experienced,6,0.5,180,480,480,GeneralNPC_Neutral_Stormtrooper,1,2
DLC1,CNPPBigLivingSpace,Neutrals,3,Experienced,6,0.5,180,480,480,GeneralNPC_Neutral_Sniper,0,0
DLC1,CNPPBigLivingSpace,Neutrals,3,Veteran,7,0.5,180,480,480,GeneralNPC_Neutral_CloseCombat,1,1
DLC1,CNPPBigLivingSpace,Neutrals,3,Veteran,7,0.5,180,480,480,GeneralNPC_Neutral_Recon,1,1
DLC1,CNPPBigLivingSpace,Neutrals,3,Veteran,7,0.5,180,480,480,GeneralNPC_Neutral_Stormtrooper,3,1
DLC1,CNPPBigLivingSpace,Neutrals,3,Veteran,7,0.5,180,480,480,GeneralNPC_Neutral_Sniper,1,0.2
DLC1,CNPPBigLivingSpace,Neutrals,3,Master,7,0.5,180,480,480,GeneralNPC_Neutral_CloseCombat,1,1
DLC1,CNPPBigLivingSpace,Neutrals,3,Master,7,0.5,180,480,480,GeneralNPC_Neutral_Recon,0,1
DLC1,CNPPBigLivingSpace,Neutrals,3,Master,7,0.5,180,480,480,GeneralNPC_Neutral_Stormtrooper,3,1
DLC1,CNPPBigLivingSpace,Neutrals,3,Master,7,0.5,180,480,480,GeneralNPC_Neutral_Sniper,1,0.2
DLC1,CNPPBigLivingSpace,Varta,3,Newbie,6,0.5,180,480,480,GeneralNPC_Varta_CloseCombat,1,1
DLC1,CNPPBigLivingSpace,Varta,3,Newbie,6,0.5,180,480,480,GeneralNPC_Varta_Recon,4,1
DLC1,CNPPBigLivingSpace,Varta,3,Newbie,6,0.5,180,480,480,GeneralNPC_Varta_Stormtrooper,0,0
DLC1,CNPPBigLivingSpace,Varta,3,Newbie,6,0.5,180,480,480,GeneralNPC_Varta_Sniper,0,0
DLC1,CNPPBigLivingSpace,Varta,3,Newbie,6,0.5,180,480,480,GeneralNPC_Varta_Heavy,0,0
DLC1,CNPPBigLivingSpace,Varta,3,Experienced,6,0.5,180,480,480,GeneralNPC_Varta_CloseCombat,1,1
DLC1,CNPPBigLivingSpace,Varta,3,Experienced,6,0.5,180,480,480,GeneralNPC_Varta_Recon,1,1
DLC1,CNPPBigLivingSpace,Varta,3,Experienced,6,0.5,180,480,480,GeneralNPC_Varta_Stormtrooper,1,1
DLC1,CNPPBigLivingSpace,Varta,3,Experienced,6,0.5,180,480,480,GeneralNPC_Varta_Sniper,0,0
DLC1,CNPPBigLivingSpace,Varta,3,Experienced,6,0.5,180,480,480,GeneralNPC_Varta_Heavy,0,0
DLC1,CNPPBigLivingSpace,Varta,3,Veteran,7,0.5,180,480,480,GeneralNPC_Varta_CloseCombat,1,1
DLC1,CNPPBigLivingSpace,Varta,3,Veteran,7,0.5,180,480,480,GeneralNPC_Varta_Recon,1,1
DLC1,CNPPBigLivingSpace,Varta,3,Veteran,7,0.5,180,480,480,GeneralNPC_Varta_Stormtrooper,2,1
DLC1,CNPPBigLivingSpace,Varta,3,Veteran,7,0.5,180,480,480,GeneralNPC_Varta_Sniper,1,0.2
DLC1,CNPPBigLivingSpace,Varta,3,Veteran,7,0.5,180,480,480,GeneralNPC_Varta_Heavy,0,0.5
DLC1,CNPPBigLivingSpace,Varta,3,Master,7,0.5,180,480,480,GeneralNPC_Varta_CloseCombat,1,1
DLC1,CNPPBigLivingSpace,Varta,3,Master,7,0.5,180,480,480,GeneralNPC_Varta_Recon,0,1
DLC1,CNPPBigLivingSpace,Varta,3,Master,7,0.5,180,480,480,GeneralNPC_Varta_Stormtrooper,2,1
DLC1,CNPPBigLivingSpace,Varta,3,Master,7,0.5,180,480,480,GeneralNPC_Varta_Sniper,1,0.2
DLC1,CNPPBigLivingSpace,Varta,3,Master,7,0.5,180,480,480,GeneralNPC_Varta_Heavy,1,0.2
DLC1,CNPPBigLivingSpace,Mercenaries,3,Newbie,6,0.5,180,480,480,GeneralNPC_Mercenaries_CloseCombat,0,1
DLC1,CNPPBigLivingSpace,Mercenaries,3,Newbie,6,0.5,180,480,480,GeneralNPC_Mercenaries_Recon,4,1
DLC1,CNPPBigLivingSpace,Mercenaries,3,Newbie,6,0.5,180,480,480,GeneralNPC_Mercenaries_Stormtrooper,0,0
DLC1,CNPPBigLivingSpace,Mercenaries,3,Newbie,6,0.5,180,480,480,GeneralNPC_Mercenaries_Sniper,0,0
DLC1,CNPPBigLivingSpace,Mercenaries,3,Experienced,6,0.5,180,480,480,GeneralNPC_Mercenaries_CloseCombat,1,1
DLC1,CNPPBigLivingSpace,Mercenaries,3,Experienced,6,0.5,180,480,480,GeneralNPC_Mercenaries_Recon,1,1
DLC1,CNPPBigLivingSpace,Mercenaries,3,Experienced,6,0.5,180,480,480,GeneralNPC_Mercenaries_Stormtrooper,1,1
DLC1,CNPPBigLivingSpace,Mercenaries,3,Experienced,6,0.5,180,480,480,GeneralNPC_Mercenaries_Sniper,0,0
DLC1,CNPPBigLivingSpace,Mercenaries,3,Veteran,7,0.5,180,480,480,GeneralNPC_Mercenaries_CloseCombat,1,1
DLC1,CNPPBigLivingSpace,Mercenaries,3,Veteran,7,0.5,180,480,480,GeneralNPC_Mercenaries_Recon,0,1
DLC1,CNPPBigLivingSpace,Mercenaries,3,Veteran,7,0.5,180,480,480,GeneralNPC_Mercenaries_Stormtrooper,3,1
DLC1,CNPPBigLivingSpace,Mercenaries,3,Veteran,7,0.5,180,480,480,GeneralNPC_Mercenaries_Sniper,1,0.2
DLC1,CNPPBigLivingSpace,Mercenaries,3,Master,7,0.5,180,480,480,GeneralNPC_Mercenaries_CloseCombat,1,1
DLC1,CNPPBigLivingSpace,Mercenaries,3,Master,7,0.5,180,480,480,GeneralNPC_Mercenaries_Recon,0,2
DLC1,CNPPBigLivingSpace,Mercenaries,3,Master,7,0.5,180,480,480,GeneralNPC_Mercenaries_Stormtrooper,3,1
DLC1,CNPPBigLivingSpace,Mercenaries,3,Master,7,0.5,180,480,480,GeneralNPC_Mercenaries_Sniper,1,0.2
DLC1,CNPPBigLivingSpace,Freedom,3,Newbie,6,0.5,180,480,480,GeneralNPC_Freedom_CloseCombat,1,1
DLC1,CNPPBigLivingSpace,Freedom,3,Newbie,6,0.5,180,480,480,GeneralNPC_Freedom_Recon,4,1
DLC1,CNPPBigLivingSpace,Freedom,3,Newbie,6,0.5,180,480,480,GeneralNPC_Freedom_Stormtrooper,1,1
DLC1,CNPPBigLivingSpace,Freedom,3,Newbie,6,0.5,180,480,480,GeneralNPC_Freedom_Sniper,1,1
DLC1,CNPPBigLivingSpace,Freedom,3,Experienced,6,0.5,180,480,480,GeneralNPC_Freedom_CloseCombat,0,1
DLC1,CNPPBigLivingSpace,Freedom,3,Experienced,6,0.5,180,480,480,GeneralNPC_Freedom_Recon,1,1
DLC1,CNPPBigLivingSpace,Freedom,3,Experienced,6,0.5,180,480,480,GeneralNPC_Freedom_Stormtrooper,1,1
DLC1,CNPPBigLivingSpace,Freedom,3,Experienced,6,0.5,180,480,480,GeneralNPC_Freedom_Sniper,0,0.2
DLC1,CNPPBigLivingSpace,Freedom,3,Veteran,7,0.5,180,480,480,GeneralNPC_Freedom_CloseCombat,1,1
DLC1,CNPPBigLivingSpace,Freedom,3,Veteran,7,0.5,180,480,480,GeneralNPC_Freedom_Recon,1,1
DLC1,CNPPBigLivingSpace,Freedom,3,Veteran,7,0.5,180,480,480,GeneralNPC_Freedom_Stormtrooper,2,1
DLC1,CNPPBigLivingSpace,Freedom,3,Veteran,7,0.5,180,480,480,GeneralNPC_Freedom_Sniper,1,0.2
DLC1,CNPPBigLivingSpace,Freedom,3,Master,7,0.5,180,480,480,GeneralNPC_Freedom_CloseCombat,1,1
DLC1,CNPPBigLivingSpace,Freedom,3,Master,7,0.5,180,480,480,GeneralNPC_Freedom_Recon,1,1
DLC1,CNPPBigLivingSpace,Freedom,3,Master,7,0.5,180,480,480,GeneralNPC_Freedom_Stormtrooper,2,1
DLC1,CNPPBigLivingSpace,Freedom,3,Master,7,0.5,180,480,480,GeneralNPC_Freedom_Sniper,1,0.2
DLC1,CNPPBigLivingSpace,Bandits,3,Newbie,6,0.5,180,480,480,GeneralNPC_Bandit_CloseCombat,3,1
DLC1,CNPPBigLivingSpace,Bandits,3,Newbie,6,0.5,180,480,480,GeneralNPC_Bandit_Recon,1,1
DLC1,CNPPBigLivingSpace,Bandits,3,Newbie,6,0.5,180,480,480,GeneralNPC_Bandit_Stormtrooper,0,0
DLC1,CNPPBigLivingSpace,Bandits,3,Newbie,6,0.5,180,480,480,GeneralNPC_Bandit_Heavy,0,0
DLC1,CNPPBigLivingSpace,Bandits,3,Experienced,6,0.5,180,480,480,GeneralNPC_Bandit_CloseCombat,1,1
DLC1,CNPPBigLivingSpace,Bandits,3,Experienced,6,0.5,180,480,480,GeneralNPC_Bandit_Recon,1,1
DLC1,CNPPBigLivingSpace,Bandits,3,Experienced,6,0.5,180,480,480,GeneralNPC_Bandit_Stormtrooper,1,0
DLC1,CNPPBigLivingSpace,Bandits,3,Experienced,6,0.5,180,480,480,GeneralNPC_Bandit_Heavy,0,0
DLC1,CNPPBigLivingSpace,Bandits,3,Veteran,7,0.5,180,480,480,GeneralNPC_Bandit_CloseCombat,1,1
DLC1,CNPPBigLivingSpace,Bandits,3,Veteran,7,0.5,180,480,480,GeneralNPC_Bandit_Recon,1,1
DLC1,CNPPBigLivingSpace,Bandits,3,Veteran,7,0.5,180,480,480,GeneralNPC_Bandit_Stormtrooper,3,1
DLC1,CNPPBigLivingSpace,Bandits,3,Veteran,7,0.5,180,480,480,GeneralNPC_Bandit_Heavy,0,0
DLC1,CNPPBigLivingSpace,Bandits,3,Master,8,0.5,180,480,480,GeneralNPC_Bandit_CloseCombat,1,1
DLC1,CNPPBigLivingSpace,Bandits,3,Master,8,0.5,180,480,480,GeneralNPC_Bandit_Recon,1,1
DLC1,CNPPBigLivingSpace,Bandits,3,Master,8,0.5,180,480,480,GeneralNPC_Bandit_Stormtrooper,3,1
DLC1,CNPPBigLivingSpace,Bandits,3,Master,8,0.5,180,480,480,GeneralNPC_Bandit_Heavy,0,0
DLC1,CNPPBigLivingSpace,Monolith,3,Newbie,6,0.5,180,480,480,GeneralNPC_Monolith_CloseCombat,1,1
DLC1,CNPPBigLivingSpace,Monolith,3,Newbie,6,0.5,180,480,480,GeneralNPC_Monolith_Recon,2,1
DLC1,CNPPBigLivingSpace,Monolith,3,Newbie,6,0.5,180,480,480,GeneralNPC_Monolith_Stormtrooper,2,1
DLC1,CNPPBigLivingSpace,Monolith,3,Newbie,6,0.5,180,480,480,GeneralNPC_Monolith_Sniper,0,0
DLC1,CNPPBigLivingSpace,Monolith,3,Experienced,6,0.5,180,480,480,GeneralNPC_Monolith_CloseCombat,1,1
DLC1,CNPPBigLivingSpace,Monolith,3,Experienced,6,0.5,180,480,480,GeneralNPC_Monolith_Recon,1,1
DLC1,CNPPBigLivingSpace,Monolith,3,Experienced,6,0.5,180,480,480,GeneralNPC_Monolith_Stormtrooper,1,1
DLC1,CNPPBigLivingSpace,Monolith,3,Experienced,6,0.5,180,480,480,GeneralNPC_Monolith_Sniper,0,0
DLC1,CNPPBigLivingSpace,Monolith,3,Veteran,8,0.5,180,480,480,GeneralNPC_Monolith_CloseCombat,1,1
DLC1,CNPPBigLivingSpace,Monolith,3,Veteran,8,0.5,180,480,480,GeneralNPC_Monolith_Recon,1,1
DLC1,CNPPBigLivingSpace,Monolith,3,Veteran,8,0.5,180,480,480,GeneralNPC_Monolith_Stormtrooper,3,1
DLC1,CNPPBigLivingSpace,Monolith,3,Veteran,8,0.5,180,480,480,GeneralNPC_Monolith_Sniper,1,0.2
DLC1,CNPPBigLivingSpace,Monolith,3,Master,8,0.5,180,480,480,GeneralNPC_Monolith_CloseCombat,1,1
DLC1,CNPPBigLivingSpace,Monolith,3,Master,8,0.5,180,480,480,GeneralNPC_Monolith_Recon,1,1
DLC1,CNPPBigLivingSpace,Monolith,3,Master,8,0.5,180,480,480,GeneralNPC_Monolith_Stormtrooper,3,1
DLC1,CNPPBigLivingSpace,Monolith,3,Master,8,0.5,180,480,480,GeneralNPC_Monolith_Sniper,1,0.2
DLC1,CNPPBigLivingSpace,Duty,3,Newbie,6,0.5,180,480,480,GeneralNPC_Duty_CloseCombat,1,1
DLC1,CNPPBigLivingSpace,Duty,3,Newbie,6,0.5,180,480,480,GeneralNPC_Duty_Recon,4,1
DLC1,CNPPBigLivingSpace,Duty,3,Newbie,6,0.5,180,480,480,GeneralNPC_Duty_Stormtrooper,0,0
DLC1,CNPPBigLivingSpace,Duty,3,Newbie,6,0.5,180,480,480,GeneralNPC_Duty_Sniper,0,0
DLC1,CNPPBigLivingSpace,Duty,3,Newbie,6,0.5,180,480,480,GeneralNPC_Duty_Heavy,0,0
DLC1,CNPPBigLivingSpace,Duty,3,Experienced,6,0.5,180,480,480,GeneralNPC_Duty_CloseCombat,1,1
DLC1,CNPPBigLivingSpace,Duty,3,Experienced,6,0.5,180,480,480,GeneralNPC_Duty_Recon,1,1
DLC1,CNPPBigLivingSpace,Duty,3,Experienced,6,0.5,180,480,480,GeneralNPC_Duty_Stormtrooper,1,1
DLC1,CNPPBigLivingSpace,Duty,3,Experienced,6,0.5,180,480,480,GeneralNPC_Duty_Sniper,0,0
DLC1,CNPPBigLivingSpace,Duty,3,Experienced,6,0.5,180,480,480,GeneralNPC_Duty_Heavy,0,0
DLC1,CNPPBigLivingSpace,Duty,3,Veteran,7,0.5,180,480,480,GeneralNPC_Duty_CloseCombat,1,1
DLC1,CNPPBigLivingSpace,Duty,3,Veteran,7,0.5,180,480,480,GeneralNPC_Duty_Recon,0,1
DLC1,CNPPBigLivingSpace,Duty,3,Veteran,7,0.5,180,480,480,GeneralNPC_Duty_Stormtrooper,3,1
DLC1,CNPPBigLivingSpace,Duty,3,Veteran,7,0.5,180,480,480,GeneralNPC_Duty_Sniper,1,0.2
DLC1,CNPPBigLivingSpace,Duty,3,Veteran,7,0.5,180,480,480,GeneralNPC_Duty_Heavy,0,0
DLC1,CNPPBigLivingSpace,Duty,3,Master,7,0.5,180,480,480,GeneralNPC_Duty_CloseCombat,1,1
DLC1,CNPPBigLivingSpace,Duty,3,Master,7,0.5,180,480,480,GeneralNPC_Duty_Recon,1,1
DLC1,CNPPBigLivingSpace,Duty,3,Master,7,0.5,180,480,480,GeneralNPC_Duty_Stormtrooper,2,1
DLC1,CNPPBigLivingSpace,Duty,3,Master,7,0.5,180,480,480,GeneralNPC_Duty_Sniper,1,0.2
DLC1,CNPPBigLivingSpace,Duty,3,Master,7,0.5,180,480,480,GeneralNPC_Duty_Heavy,0,0.5
DLC1,CNPPBigLivingSpace,Noon,3,Newbie,6,0.5,180,480,480,GeneralNPC_Noon_CloseCombat,0,1
DLC1,CNPPBigLivingSpace,Noon,3,Newbie,6,0.5,180,480,480,GeneralNPC_Noon_Recon,2,1
DLC1,CNPPBigLivingSpace,Noon,3,Newbie,6,0.5,180,480,480,GeneralNPC_Noon_Stormtrooper,2,1
DLC1,CNPPBigLivingSpace,Noon,3,Experienced,6,0.5,180,480,480,GeneralNPC_Noon_CloseCombat,1,1
DLC1,CNPPBigLivingSpace,Noon,3,Experienced,6,0.5,180,480,480,GeneralNPC_Noon_Recon,1,1
DLC1,CNPPBigLivingSpace,Noon,3,Experienced,6,0.5,180,480,480,GeneralNPC_Noon_Stormtrooper,1,1
DLC1,CNPPBigLivingSpace,Noon,3,Veteran,7,0.5,180,480,480,GeneralNPC_Noon_CloseCombat,1,1
DLC1,CNPPBigLivingSpace,Noon,3,Veteran,7,0.5,180,480,480,GeneralNPC_Noon_Recon,1,1
DLC1,CNPPBigLivingSpace,Noon,3,Veteran,7,0.5,180,480,480,GeneralNPC_Noon_Stormtrooper,3,1
DLC1,CNPPBigLivingSpace,Noon,3,Master,7,0.5,180,480,480,GeneralNPC_Noon_CloseCombat,1,1
DLC1,CNPPBigLivingSpace,Noon,3,Master,7,0.5,180,480,480,GeneralNPC_Noon_Recon,1,1
DLC1,CNPPBigLivingSpace,Noon,3,Master,7,0.5,180,480,480,GeneralNPC_Noon_Stormtrooper,3,1
DLC1,CNPPBigLivingSpace,Scientists,3,Newbie,6,0.5,180,480,480,GeneralNPC_Scientists_Recon,1,1
DLC1,CNPPBigLivingSpace,Scientists,3,Newbie,6,0.5,180,480,480,GeneralNPC_Scientists_Stormtrooper,1,1
DLC1,CNPPBigLivingSpace,Scientists,3,Experienced,6,0.5,180,480,480,GeneralNPC_Scientists_Recon,4,1
DLC1,CNPPBigLivingSpace,Scientists,3,Experienced,6,0.5,180,480,480,GeneralNPC_Scientists_Stormtrooper,1,1
DLC1,CNPPBigLivingSpace,Scientists,3,Veteran,7,0.5,180,480,480,GeneralNPC_Scientists_Recon,1,1
DLC1,CNPPBigLivingSpace,Scientists,3,Veteran,7,0.5,180,480,480,GeneralNPC_Scientists_Stormtrooper,4,1
DLC1,CNPPBigLivingSpace,Scientists,3,Master,7,0.5,180,480,480,GeneralNPC_Scientists_Recon,1,1
DLC1,CNPPBigLivingSpace,Scientists,3,Master,7,0.5,180,480,480,GeneralNPC_Scientists_Stormtrooper,3,1
DLC1,CNPPBigLivingSpace,Spark,3,Newbie,6,0.5,180,480,480,GeneralNPC_Spark_CloseCombat,4,1
DLC1,CNPPBigLivingSpace,Spark,3,Newbie,6,0.5,180,480,480,GeneralNPC_Spark_Recon,1,1
DLC1,CNPPBigLivingSpace,Spark,3,Newbie,6,0.5,180,480,480,GeneralNPC_Spark_Stormtrooper,0,0
DLC1,CNPPBigLivingSpace,Spark,3,Newbie,6,0.5,180,480,480,GeneralNPC_Spark_Sniper,0,0
DLC1,CNPPBigLivingSpace,Spark,3,Experienced,6,0.5,180,480,480,GeneralNPC_Spark_CloseCombat,1,1
DLC1,CNPPBigLivingSpace,Spark,3,Experienced,6,0.5,180,480,480,GeneralNPC_Spark_Recon,1,1
DLC1,CNPPBigLivingSpace,Spark,3,Experienced,6,0.5,180,480,480,GeneralNPC_Spark_Stormtrooper,1,1
DLC1,CNPPBigLivingSpace,Spark,3,Experienced,6,0.5,180,480,480,GeneralNPC_Spark_Sniper,0,0.2
DLC1,CNPPBigLivingSpace,Spark,3,Veteran,7,0.5,180,480,480,GeneralNPC_Spark_CloseCombat,1,1
DLC1,CNPPBigLivingSpace,Spark,3,Veteran,7,0.5,180,480,480,GeneralNPC_Spark_Recon,0,1
DLC1,CNPPBigLivingSpace,Spark,3,Veteran,7,0.5,180,480,480,GeneralNPC_Spark_Stormtrooper,3,1
DLC1,CNPPBigLivingSpace,Spark,3,Veteran,7,0.5,180,480,480,GeneralNPC_Spark_Sniper,1,0.2
DLC1,CNPPBigLivingSpace,Spark,3,Master,7,0.5,180,480,480,GeneralNPC_Spark_CloseCombat,1,1
DLC1,CNPPBigLivingSpace,Spark,3,Master,7,0.5,180,480,480,GeneralNPC_Spark_Recon,0,1
DLC1,CNPPBigLivingSpace,Spark,3,Master,7,0.5,180,480,480,GeneralNPC_Spark_Stormtrooper,3,1
DLC1,CNPPBigLivingSpace,Spark,3,Master,7,0.5,180,480,480,GeneralNPC_Spark_Sniper,1,0.2
DLC1,CNPPBigLivingSpace,Corpus,3,Newbie,6,0.5,180,480,480,GeneralNPC_Corpus_CloseCombat,1,1
DLC1,CNPPBigLivingSpace,Corpus,3,Newbie,6,0.5,180,480,480,GeneralNPC_Corpus_Recon,4,1
DLC1,CNPPBigLivingSpace,Corpus,3,Newbie,6,0.5,180,480,480,GeneralNPC_Corpus_Stormtrooper,0,0
DLC1,CNPPBigLivingSpace,Corpus,3,Newbie,6,0.5,180,480,480,GeneralNPC_Corpus_Sniper,0,0
DLC1,CNPPBigLivingSpace,Corpus,3,Newbie,6,0.5,180,480,480,GeneralNPC_Corpus_Heavy,0,0
DLC1,CNPPBigLivingSpace,Corpus,3,Experienced,6,0.5,180,480,480,GeneralNPC_Corpus_CloseCombat,0,1
DLC1,CNPPBigLivingSpace,Corpus,3,Experienced,6,0.5,180,480,480,GeneralNPC_Corpus_Recon,1,1
DLC1,CNPPBigLivingSpace,Corpus,3,Experienced,6,0.5,180,480,480,GeneralNPC_Corpus_Stormtrooper,2,1
DLC1,CNPPBigLivingSpace,Corpus,3,Experienced,6,0.5,180,480,480,GeneralNPC_Corpus_Sniper,0,0
DLC1,CNPPBigLivingSpace,Corpus,3,Experienced,6,0.5,180,480,480,GeneralNPC_Corpus_Heavy,0,0
DLC1,CNPPBigLivingSpace,Corpus,3,Veteran,7,0.5,180,480,480,GeneralNPC_Corpus_CloseCombat,1,1
DLC1,CNPPBigLivingSpace,Corpus,3,Veteran,7,0.5,180,480,480,GeneralNPC_Corpus_Recon,1,1
DLC1,CNPPBigLivingSpace,Corpus,3,Veteran,7,0.5,180,480,480,GeneralNPC_Corpus_Stormtrooper,2,1
DLC1,CNPPBigLivingSpace,Corpus,3,Veteran,7,0.5,180,480,480,GeneralNPC_Corpus_Sniper,0,0
DLC1,CNPPBigLivingSpace,Corpus,3,Veteran,7,0.5,180,480,480,GeneralNPC_Corpus_Heavy,1,0.2
DLC1,CNPPBigLivingSpace,Corpus,3,Master,7,0.5,180,480,480,GeneralNPC_Corpus_CloseCombat,0,1
DLC1,CNPPBigLivingSpace,Corpus,3,Master,7,0.5,180,480,480,GeneralNPC_Corpus_Recon,0,1
DLC1,CNPPBigLivingSpace,Corpus,3,Master,7,0.5,180,480,480,GeneralNPC_Corpus_Stormtrooper,3,1
DLC1,CNPPBigLivingSpace,Corpus,3,Master,7,0.5,180,480,480,GeneralNPC_Corpus_Sniper,1,0.2
DLC1,CNPPBigLivingSpace,Corpus,3,Master,7,0.5,180,480,480,GeneralNPC_Corpus_Heavy,1,0.2
DLC1,CNPPBigLivingSpace,Blinddog,3,Newbie,9,0.5,180,480,480,Blinddog,1,1
DLC1,CNPPBigLivingSpace,Blinddog,3,Experienced,9,0.5,180,480,480,Blinddog,1,1
DLC1,CNPPBigLivingSpace,Blinddog,3,Veteran,9,0.5,180,480,480,Blinddog,1,1
DLC1,CNPPBigLivingSpace,Blinddog,3,Master,9,0.5,180,480,480,Blinddog,1,1
DLC1,CNPPBigLivingSpace,Bloodsucker,3,Newbie,2,0.5,180,480,480,Bloodsucker,1,1
DLC1,CNPPBigLivingSpace,Bloodsucker,3,Experienced,2,0.5,180,480,480,Bloodsucker,1,1
DLC1,CNPPBigLivingSpace,Bloodsucker,3,Veteran,3,0.5,180,480,480,Bloodsucker,1,1
DLC1,CNPPBigLivingSpace,Bloodsucker,3,Master,3,0.5,180,480,480,Bloodsucker,1,1
DLC1,CNPPBigLivingSpace,Boar,3,Newbie,5,0.5,180,480,480,Boar,1,1
DLC1,CNPPBigLivingSpace,Boar,3,Experienced,5,0.5,180,480,480,Boar,1,1
DLC1,CNPPBigLivingSpace,Boar,3,Veteran,5,0.5,180,480,480,Boar,1,1
DLC1,CNPPBigLivingSpace,Boar,3,Master,5,0.5,180,480,480,Boar,1,1
DLC1,CNPPBigLivingSpace,Flesh,3,Newbie,5,0.5,180,480,480,Flesh,1,1
DLC1,CNPPBigLivingSpace,Flesh,3,Experienced,5,0.5,180,480,480,Flesh,1,1
DLC1,CNPPBigLivingSpace,Flesh,3,Veteran,5,0.5,180,480,480,Flesh,1,1
DLC1,CNPPBigLivingSpace,Flesh,3,Master,6,0.5,180,480,480,Flesh,1,1
DLC1,CNPPBigLivingSpace,Zombie,3,Newbie,6,0.5,180,480,480,GeneralCNPPZombie_Bandit_CloseCombat,0,1
DLC1,CNPPBigLivingSpace,Zombie,3,Newbie,6,0.5,180,480,480,GeneralCNPPZombie_Bandit_Recon,0,1
DLC1,CNPPBigLivingSpace,Zombie,3,Newbie,6,0.5,180,480,480,GeneralCNPPZombie_Bandit_Stormtrooper,0,1
DLC1,CNPPBigLivingSpace,Zombie,3,Newbie,6,0.5,180,480,480,GeneralCNPPZombie_Bandit_Heavy,0,1
DLC1,CNPPBigLivingSpace,Zombie,3,Newbie,6,0.5,180,480,480,GeneralCNPPZombie_Neutral_CloseCombat,0,1
DLC1,CNPPBigLivingSpace,Zombie,3,Newbie,6,0.5,180,480,480,GeneralCNPPZombie_Neutral_Recon,0,1
DLC1,CNPPBigLivingSpace,Zombie,3,Newbie,6,0.5,180,480,480,GeneralCNPPZombie_Neutral_Stormtrooper,0,1
DLC1,CNPPBigLivingSpace,Zombie,3,Newbie,6,0.5,180,480,480,GeneralCNPPZombie_Neutral_Sniper,0,1
DLC1,CNPPBigLivingSpace,Zombie,3,Newbie,6,0.5,180,480,480,GeneralCNPPZombie_Corpus_CloseCombat,0,1
DLC1,CNPPBigLivingSpace,Zombie,3,Newbie,6,0.5,180,480,480,GeneralCNPPZombie_Corpus_Recon,0,1
DLC1,CNPPBigLivingSpace,Zombie,3,Newbie,6,0.5,180,480,480,GeneralCNPPZombie_Corpus_Stormtrooper,0,1
DLC1,CNPPBigLivingSpace,Zombie,3,Newbie,6,0.5,180,480,480,GeneralCNPPZombie_Corpus_Sniper,0,1
DLC1,CNPPBigLivingSpace,Zombie,3,Newbie,6,0.5,180,480,480,GeneralCNPPZombie_Corpus_Heavy,0,1
DLC1,CNPPBigLivingSpace,Zombie,3,Newbie,6,0.5,180,480,480,GeneralCNPPZombie_Freedom_CloseCombat,0,1
DLC1,CNPPBigLivingSpace,Zombie,3,Newbie,6,0.5,180,480,480,GeneralCNPPZombie_Freedom_Recon,0,1
DLC1,CNPPBigLivingSpace,Zombie,3,Newbie,6,0.5,180,480,480,GeneralCNPPZombie_Freedom_Stormtrooper,0,1
DLC1,CNPPBigLivingSpace,Zombie,3,Newbie,6,0.5,180,480,480,GeneralCNPPZombie_Freedom_Sniper,0,1
DLC1,CNPPBigLivingSpace,Zombie,3,Newbie,6,0.5,180,480,480,GeneralCNPPZombie_Duty_CloseCombat,0,1
DLC1,CNPPBigLivingSpace,Zombie,3,Newbie,6,0.5,180,480,480,GeneralCNPPZombie_Duty_Recon,0,1
DLC1,CNPPBigLivingSpace,Zombie,3,Newbie,6,0.5,180,480,480,GeneralCNPPZombie_Duty_Stormtrooper,0,1
DLC1,CNPPBigLivingSpace,Zombie,3,Newbie,6,0.5,180,480,480,GeneralCNPPZombie_Duty_Sniper,0,1
DLC1,CNPPBigLivingSpace,Zombie,3,Newbie,6,0.5,180,480,480,GeneralCNPPZombie_Duty_Heavy,0,1
DLC1,CNPPBigLivingSpace,Zombie,3,Experienced,8,0.5,180,480,480,GeneralCNPPZombie_Bandit_CloseCombat,0,1
DLC1,CNPPBigLivingSpace,Zombie,3,Experienced,8,0.5,180,480,480,GeneralCNPPZombie_Bandit_Recon,0,1
DLC1,CNPPBigLivingSpace,Zombie,3,Experienced,8,0.5,180,480,480,GeneralCNPPZombie_Bandit_Stormtrooper,0,1
DLC1,CNPPBigLivingSpace,Zombie,3,Experienced,8,0.5,180,480,480,GeneralCNPPZombie_Bandit_Heavy,0,1
DLC1,CNPPBigLivingSpace,Zombie,3,Experienced,8,0.5,180,480,480,GeneralCNPPZombie_Neutral_CloseCombat,0,1
DLC1,CNPPBigLivingSpace,Zombie,3,Experienced,8,0.5,180,480,480,GeneralCNPPZombie_Neutral_Recon,0,1
DLC1,CNPPBigLivingSpace,Zombie,3,Experienced,8,0.5,180,480,480,GeneralCNPPZombie_Neutral_Stormtrooper,0,1
DLC1,CNPPBigLivingSpace,Zombie,3,Experienced,8,0.5,180,480,480,GeneralCNPPZombie_Neutral_Sniper,0,1
DLC1,CNPPBigLivingSpace,Zombie,3,Experienced,8,0.5,180,480,480,GeneralCNPPZombie_Corpus_CloseCombat,0,1
DLC1,CNPPBigLivingSpace,Zombie,3,Experienced,8,0.5,180,480,480,GeneralCNPPZombie_Corpus_Recon,0,1
DLC1,CNPPBigLivingSpace,Zombie,3,Experienced,8,0.5,180,480,480,GeneralCNPPZombie_Corpus_Stormtrooper,0,1
DLC1,CNPPBigLivingSpace,Zombie,3,Experienced,8,0.5,180,480,480,GeneralCNPPZombie_Corpus_Sniper,0,1
DLC1,CNPPBigLivingSpace,Zombie,3,Experienced,8,0.5,180,480,480,GeneralCNPPZombie_Corpus_Heavy,0,1
DLC1,CNPPBigLivingSpace,Zombie,3,Experienced,8,0.5,180,480,480,GeneralCNPPZombie_Freedom_CloseCombat,0,1
DLC1,CNPPBigLivingSpace,Zombie,3,Experienced,8,0.5,180,480,480,GeneralCNPPZombie_Freedom_Recon,0,1
DLC1,CNPPBigLivingSpace,Zombie,3,Experienced,8,0.5,180,480,480,GeneralCNPPZombie_Freedom_Stormtrooper,0,1
DLC1,CNPPBigLivingSpace,Zombie,3,Experienced,8,0.5,180,480,480,GeneralCNPPZombie_Freedom_Sniper,0,1
DLC1,CNPPBigLivingSpace,Zombie,3,Experienced,8,0.5,180,480,480,GeneralCNPPZombie_Duty_CloseCombat,0,1
DLC1,CNPPBigLivingSpace,Zombie,3,Experienced,8,0.5,180,480,480,GeneralCNPPZombie_Duty_Recon,0,1
DLC1,CNPPBigLivingSpace,Zombie,3,Experienced,8,0.5,180,480,480,GeneralCNPPZombie_Duty_Stormtrooper,0,1
DLC1,CNPPBigLivingSpace,Zombie,3,Experienced,8,0.5,180,480,480,GeneralCNPPZombie_Duty_Sniper,0,1
DLC1,CNPPBigLivingSpace,Zombie,3,Experienced,8,0.5,180,480,480,GeneralCNPPZombie_Duty_Heavy,0,1
DLC1,CNPPBigLivingSpace,Zombie,3,Veteran,10,0.5,180,480,480,GeneralCNPPZombie_Bandit_CloseCombat,0,1
DLC1,CNPPBigLivingSpace,Zombie,3,Veteran,10,0.5,180,480,480,GeneralCNPPZombie_Bandit_Recon,0,1
DLC1,CNPPBigLivingSpace,Zombie,3,Veteran,10,0.5,180,480,480,GeneralCNPPZombie_Bandit_Stormtrooper,0,1
DLC1,CNPPBigLivingSpace,Zombie,3,Veteran,10,0.5,180,480,480,GeneralCNPPZombie_Bandit_Heavy,0,1
DLC1,CNPPBigLivingSpace,Zombie,3,Veteran,10,0.5,180,480,480,GeneralCNPPZombie_Neutral_CloseCombat,0,1
DLC1,CNPPBigLivingSpace,Zombie,3,Veteran,10,0.5,180,480,480,GeneralCNPPZombie_Neutral_Recon,0,1
DLC1,CNPPBigLivingSpace,Zombie,3,Veteran,10,0.5,180,480,480,GeneralCNPPZombie_Neutral_Stormtrooper,0,1
DLC1,CNPPBigLivingSpace,Zombie,3,Veteran,10,0.5,180,480,480,GeneralCNPPZombie_Neutral_Sniper,0,1
DLC1,CNPPBigLivingSpace,Zombie,3,Veteran,10,0.5,180,480,480,GeneralCNPPZombie_Corpus_CloseCombat,0,1
DLC1,CNPPBigLivingSpace,Zombie,3,Veteran,10,0.5,180,480,480,GeneralCNPPZombie_Corpus_Recon,0,1
DLC1,CNPPBigLivingSpace,Zombie,3,Veteran,10,0.5,180,480,480,GeneralCNPPZombie_Corpus_Stormtrooper,0,1
DLC1,CNPPBigLivingSpace,Zombie,3,Veteran,10,0.5,180,480,480,GeneralCNPPZombie_Corpus_Sniper,0,1
DLC1,CNPPBigLivingSpace,Zombie,3,Veteran,10,0.5,180,480,480,GeneralCNPPZombie_Corpus_Heavy,0,1
DLC1,CNPPBigLivingSpace,Zombie,3,Veteran,10,0.5,180,480,480,GeneralCNPPZombie_Freedom_CloseCombat,0,1
DLC1,CNPPBigLivingSpace,Zombie,3,Veteran,10,0.5,180,480,480,GeneralCNPPZombie_Freedom_Recon,0,1
DLC1,CNPPBigLivingSpace,Zombie,3,Veteran,10,0.5,180,480,480,GeneralCNPPZombie_Freedom_Stormtrooper,0,1
DLC1,CNPPBigLivingSpace,Zombie,3,Veteran,10,0.5,180,480,480,GeneralCNPPZombie_Freedom_Sniper,0,1
DLC1,CNPPBigLivingSpace,Zombie,3,Veteran,10,0.5,180,480,480,GeneralCNPPZombie_Duty_CloseCombat,0,1
DLC1,CNPPBigLivingSpace,Zombie,3,Veteran,10,0.5,180,480,480,GeneralCNPPZombie_Duty_Recon,0,1
DLC1,CNPPBigLivingSpace,Zombie,3,Veteran,10,0.5,180,480,480,GeneralCNPPZombie_Duty_Stormtrooper,0,1
DLC1,CNPPBigLivingSpace,Zombie,3,Veteran,10,0.5,180,480,480,GeneralCNPPZombie_Duty_Sniper,0,1
DLC1,CNPPBigLivingSpace,Zombie,3,Veteran,10,0.5,180,480,480,GeneralCNPPZombie_Duty_Heavy,0,1
DLC1,CNPPBigLivingSpace,Zombie,3,Master,10,0.5,180,480,480,GeneralCNPPZombie_Bandit_CloseCombat,0,1
DLC1,CNPPBigLivingSpace,Zombie,3,Master,10,0.5,180,480,480,GeneralCNPPZombie_Bandit_Recon,0,1
DLC1,CNPPBigLivingSpace,Zombie,3,Master,10,0.5,180,480,480,GeneralCNPPZombie_Bandit_Stormtrooper,0,1
DLC1,CNPPBigLivingSpace,Zombie,3,Master,10,0.5,180,480,480,GeneralCNPPZombie_Bandit_Heavy,0,1
DLC1,CNPPBigLivingSpace,Zombie,3,Master,10,0.5,180,480,480,GeneralCNPPZombie_Neutral_CloseCombat,0,1
DLC1,CNPPBigLivingSpace,Zombie,3,Master,10,0.5,180,480,480,GeneralCNPPZombie_Neutral_Recon,0,1
DLC1,CNPPBigLivingSpace,Zombie,3,Master,10,0.5,180,480,480,GeneralCNPPZombie_Neutral_Stormtrooper,0,1
DLC1,CNPPBigLivingSpace,Zombie,3,Master,10,0.5,180,480,480,GeneralCNPPZombie_Neutral_Sniper,0,1
DLC1,CNPPBigLivingSpace,Zombie,3,Master,10,0.5,180,480,480,GeneralCNPPZombie_Corpus_CloseCombat,0,1
DLC1,CNPPBigLivingSpace,Zombie,3,Master,10,0.5,180,480,480,GeneralCNPPZombie_Corpus_Recon,0,1
DLC1,CNPPBigLivingSpace,Zombie,3,Master,10,0.5,180,480,480,GeneralCNPPZombie_Corpus_Stormtrooper,0,1
DLC1,CNPPBigLivingSpace,Zombie,3,Master,10,0.5,180,480,480,GeneralCNPPZombie_Corpus_Sniper,0,1
DLC1,CNPPBigLivingSpace,Zombie,3,Master,10,0.5,180,480,480,GeneralCNPPZombie_Corpus_Heavy,0,1
DLC1,CNPPBigLivingSpace,Zombie,3,Master,10,0.5,180,480,480,GeneralCNPPZombie_Freedom_CloseCombat,0,1
DLC1,CNPPBigLivingSpace,Zombie,3,Master,10,0.5,180,480,480,GeneralCNPPZombie_Freedom_Recon,0,1
DLC1,CNPPBigLivingSpace,Zombie,3,Master,10,0.5,180,480,480,GeneralCNPPZombie_Freedom_Stormtrooper,0,1
DLC1,CNPPBigLivingSpace,Zombie,3,Master,10,0.5,180,480,480,GeneralCNPPZombie_Freedom_Sniper,0,1
DLC1,CNPPBigLivingSpace,Zombie,3,Master,10,0.5,180,480,480,GeneralCNPPZombie_Duty_CloseCombat,0,1
DLC1,CNPPBigLivingSpace,Zombie,3,Master,10,0.5,180,480,480,GeneralCNPPZombie_Duty_Recon,0,1
DLC1,CNPPBigLivingSpace,Zombie,3,Master,10,0.5,180,480,480,GeneralCNPPZombie_Duty_Stormtrooper,0,1
DLC1,CNPPBigLivingSpace,Zombie,3,Master,10,0.5,180,480,480,GeneralCNPPZombie_Duty_Sniper,0,1
DLC1,CNPPBigLivingSpace,Zombie,3,Master,10,0.5,180,480,480,GeneralCNPPZombie_Duty_Heavy,0,1
DLC1,CNPPBigLivingSpace,Snork,3,Newbie,8,0.5,180,480,480,Snork,1,1
DLC1,CNPPBigLivingSpace,Snork,3,Experienced,8,0.5,180,480,480,Snork,1,1
DLC1,CNPPBigLivingSpace,Snork,3,Veteran,9,0.5,180,480,480,Snork,1,1
DLC1,CNPPBigLivingSpace,Snork,3,Master,9,0.5,180,480,480,Snork,1,1
DLC1,CNPPBigLivingSpace,Pseudodog,3,Newbie,1,1,180,480,480,PseudoDog,1,1
DLC1,CNPPBigLivingSpace,Pseudodog,3,Experienced,1,1,180,480,480,PseudoDog,1,1
DLC1,CNPPBigLivingSpace,Pseudodog,3,Veteran,2,0.5,180,480,480,PseudoDog,1,1
DLC1,CNPPBigLivingSpace,Pseudodog,3,Master,2,0.5,180,480,480,PseudoDog,1,1
DLC1,CNPPBigLivingSpace,Bayun,3,Newbie,2,0.5,180,480,480,Bayun,1,1
DLC1,CNPPBigLivingSpace,Bayun,3,Experienced,2,0.5,180,480,480,Bayun,1,1
DLC1,CNPPBigLivingSpace,Bayun,3,Veteran,3,0.5,180,480,480,Bayun,1,1
DLC1,CNPPBigLivingSpace,Bayun,3,Master,4,0.5,180,480,480,Bayun,1,1
DLC1,CNPPBigLivingSpace,Tushkan,3,Newbie,14,0.5,180,480,480,Tushkan,1,1
DLC1,CNPPBigLivingSpace,Tushkan,3,Experienced,16,0.5,180,480,480,Tushkan,1,1
DLC1,CNPPBigLivingSpace,Tushkan,3,Veteran,20,0.5,180,480,480,Tushkan,1,1
DLC1,CNPPBigLivingSpace,Tushkan,3,Master,24,0.5,180,480,480,Tushkan,1,1
DLC1,CNPPWildUnderground,Bloodsucker,3,Newbie,2,0.5,180,480,480,Bloodsucker,1,1
DLC1,CNPPWildUnderground,Bloodsucker,3,Experienced,2,0.5,180,480,480,Bloodsucker,1,1
DLC1,CNPPWildUnderground,Bloodsucker,3,Veteran,3,0.5,180,480,480,Bloodsucker,1,1
DLC1,CNPPWildUnderground,Bloodsucker,3,Master,3,0.5,180,480,480,Bloodsucker,1,1
DLC1,CNPPWildUnderground,Zombie,3,Newbie,6,0.5,180,480,480,GeneralCNPPZombie_Bandit_CloseCombat,0,1
DLC1,CNPPWildUnderground,Zombie,3,Newbie,6,0.5,180,480,480,GeneralCNPPZombie_Bandit_Recon,0,1
DLC1,CNPPWildUnderground,Zombie,3,Newbie,6,0.5,180,480,480,GeneralCNPPZombie_Bandit_Stormtrooper,0,1
DLC1,CNPPWildUnderground,Zombie,3,Newbie,6,0.5,180,480,480,GeneralCNPPZombie_Bandit_Heavy,0,1
DLC1,CNPPWildUnderground,Zombie,3,Newbie,6,0.5,180,480,480,GeneralCNPPZombie_Neutral_CloseCombat,0,1
DLC1,CNPPWildUnderground,Zombie,3,Newbie,6,0.5,180,480,480,GeneralCNPPZombie_Neutral_Recon,0,1
DLC1,CNPPWildUnderground,Zombie,3,Newbie,6,0.5,180,480,480,GeneralCNPPZombie_Neutral_Stormtrooper,0,1
DLC1,CNPPWildUnderground,Zombie,3,Newbie,6,0.5,180,480,480,GeneralCNPPZombie_Neutral_Sniper,0,1
DLC1,CNPPWildUnderground,Zombie,3,Newbie,6,0.5,180,480,480,GeneralCNPPZombie_Corpus_CloseCombat,0,1
DLC1,CNPPWildUnderground,Zombie,3,Newbie,6,0.5,180,480,480,GeneralCNPPZombie_Corpus_Recon,0,1
DLC1,CNPPWildUnderground,Zombie,3,Newbie,6,0.5,180,480,480,GeneralCNPPZombie_Corpus_Stormtrooper,0,1
DLC1,CNPPWildUnderground,Zombie,3,Newbie,6,0.5,180,480,480,GeneralCNPPZombie_Corpus_Sniper,0,1
DLC1,CNPPWildUnderground,Zombie,3,Newbie,6,0.5,180,480,480,GeneralCNPPZombie_Corpus_Heavy,0,1
DLC1,CNPPWildUnderground,Zombie,3,Newbie,6,0.5,180,480,480,GeneralCNPPZombie_Freedom_CloseCombat,0,1
DLC1,CNPPWildUnderground,Zombie,3,Newbie,6,0.5,180,480,480,GeneralCNPPZombie_Freedom_Recon,0,1
DLC1,CNPPWildUnderground,Zombie,3,Newbie,6,0.5,180,480,480,GeneralCNPPZombie_Freedom_Stormtrooper,0,1
DLC1,CNPPWildUnderground,Zombie,3,Newbie,6,0.5,180,480,480,GeneralCNPPZombie_Freedom_Sniper,0,1
DLC1,CNPPWildUnderground,Zombie,3,Newbie,6,0.5,180,480,480,GeneralCNPPZombie_Duty_CloseCombat,0,1
DLC1,CNPPWildUnderground,Zombie,3,Newbie,6,0.5,180,480,480,GeneralCNPPZombie_Duty_Recon,0,1
DLC1,CNPPWildUnderground,Zombie,3,Newbie,6,0.5,180,480,480,GeneralCNPPZombie_Duty_Stormtrooper,0,1
DLC1,CNPPWildUnderground,Zombie,3,Newbie,6,0.5,180,480,480,GeneralCNPPZombie_Duty_Sniper,0,1
DLC1,CNPPWildUnderground,Zombie,3,Newbie,6,0.5,180,480,480,GeneralCNPPZombie_Duty_Heavy,0,1
DLC1,CNPPWildUnderground,Zombie,3,Experienced,8,0.5,180,480,480,GeneralCNPPZombie_Bandit_CloseCombat,0,1
DLC1,CNPPWildUnderground,Zombie,3,Experienced,8,0.5,180,480,480,GeneralCNPPZombie_Bandit_Recon,0,1
DLC1,CNPPWildUnderground,Zombie,3,Experienced,8,0.5,180,480,480,GeneralCNPPZombie_Bandit_Stormtrooper,0,1
DLC1,CNPPWildUnderground,Zombie,3,Experienced,8,0.5,180,480,480,GeneralCNPPZombie_Bandit_Heavy,0,1
DLC1,CNPPWildUnderground,Zombie,3,Experienced,8,0.5,180,480,480,GeneralCNPPZombie_Neutral_CloseCombat,0,1
DLC1,CNPPWildUnderground,Zombie,3,Experienced,8,0.5,180,480,480,GeneralCNPPZombie_Neutral_Recon,0,1
DLC1,CNPPWildUnderground,Zombie,3,Experienced,8,0.5,180,480,480,GeneralCNPPZombie_Neutral_Stormtrooper,0,1
DLC1,CNPPWildUnderground,Zombie,3,Experienced,8,0.5,180,480,480,GeneralCNPPZombie_Neutral_Sniper,0,1
DLC1,CNPPWildUnderground,Zombie,3,Experienced,8,0.5,180,480,480,GeneralCNPPZombie_Corpus_CloseCombat,0,1
DLC1,CNPPWildUnderground,Zombie,3,Experienced,8,0.5,180,480,480,GeneralCNPPZombie_Corpus_Recon,0,1
DLC1,CNPPWildUnderground,Zombie,3,Experienced,8,0.5,180,480,480,GeneralCNPPZombie_Corpus_Stormtrooper,0,1
DLC1,CNPPWildUnderground,Zombie,3,Experienced,8,0.5,180,480,480,GeneralCNPPZombie_Corpus_Sniper,0,1
DLC1,CNPPWildUnderground,Zombie,3,Experienced,8,0.5,180,480,480,GeneralCNPPZombie_Corpus_Heavy,0,1
DLC1,CNPPWildUnderground,Zombie,3,Experienced,8,0.5,180,480,480,GeneralCNPPZombie_Freedom_CloseCombat,0,1
DLC1,CNPPWildUnderground,Zombie,3,Experienced,8,0.5,180,480,480,GeneralCNPPZombie_Freedom_Recon,0,1
DLC1,CNPPWildUnderground,Zombie,3,Experienced,8,0.5,180,480,480,GeneralCNPPZombie_Freedom_Stormtrooper,0,1
DLC1,CNPPWildUnderground,Zombie,3,Experienced,8,0.5,180,480,480,GeneralCNPPZombie_Freedom_Sniper,0,1
DLC1,CNPPWildUnderground,Zombie,3,Experienced,8,0.5,180,480,480,GeneralCNPPZombie_Duty_CloseCombat,0,1
DLC1,CNPPWildUnderground,Zombie,3,Experienced,8,0.5,180,480,480,GeneralCNPPZombie_Duty_Recon,0,1
DLC1,CNPPWildUnderground,Zombie,3,Experienced,8,0.5,180,480,480,GeneralCNPPZombie_Duty_Stormtrooper,0,1
DLC1,CNPPWildUnderground,Zombie,3,Experienced,8,0.5,180,480,480,GeneralCNPPZombie_Duty_Sniper,0,1
DLC1,CNPPWildUnderground,Zombie,3,Experienced,8,0.5,180,480,480,GeneralCNPPZombie_Duty_Heavy,0,1
DLC1,CNPPWildUnderground,Zombie,3,Veteran,10,0.5,180,480,480,GeneralCNPPZombie_Bandit_CloseCombat,0,1
DLC1,CNPPWildUnderground,Zombie,3,Veteran,10,0.5,180,480,480,GeneralCNPPZombie_Bandit_Recon,0,1
DLC1,CNPPWildUnderground,Zombie,3,Veteran,10,0.5,180,480,480,GeneralCNPPZombie_Bandit_Stormtrooper,0,1
DLC1,CNPPWildUnderground,Zombie,3,Veteran,10,0.5,180,480,480,GeneralCNPPZombie_Bandit_Heavy,0,1
DLC1,CNPPWildUnderground,Zombie,3,Veteran,10,0.5,180,480,480,GeneralCNPPZombie_Neutral_CloseCombat,0,1
DLC1,CNPPWildUnderground,Zombie,3,Veteran,10,0.5,180,480,480,GeneralCNPPZombie_Neutral_Recon,0,1
DLC1,CNPPWildUnderground,Zombie,3,Veteran,10,0.5,180,480,480,GeneralCNPPZombie_Neutral_Stormtrooper,0,1
DLC1,CNPPWildUnderground,Zombie,3,Veteran,10,0.5,180,480,480,GeneralCNPPZombie_Neutral_Sniper,0,1
DLC1,CNPPWildUnderground,Zombie,3,Veteran,10,0.5,180,480,480,GeneralCNPPZombie_Corpus_CloseCombat,0,1
DLC1,CNPPWildUnderground,Zombie,3,Veteran,10,0.5,180,480,480,GeneralCNPPZombie_Corpus_Recon,0,1
DLC1,CNPPWildUnderground,Zombie,3,Veteran,10,0.5,180,480,480,GeneralCNPPZombie_Corpus_Stormtrooper,0,1
DLC1,CNPPWildUnderground,Zombie,3,Veteran,10,0.5,180,480,480,GeneralCNPPZombie_Corpus_Sniper,0,1
DLC1,CNPPWildUnderground,Zombie,3,Veteran,10,0.5,180,480,480,GeneralCNPPZombie_Corpus_Heavy,0,1
DLC1,CNPPWildUnderground,Zombie,3,Veteran,10,0.5,180,480,480,GeneralCNPPZombie_Freedom_CloseCombat,0,1
DLC1,CNPPWildUnderground,Zombie,3,Veteran,10,0.5,180,480,480,GeneralCNPPZombie_Freedom_Recon,0,1
DLC1,CNPPWildUnderground,Zombie,3,Veteran,10,0.5,180,480,480,GeneralCNPPZombie_Freedom_Stormtrooper,0,1
DLC1,CNPPWildUnderground,Zombie,3,Veteran,10,0.5,180,480,480,GeneralCNPPZombie_Freedom_Sniper,0,1
DLC1,CNPPWildUnderground,Zombie,3,Veteran,10,0.5,180,480,480,GeneralCNPPZombie_Duty_CloseCombat,0,1
DLC1,CNPPWildUnderground,Zombie,3,Veteran,10,0.5,180,480,480,GeneralCNPPZombie_Duty_Recon,0,1
DLC1,CNPPWildUnderground,Zombie,3,Veteran,10,0.5,180,480,480,GeneralCNPPZombie_Duty_Stormtrooper,0,1
DLC1,CNPPWildUnderground,Zombie,3,Veteran,10,0.5,180,480,480,GeneralCNPPZombie_Duty_Sniper,0,1
DLC1,CNPPWildUnderground,Zombie,3,Veteran,10,0.5,180,480,480,GeneralCNPPZombie_Duty_Heavy,0,1
DLC1,CNPPWildUnderground,Zombie,3,Master,10,0.5,180,480,480,GeneralCNPPZombie_Bandit_CloseCombat,0,1
DLC1,CNPPWildUnderground,Zombie,3,Master,10,0.5,180,480,480,GeneralCNPPZombie_Bandit_Recon,0,1
DLC1,CNPPWildUnderground,Zombie,3,Master,10,0.5,180,480,480,GeneralCNPPZombie_Bandit_Stormtrooper,0,1
DLC1,CNPPWildUnderground,Zombie,3,Master,10,0.5,180,480,480,GeneralCNPPZombie_Bandit_Heavy,0,1
DLC1,CNPPWildUnderground,Zombie,3,Master,10,0.5,180,480,480,GeneralCNPPZombie_Neutral_CloseCombat,0,1
DLC1,CNPPWildUnderground,Zombie,3,Master,10,0.5,180,480,480,GeneralCNPPZombie_Neutral_Recon,0,1
DLC1,CNPPWildUnderground,Zombie,3,Master,10,0.5,180,480,480,GeneralCNPPZombie_Neutral_Stormtrooper,0,1
DLC1,CNPPWildUnderground,Zombie,3,Master,10,0.5,180,480,480,GeneralCNPPZombie_Neutral_Sniper,0,1
DLC1,CNPPWildUnderground,Zombie,3,Master,10,0.5,180,480,480,GeneralCNPPZombie_Corpus_CloseCombat,0,1
DLC1,CNPPWildUnderground,Zombie,3,Master,10,0.5,180,480,480,GeneralCNPPZombie_Corpus_Recon,0,1
DLC1,CNPPWildUnderground,Zombie,3,Master,10,0.5,180,480,480,GeneralCNPPZombie_Corpus_Stormtrooper,0,1
DLC1,CNPPWildUnderground,Zombie,3,Master,10,0.5,180,480,480,GeneralCNPPZombie_Corpus_Sniper,0,1
DLC1,CNPPWildUnderground,Zombie,3,Master,10,0.5,180,480,480,GeneralCNPPZombie_Corpus_Heavy,0,1
DLC1,CNPPWildUnderground,Zombie,3,Master,10,0.5,180,480,480,GeneralCNPPZombie_Freedom_CloseCombat,0,1
DLC1,CNPPWildUnderground,Zombie,3,Master,10,0.5,180,480,480,GeneralCNPPZombie_Freedom_Recon,0,1
DLC1,CNPPWildUnderground,Zombie,3,Master,10,0.5,180,480,480,GeneralCNPPZombie_Freedom_Stormtrooper,0,1
DLC1,CNPPWildUnderground,Zombie,3,Master,10,0.5,180,480,480,GeneralCNPPZombie_Freedom_Sniper,0,1
DLC1,CNPPWildUnderground,Zombie,3,Master,10,0.5,180,480,480,GeneralCNPPZombie_Duty_CloseCombat,0,1
DLC1,CNPPWildUnderground,Zombie,3,Master,10,0.5,180,480,480,GeneralCNPPZombie_Duty_Recon,0,1
DLC1,CNPPWildUnderground,Zombie,3,Master,10,0.5,180,480,480,GeneralCNPPZombie_Duty_Stormtrooper,0,1
DLC1,CNPPWildUnderground,Zombie,3,Master,10,0.5,180,480,480,GeneralCNPPZombie_Duty_Sniper,0,1
DLC1,CNPPWildUnderground,Zombie,3,Master,10,0.5,180,480,480,GeneralCNPPZombie_Duty_Heavy,0,1
DLC1,CNPPWildUnderground,Snork,3,Newbie,8,0.5,180,480,480,Snork,1,1
DLC1,CNPPWildUnderground,Snork,3,Experienced,8,0.5,180,480,480,Snork,1,1
DLC1,CNPPWildUnderground,Snork,3,Veteran,9,0.5,180,480,480,Snork,1,1
DLC1,CNPPWildUnderground,Snork,3,Master,9,0.5,180,480,480,Snork,1,1
DLC1,CNPPWildUnderground,Bayun,3,Newbie,2,0.5,180,480,480,Bayun,1,1
DLC1,CNPPWildUnderground,Bayun,3,Experienced,2,0.5,180,480,480,Bayun,1,1
DLC1,CNPPWildUnderground,Bayun,3,Veteran,3,0.5,180,480,480,Bayun,1,1
DLC1,CNPPWildUnderground,Bayun,3,Master,4,0.5,180,480,480,Bayun,1,1
DLC1,CNPPWildUnderground,Tushkan,3,Newbie,14,0.5,180,480,480,Tushkan,1,1
DLC1,CNPPWildUnderground,Tushkan,3,Experienced,16,0.5,180,480,480,Tushkan,1,1
DLC1,CNPPWildUnderground,Tushkan,3,Veteran,20,0.5,180,480,480,Tushkan,1,1
DLC1,CNPPWildUnderground,Tushkan,3,Master,24,0.5,180,480,480,Tushkan,1,1
DLC1,CNPPLivingUnderground,Militaries,3,Newbie,6,0.5,180,480,480,GeneralNPC_Militaries_CloseCombat,0,1
DLC1,CNPPLivingUnderground,Militaries,3,Newbie,6,0.5,180,480,480,GeneralNPC_Militaries_Recon,5,1
DLC1,CNPPLivingUnderground,Militaries,3,Newbie,6,0.5,180,480,480,GeneralNPC_Militaries_Stormtrooper,0,0
DLC1,CNPPLivingUnderground,Militaries,3,Newbie,6,0.5,180,480,480,GeneralNPC_Militaries_Sniper,0,0
DLC1,CNPPLivingUnderground,Militaries,3,Newbie,6,0.5,180,480,480,GeneralNPC_Militaries_Heavy,0,0
DLC1,CNPPLivingUnderground,Militaries,3,Experienced,6,0.5,180,480,480,GeneralNPC_Militaries_CloseCombat,1,1
DLC1,CNPPLivingUnderground,Militaries,3,Experienced,6,0.5,180,480,480,GeneralNPC_Militaries_Recon,1,1
DLC1,CNPPLivingUnderground,Militaries,3,Experienced,6,0.5,180,480,480,GeneralNPC_Militaries_Stormtrooper,1,1
DLC1,CNPPLivingUnderground,Militaries,3,Veteran,6,0.5,180,480,480,GeneralNPC_Militaries_CloseCombat,1,1
DLC1,CNPPLivingUnderground,Militaries,3,Veteran,6,0.5,180,480,480,GeneralNPC_Militaries_Recon,0,1
DLC1,CNPPLivingUnderground,Militaries,3,Veteran,6,0.5,180,480,480,GeneralNPC_Militaries_Stormtrooper,3,1
DLC1,CNPPLivingUnderground,Militaries,3,Veteran,6,0.5,180,480,480,GeneralNPC_Militaries_Heavy,0,1
DLC1,CNPPLivingUnderground,Militaries,3,Master,7,0.5,180,480,480,GeneralNPC_Militaries_CloseCombat,1,0.5
DLC1,CNPPLivingUnderground,Militaries,3,Master,7,0.5,180,480,480,GeneralNPC_Militaries_Recon,1,1
DLC1,CNPPLivingUnderground,Militaries,3,Master,7,0.5,180,480,480,GeneralNPC_Militaries_Stormtrooper,2,1
DLC1,CNPPLivingUnderground,Militaries,3,Master,7,0.5,180,480,480,GeneralNPC_Militaries_Sniper,1,0
DLC1,CNPPLivingUnderground,Militaries,3,Master,7,0.5,180,480,480,GeneralNPC_Militaries_Heavy,1,1
DLC1,CNPPLivingUnderground,Neutrals,3,Newbie,6,0.5,180,480,480,GeneralNPC_Neutral_CloseCombat,3,1
DLC1,CNPPLivingUnderground,Neutrals,3,Newbie,6,0.5,180,480,480,GeneralNPC_Neutral_Recon,1,1
DLC1,CNPPLivingUnderground,Neutrals,3,Newbie,6,0.5,180,480,480,GeneralNPC_Neutral_Sniper,0,0.2
DLC1,CNPPLivingUnderground,Neutrals,3,Newbie,6,0.5,180,480,480,GeneralNPC_Neutral_Stormtrooper,0,0
DLC1,CNPPLivingUnderground,Neutrals,3,Experienced,6,0.5,180,480,480,GeneralNPC_Neutral_CloseCombat,1,1
DLC1,CNPPLivingUnderground,Neutrals,3,Experienced,6,0.5,180,480,480,GeneralNPC_Neutral_Recon,1,2
DLC1,CNPPLivingUnderground,Neutrals,3,Experienced,6,0.5,180,480,480,GeneralNPC_Neutral_Stormtrooper,1,2
DLC1,CNPPLivingUnderground,Neutrals,3,Experienced,6,0.5,180,480,480,GeneralNPC_Neutral_Sniper,0,0
DLC1,CNPPLivingUnderground,Neutrals,3,Veteran,7,0.5,180,480,480,GeneralNPC_Neutral_CloseCombat,1,1
DLC1,CNPPLivingUnderground,Neutrals,3,Veteran,7,0.5,180,480,480,GeneralNPC_Neutral_Recon,1,1
DLC1,CNPPLivingUnderground,Neutrals,3,Veteran,7,0.5,180,480,480,GeneralNPC_Neutral_Stormtrooper,3,1
DLC1,CNPPLivingUnderground,Neutrals,3,Veteran,7,0.5,180,480,480,GeneralNPC_Neutral_Sniper,1,0.2
DLC1,CNPPLivingUnderground,Neutrals,3,Master,7,0.5,180,480,480,GeneralNPC_Neutral_CloseCombat,1,1
DLC1,CNPPLivingUnderground,Neutrals,3,Master,7,0.5,180,480,480,GeneralNPC_Neutral_Recon,0,1
DLC1,CNPPLivingUnderground,Neutrals,3,Master,7,0.5,180,480,480,GeneralNPC_Neutral_Stormtrooper,3,1
DLC1,CNPPLivingUnderground,Neutrals,3,Master,7,0.5,180,480,480,GeneralNPC_Neutral_Sniper,1,0.2
DLC1,CNPPLivingUnderground,Varta,3,Newbie,6,0.5,180,480,480,GeneralNPC_Varta_CloseCombat,1,1
DLC1,CNPPLivingUnderground,Varta,3,Newbie,6,0.5,180,480,480,GeneralNPC_Varta_Recon,4,1
DLC1,CNPPLivingUnderground,Varta,3,Newbie,6,0.5,180,480,480,GeneralNPC_Varta_Stormtrooper,0,0
DLC1,CNPPLivingUnderground,Varta,3,Newbie,6,0.5,180,480,480,GeneralNPC_Varta_Sniper,0,0
DLC1,CNPPLivingUnderground,Varta,3,Newbie,6,0.5,180,480,480,GeneralNPC_Varta_Heavy,0,0
DLC1,CNPPLivingUnderground,Varta,3,Experienced,6,0.5,180,480,480,GeneralNPC_Varta_CloseCombat,1,1
DLC1,CNPPLivingUnderground,Varta,3,Experienced,6,0.5,180,480,480,GeneralNPC_Varta_Recon,1,1
DLC1,CNPPLivingUnderground,Varta,3,Experienced,6,0.5,180,480,480,GeneralNPC_Varta_Stormtrooper,1,1
DLC1,CNPPLivingUnderground,Varta,3,Experienced,6,0.5,180,480,480,GeneralNPC_Varta_Sniper,0,0
DLC1,CNPPLivingUnderground,Varta,3,Experienced,6,0.5,180,480,480,GeneralNPC_Varta_Heavy,0,0
DLC1,CNPPLivingUnderground,Varta,3,Veteran,7,0.5,180,480,480,GeneralNPC_Varta_CloseCombat,1,1
DLC1,CNPPLivingUnderground,Varta,3,Veteran,7,0.5,180,480,480,GeneralNPC_Varta_Recon,1,1
DLC1,CNPPLivingUnderground,Varta,3,Veteran,7,0.5,180,480,480,GeneralNPC_Varta_Stormtrooper,2,1
DLC1,CNPPLivingUnderground,Varta,3,Veteran,7,0.5,180,480,480,GeneralNPC_Varta_Sniper,1,0.2
DLC1,CNPPLivingUnderground,Varta,3,Veteran,7,0.5,180,480,480,GeneralNPC_Varta_Heavy,0,0.5
DLC1,CNPPLivingUnderground,Varta,3,Master,7,0.5,180,480,480,GeneralNPC_Varta_CloseCombat,1,1
DLC1,CNPPLivingUnderground,Varta,3,Master,7,0.5,180,480,480,GeneralNPC_Varta_Recon,0,1
DLC1,CNPPLivingUnderground,Varta,3,Master,7,0.5,180,480,480,GeneralNPC_Varta_Stormtrooper,2,1
DLC1,CNPPLivingUnderground,Varta,3,Master,7,0.5,180,480,480,GeneralNPC_Varta_Sniper,1,0.2
DLC1,CNPPLivingUnderground,Varta,3,Master,7,0.5,180,480,480,GeneralNPC_Varta_Heavy,1,0.2
DLC1,CNPPLivingUnderground,Mercenaries,3,Newbie,6,0.5,180,480,480,GeneralNPC_Mercenaries_CloseCombat,0,1
DLC1,CNPPLivingUnderground,Mercenaries,3,Newbie,6,0.5,180,480,480,GeneralNPC_Mercenaries_Recon,4,1
DLC1,CNPPLivingUnderground,Mercenaries,3,Newbie,6,0.5,180,480,480,GeneralNPC_Mercenaries_Stormtrooper,0,0
DLC1,CNPPLivingUnderground,Mercenaries,3,Newbie,6,0.5,180,480,480,GeneralNPC_Mercenaries_Sniper,0,0
DLC1,CNPPLivingUnderground,Mercenaries,3,Experienced,6,0.5,180,480,480,GeneralNPC_Mercenaries_CloseCombat,1,1
DLC1,CNPPLivingUnderground,Mercenaries,3,Experienced,6,0.5,180,480,480,GeneralNPC_Mercenaries_Recon,1,1
DLC1,CNPPLivingUnderground,Mercenaries,3,Experienced,6,0.5,180,480,480,GeneralNPC_Mercenaries_Stormtrooper,1,1
DLC1,CNPPLivingUnderground,Mercenaries,3,Experienced,6,0.5,180,480,480,GeneralNPC_Mercenaries_Sniper,0,0
DLC1,CNPPLivingUnderground,Mercenaries,3,Veteran,7,0.5,180,480,480,GeneralNPC_Mercenaries_CloseCombat,1,1
DLC1,CNPPLivingUnderground,Mercenaries,3,Veteran,7,0.5,180,480,480,GeneralNPC_Mercenaries_Recon,0,1
DLC1,CNPPLivingUnderground,Mercenaries,3,Veteran,7,0.5,180,480,480,GeneralNPC_Mercenaries_Stormtrooper,3,1
DLC1,CNPPLivingUnderground,Mercenaries,3,Veteran,7,0.5,180,480,480,GeneralNPC_Mercenaries_Sniper,1,0.2
DLC1,CNPPLivingUnderground,Mercenaries,3,Master,7,0.5,180,480,480,GeneralNPC_Mercenaries_CloseCombat,1,1
DLC1,CNPPLivingUnderground,Mercenaries,3,Master,7,0.5,180,480,480,GeneralNPC_Mercenaries_Recon,0,2
DLC1,CNPPLivingUnderground,Mercenaries,3,Master,7,0.5,180,480,480,GeneralNPC_Mercenaries_Stormtrooper,3,1
DLC1,CNPPLivingUnderground,Mercenaries,3,Master,7,0.5,180,480,480,GeneralNPC_Mercenaries_Sniper,1,0.2
DLC1,CNPPLivingUnderground,Freedom,3,Newbie,6,0.5,180,480,480,GeneralNPC_Freedom_CloseCombat,1,1
DLC1,CNPPLivingUnderground,Freedom,3,Newbie,6,0.5,180,480,480,GeneralNPC_Freedom_Recon,4,1
DLC1,CNPPLivingUnderground,Freedom,3,Newbie,6,0.5,180,480,480,GeneralNPC_Freedom_Stormtrooper,1,1
DLC1,CNPPLivingUnderground,Freedom,3,Newbie,6,0.5,180,480,480,GeneralNPC_Freedom_Sniper,1,1
DLC1,CNPPLivingUnderground,Freedom,3,Experienced,6,0.5,180,480,480,GeneralNPC_Freedom_CloseCombat,0,1
DLC1,CNPPLivingUnderground,Freedom,3,Experienced,6,0.5,180,480,480,GeneralNPC_Freedom_Recon,1,1
DLC1,CNPPLivingUnderground,Freedom,3,Experienced,6,0.5,180,480,480,GeneralNPC_Freedom_Stormtrooper,1,1
DLC1,CNPPLivingUnderground,Freedom,3,Experienced,6,0.5,180,480,480,GeneralNPC_Freedom_Sniper,0,0.2
DLC1,CNPPLivingUnderground,Freedom,3,Veteran,7,0.5,180,480,480,GeneralNPC_Freedom_CloseCombat,1,1
DLC1,CNPPLivingUnderground,Freedom,3,Veteran,7,0.5,180,480,480,GeneralNPC_Freedom_Recon,1,1
DLC1,CNPPLivingUnderground,Freedom,3,Veteran,7,0.5,180,480,480,GeneralNPC_Freedom_Stormtrooper,2,1
DLC1,CNPPLivingUnderground,Freedom,3,Veteran,7,0.5,180,480,480,GeneralNPC_Freedom_Sniper,1,0.2
DLC1,CNPPLivingUnderground,Freedom,3,Master,7,0.5,180,480,480,GeneralNPC_Freedom_CloseCombat,1,1
DLC1,CNPPLivingUnderground,Freedom,3,Master,7,0.5,180,480,480,GeneralNPC_Freedom_Recon,1,1
DLC1,CNPPLivingUnderground,Freedom,3,Master,7,0.5,180,480,480,GeneralNPC_Freedom_Stormtrooper,2,1
DLC1,CNPPLivingUnderground,Freedom,3,Master,7,0.5,180,480,480,GeneralNPC_Freedom_Sniper,1,0.2
DLC1,CNPPLivingUnderground,Bandits,3,Newbie,6,0.5,180,480,480,GeneralNPC_Bandit_CloseCombat,3,1
DLC1,CNPPLivingUnderground,Bandits,3,Newbie,6,0.5,180,480,480,GeneralNPC_Bandit_Recon,1,1
DLC1,CNPPLivingUnderground,Bandits,3,Newbie,6,0.5,180,480,480,GeneralNPC_Bandit_Stormtrooper,0,0
DLC1,CNPPLivingUnderground,Bandits,3,Newbie,6,0.5,180,480,480,GeneralNPC_Bandit_Heavy,0,0
DLC1,CNPPLivingUnderground,Bandits,3,Experienced,6,0.5,180,480,480,GeneralNPC_Bandit_CloseCombat,1,1
DLC1,CNPPLivingUnderground,Bandits,3,Experienced,6,0.5,180,480,480,GeneralNPC_Bandit_Recon,1,1
DLC1,CNPPLivingUnderground,Bandits,3,Experienced,6,0.5,180,480,480,GeneralNPC_Bandit_Stormtrooper,1,0
DLC1,CNPPLivingUnderground,Bandits,3,Experienced,6,0.5,180,480,480,GeneralNPC_Bandit_Heavy,0,0
DLC1,CNPPLivingUnderground,Bandits,3,Veteran,7,0.5,180,480,480,GeneralNPC_Bandit_CloseCombat,1,1
DLC1,CNPPLivingUnderground,Bandits,3,Veteran,7,0.5,180,480,480,GeneralNPC_Bandit_Recon,1,1
DLC1,CNPPLivingUnderground,Bandits,3,Veteran,7,0.5,180,480,480,GeneralNPC_Bandit_Stormtrooper,3,1
DLC1,CNPPLivingUnderground,Bandits,3,Veteran,7,0.5,180,480,480,GeneralNPC_Bandit_Heavy,0,0
DLC1,CNPPLivingUnderground,Bandits,3,Master,8,0.5,180,480,480,GeneralNPC_Bandit_CloseCombat,1,1
DLC1,CNPPLivingUnderground,Bandits,3,Master,8,0.5,180,480,480,GeneralNPC_Bandit_Recon,1,1
DLC1,CNPPLivingUnderground,Bandits,3,Master,8,0.5,180,480,480,GeneralNPC_Bandit_Stormtrooper,3,1
DLC1,CNPPLivingUnderground,Bandits,3,Master,8,0.5,180,480,480,GeneralNPC_Bandit_Heavy,0,0
DLC1,CNPPLivingUnderground,Monolith,3,Newbie,6,0.5,180,480,480,GeneralNPC_Monolith_CloseCombat,1,1
DLC1,CNPPLivingUnderground,Monolith,3,Newbie,6,0.5,180,480,480,GeneralNPC_Monolith_Recon,2,1
DLC1,CNPPLivingUnderground,Monolith,3,Newbie,6,0.5,180,480,480,GeneralNPC_Monolith_Stormtrooper,2,1
DLC1,CNPPLivingUnderground,Monolith,3,Newbie,6,0.5,180,480,480,GeneralNPC_Monolith_Sniper,0,0
DLC1,CNPPLivingUnderground,Monolith,3,Experienced,6,0.5,180,480,480,GeneralNPC_Monolith_CloseCombat,1,1
DLC1,CNPPLivingUnderground,Monolith,3,Experienced,6,0.5,180,480,480,GeneralNPC_Monolith_Recon,1,1
DLC1,CNPPLivingUnderground,Monolith,3,Experienced,6,0.5,180,480,480,GeneralNPC_Monolith_Stormtrooper,1,1
DLC1,CNPPLivingUnderground,Monolith,3,Experienced,6,0.5,180,480,480,GeneralNPC_Monolith_Sniper,0,0
DLC1,CNPPLivingUnderground,Monolith,3,Veteran,8,0.5,180,480,480,GeneralNPC_Monolith_CloseCombat,1,1
DLC1,CNPPLivingUnderground,Monolith,3,Veteran,8,0.5,180,480,480,GeneralNPC_Monolith_Recon,1,1
DLC1,CNPPLivingUnderground,Monolith,3,Veteran,8,0.5,180,480,480,GeneralNPC_Monolith_Stormtrooper,3,1
DLC1,CNPPLivingUnderground,Monolith,3,Veteran,8,0.5,180,480,480,GeneralNPC_Monolith_Sniper,1,0.2
DLC1,CNPPLivingUnderground,Monolith,3,Master,8,0.5,180,480,480,GeneralNPC_Monolith_CloseCombat,1,1
DLC1,CNPPLivingUnderground,Monolith,3,Master,8,0.5,180,480,480,GeneralNPC_Monolith_Recon,1,1
DLC1,CNPPLivingUnderground,Monolith,3,Master,8,0.5,180,480,480,GeneralNPC_Monolith_Stormtrooper,3,1
DLC1,CNPPLivingUnderground,Monolith,3,Master,8,0.5,180,480,480,GeneralNPC_Monolith_Sniper,1,0.2
DLC1,CNPPLivingUnderground,Duty,3,Newbie,6,0.5,180,480,480,GeneralNPC_Duty_CloseCombat,1,1
DLC1,CNPPLivingUnderground,Duty,3,Newbie,6,0.5,180,480,480,GeneralNPC_Duty_Recon,4,1
DLC1,CNPPLivingUnderground,Duty,3,Newbie,6,0.5,180,480,480,GeneralNPC_Duty_Stormtrooper,0,0
DLC1,CNPPLivingUnderground,Duty,3,Newbie,6,0.5,180,480,480,GeneralNPC_Duty_Sniper,0,0
DLC1,CNPPLivingUnderground,Duty,3,Newbie,6,0.5,180,480,480,GeneralNPC_Duty_Heavy,0,0
DLC1,CNPPLivingUnderground,Duty,3,Experienced,6,0.5,180,480,480,GeneralNPC_Duty_CloseCombat,1,1
DLC1,CNPPLivingUnderground,Duty,3,Experienced,6,0.5,180,480,480,GeneralNPC_Duty_Recon,1,1
DLC1,CNPPLivingUnderground,Duty,3,Experienced,6,0.5,180,480,480,GeneralNPC_Duty_Stormtrooper,1,1
DLC1,CNPPLivingUnderground,Duty,3,Experienced,6,0.5,180,480,480,GeneralNPC_Duty_Sniper,0,0
DLC1,CNPPLivingUnderground,Duty,3,Experienced,6,0.5,180,480,480,GeneralNPC_Duty_Heavy,0,0
DLC1,CNPPLivingUnderground,Duty,3,Veteran,7,0.5,180,480,480,GeneralNPC_Duty_CloseCombat,1,1
DLC1,CNPPLivingUnderground,Duty,3,Veteran,7,0.5,180,480,480,GeneralNPC_Duty_Recon,0,1
DLC1,CNPPLivingUnderground,Duty,3,Veteran,7,0.5,180,480,480,GeneralNPC_Duty_Stormtrooper,3,1
DLC1,CNPPLivingUnderground,Duty,3,Veteran,7,0.5,180,480,480,GeneralNPC_Duty_Sniper,1,0.2
DLC1,CNPPLivingUnderground,Duty,3,Veteran,7,0.5,180,480,480,GeneralNPC_Duty_Heavy,0,0
DLC1,CNPPLivingUnderground,Duty,3,Master,7,0.5,180,480,480,GeneralNPC_Duty_CloseCombat,1,1
DLC1,CNPPLivingUnderground,Duty,3,Master,7,0.5,180,480,480,GeneralNPC_Duty_Recon,1,1
DLC1,CNPPLivingUnderground,Duty,3,Master,7,0.5,180,480,480,GeneralNPC_Duty_Stormtrooper,2,1
DLC1,CNPPLivingUnderground,Duty,3,Master,7,0.5,180,480,480,GeneralNPC_Duty_Sniper,1,0.2
DLC1,CNPPLivingUnderground,Duty,3,Master,7,0.5,180,480,480,GeneralNPC_Duty_Heavy,0,0.5
DLC1,CNPPLivingUnderground,Noon,3,Newbie,6,0.5,180,480,480,GeneralNPC_Noon_CloseCombat,0,1
DLC1,CNPPLivingUnderground,Noon,3,Newbie,6,0.5,180,480,480,GeneralNPC_Noon_Recon,2,1
DLC1,CNPPLivingUnderground,Noon,3,Newbie,6,0.5,180,480,480,GeneralNPC_Noon_Stormtrooper,2,1
DLC1,CNPPLivingUnderground,Noon,3,Experienced,6,0.5,180,480,480,GeneralNPC_Noon_CloseCombat,1,1
DLC1,CNPPLivingUnderground,Noon,3,Experienced,6,0.5,180,480,480,GeneralNPC_Noon_Recon,1,1
DLC1,CNPPLivingUnderground,Noon,3,Experienced,6,0.5,180,480,480,GeneralNPC_Noon_Stormtrooper,1,1
DLC1,CNPPLivingUnderground,Noon,3,Veteran,7,0.5,180,480,480,GeneralNPC_Noon_CloseCombat,1,1
DLC1,CNPPLivingUnderground,Noon,3,Veteran,7,0.5,180,480,480,GeneralNPC_Noon_Recon,1,1
DLC1,CNPPLivingUnderground,Noon,3,Veteran,7,0.5,180,480,480,GeneralNPC_Noon_Stormtrooper,3,1
DLC1,CNPPLivingUnderground,Noon,3,Master,7,0.5,180,480,480,GeneralNPC_Noon_CloseCombat,1,1
DLC1,CNPPLivingUnderground,Noon,3,Master,7,0.5,180,480,480,GeneralNPC_Noon_Recon,1,1
DLC1,CNPPLivingUnderground,Noon,3,Master,7,0.5,180,480,480,GeneralNPC_Noon_Stormtrooper,3,1
DLC1,CNPPLivingUnderground,Scientists,3,Newbie,6,0.5,180,480,480,GeneralNPC_Scientists_Recon,1,1
DLC1,CNPPLivingUnderground,Scientists,3,Newbie,6,0.5,180,480,480,GeneralNPC_Scientists_Stormtrooper,1,1
DLC1,CNPPLivingUnderground,Scientists,3,Experienced,6,0.5,180,480,480,GeneralNPC_Scientists_Recon,4,1
DLC1,CNPPLivingUnderground,Scientists,3,Experienced,6,0.5,180,480,480,GeneralNPC_Scientists_Stormtrooper,1,1
DLC1,CNPPLivingUnderground,Scientists,3,Veteran,7,0.5,180,480,480,GeneralNPC_Scientists_Recon,1,1
DLC1,CNPPLivingUnderground,Scientists,3,Veteran,7,0.5,180,480,480,GeneralNPC_Scientists_Stormtrooper,4,1
DLC1,CNPPLivingUnderground,Scientists,3,Master,7,0.5,180,480,480,GeneralNPC_Scientists_Recon,1,1
DLC1,CNPPLivingUnderground,Scientists,3,Master,7,0.5,180,480,480,GeneralNPC_Scientists_Stormtrooper,3,1
DLC1,CNPPLivingUnderground,Spark,3,Newbie,6,0.5,180,480,480,GeneralNPC_Spark_CloseCombat,4,1
DLC1,CNPPLivingUnderground,Spark,3,Newbie,6,0.5,180,480,480,GeneralNPC_Spark_Recon,1,1
DLC1,CNPPLivingUnderground,Spark,3,Newbie,6,0.5,180,480,480,GeneralNPC_Spark_Stormtrooper,0,0
DLC1,CNPPLivingUnderground,Spark,3,Newbie,6,0.5,180,480,480,GeneralNPC_Spark_Sniper,0,0
DLC1,CNPPLivingUnderground,Spark,3,Experienced,6,0.5,180,480,480,GeneralNPC_Spark_CloseCombat,1,1
DLC1,CNPPLivingUnderground,Spark,3,Experienced,6,0.5,180,480,480,GeneralNPC_Spark_Recon,1,1
DLC1,CNPPLivingUnderground,Spark,3,Experienced,6,0.5,180,480,480,GeneralNPC_Spark_Stormtrooper,1,1
DLC1,CNPPLivingUnderground,Spark,3,Experienced,6,0.5,180,480,480,GeneralNPC_Spark_Sniper,0,0.2
DLC1,CNPPLivingUnderground,Spark,3,Veteran,7,0.5,180,480,480,GeneralNPC_Spark_CloseCombat,1,1
DLC1,CNPPLivingUnderground,Spark,3,Veteran,7,0.5,180,480,480,GeneralNPC_Spark_Recon,0,1
DLC1,CNPPLivingUnderground,Spark,3,Veteran,7,0.5,180,480,480,GeneralNPC_Spark_Stormtrooper,3,1
DLC1,CNPPLivingUnderground,Spark,3,Veteran,7,0.5,180,480,480,GeneralNPC_Spark_Sniper,1,0.2
DLC1,CNPPLivingUnderground,Spark,3,Master,7,0.5,180,480,480,GeneralNPC_Spark_CloseCombat,1,1
DLC1,CNPPLivingUnderground,Spark,3,Master,7,0.5,180,480,480,GeneralNPC_Spark_Recon,0,1
DLC1,CNPPLivingUnderground,Spark,3,Master,7,0.5,180,480,480,GeneralNPC_Spark_Stormtrooper,3,1
DLC1,CNPPLivingUnderground,Spark,3,Master,7,0.5,180,480,480,GeneralNPC_Spark_Sniper,1,0.2
DLC1,CNPPLivingUnderground,Corpus,3,Newbie,6,0.5,180,480,480,GeneralNPC_Corpus_CloseCombat,1,1
DLC1,CNPPLivingUnderground,Corpus,3,Newbie,6,0.5,180,480,480,GeneralNPC_Corpus_Recon,4,1
DLC1,CNPPLivingUnderground,Corpus,3,Newbie,6,0.5,180,480,480,GeneralNPC_Corpus_Stormtrooper,0,0
DLC1,CNPPLivingUnderground,Corpus,3,Newbie,6,0.5,180,480,480,GeneralNPC_Corpus_Sniper,0,0
DLC1,CNPPLivingUnderground,Corpus,3,Newbie,6,0.5,180,480,480,GeneralNPC_Corpus_Heavy,0,0
DLC1,CNPPLivingUnderground,Corpus,3,Experienced,6,0.5,180,480,480,GeneralNPC_Corpus_CloseCombat,0,1
DLC1,CNPPLivingUnderground,Corpus,3,Experienced,6,0.5,180,480,480,GeneralNPC_Corpus_Recon,1,1
DLC1,CNPPLivingUnderground,Corpus,3,Experienced,6,0.5,180,480,480,GeneralNPC_Corpus_Stormtrooper,2,1
DLC1,CNPPLivingUnderground,Corpus,3,Experienced,6,0.5,180,480,480,GeneralNPC_Corpus_Sniper,0,0
DLC1,CNPPLivingUnderground,Corpus,3,Experienced,6,0.5,180,480,480,GeneralNPC_Corpus_Heavy,0,0
DLC1,CNPPLivingUnderground,Corpus,3,Veteran,7,0.5,180,480,480,GeneralNPC_Corpus_CloseCombat,1,1
DLC1,CNPPLivingUnderground,Corpus,3,Veteran,7,0.5,180,480,480,GeneralNPC_Corpus_Recon,1,1
DLC1,CNPPLivingUnderground,Corpus,3,Veteran,7,0.5,180,480,480,GeneralNPC_Corpus_Stormtrooper,2,1
DLC1,CNPPLivingUnderground,Corpus,3,Veteran,7,0.5,180,480,480,GeneralNPC_Corpus_Sniper,0,0
DLC1,CNPPLivingUnderground,Corpus,3,Veteran,7,0.5,180,480,480,GeneralNPC_Corpus_Heavy,1,0.2
DLC1,CNPPLivingUnderground,Corpus,3,Master,7,0.5,180,480,480,GeneralNPC_Corpus_CloseCombat,0,1
DLC1,CNPPLivingUnderground,Corpus,3,Master,7,0.5,180,480,480,GeneralNPC_Corpus_Recon,0,1
DLC1,CNPPLivingUnderground,Corpus,3,Master,7,0.5,180,480,480,GeneralNPC_Corpus_Stormtrooper,3,1
DLC1,CNPPLivingUnderground,Corpus,3,Master,7,0.5,180,480,480,GeneralNPC_Corpus_Sniper,1,0.2
DLC1,CNPPLivingUnderground,Corpus,3,Master,7,0.5,180,480,480,GeneralNPC_Corpus_Heavy,1,0.2
DLC1,CNPPLivingUnderground,Bloodsucker,3,Newbie,2,0.5,180,480,480,Bloodsucker,1,1
DLC1,CNPPLivingUnderground,Bloodsucker,3,Experienced,2,0.5,180,480,480,Bloodsucker,1,1
DLC1,CNPPLivingUnderground,Bloodsucker,3,Veteran,3,0.5,180,480,480,Bloodsucker,1,1
DLC1,CNPPLivingUnderground,Bloodsucker,3,Master,3,0.5,180,480,480,Bloodsucker,1,1
DLC1,CNPPLivingUnderground,Zombie,3,Newbie,6,0.5,180,480,480,GeneralCNPPZombie_Bandit_CloseCombat,0,1
DLC1,CNPPLivingUnderground,Zombie,3,Newbie,6,0.5,180,480,480,GeneralCNPPZombie_Bandit_Recon,0,1
DLC1,CNPPLivingUnderground,Zombie,3,Newbie,6,0.5,180,480,480,GeneralCNPPZombie_Bandit_Stormtrooper,0,1
DLC1,CNPPLivingUnderground,Zombie,3,Newbie,6,0.5,180,480,480,GeneralCNPPZombie_Bandit_Heavy,0,1
DLC1,CNPPLivingUnderground,Zombie,3,Newbie,6,0.5,180,480,480,GeneralCNPPZombie_Neutral_CloseCombat,0,1
DLC1,CNPPLivingUnderground,Zombie,3,Newbie,6,0.5,180,480,480,GeneralCNPPZombie_Neutral_Recon,0,1
DLC1,CNPPLivingUnderground,Zombie,3,Newbie,6,0.5,180,480,480,GeneralCNPPZombie_Neutral_Stormtrooper,0,1
DLC1,CNPPLivingUnderground,Zombie,3,Newbie,6,0.5,180,480,480,GeneralCNPPZombie_Neutral_Sniper,0,1
DLC1,CNPPLivingUnderground,Zombie,3,Newbie,6,0.5,180,480,480,GeneralCNPPZombie_Corpus_CloseCombat,0,1
DLC1,CNPPLivingUnderground,Zombie,3,Newbie,6,0.5,180,480,480,GeneralCNPPZombie_Corpus_Recon,0,1
DLC1,CNPPLivingUnderground,Zombie,3,Newbie,6,0.5,180,480,480,GeneralCNPPZombie_Corpus_Stormtrooper,0,1
DLC1,CNPPLivingUnderground,Zombie,3,Newbie,6,0.5,180,480,480,GeneralCNPPZombie_Corpus_Sniper,0,1
DLC1,CNPPLivingUnderground,Zombie,3,Newbie,6,0.5,180,480,480,GeneralCNPPZombie_Corpus_Heavy,0,1
DLC1,CNPPLivingUnderground,Zombie,3,Newbie,6,0.5,180,480,480,GeneralCNPPZombie_Freedom_CloseCombat,0,1
DLC1,CNPPLivingUnderground,Zombie,3,Newbie,6,0.5,180,480,480,GeneralCNPPZombie_Freedom_Recon,0,1
DLC1,CNPPLivingUnderground,Zombie,3,Newbie,6,0.5,180,480,480,GeneralCNPPZombie_Freedom_Stormtrooper,0,1
DLC1,CNPPLivingUnderground,Zombie,3,Newbie,6,0.5,180,480,480,GeneralCNPPZombie_Freedom_Sniper,0,1
DLC1,CNPPLivingUnderground,Zombie,3,Newbie,6,0.5,180,480,480,GeneralCNPPZombie_Duty_CloseCombat,0,1
DLC1,CNPPLivingUnderground,Zombie,3,Newbie,6,0.5,180,480,480,GeneralCNPPZombie_Duty_Recon,0,1
DLC1,CNPPLivingUnderground,Zombie,3,Newbie,6,0.5,180,480,480,GeneralCNPPZombie_Duty_Stormtrooper,0,1
DLC1,CNPPLivingUnderground,Zombie,3,Newbie,6,0.5,180,480,480,GeneralCNPPZombie_Duty_Sniper,0,1
DLC1,CNPPLivingUnderground,Zombie,3,Newbie,6,0.5,180,480,480,GeneralCNPPZombie_Duty_Heavy,0,1
DLC1,CNPPLivingUnderground,Zombie,3,Experienced,8,0.5,180,480,480,GeneralCNPPZombie_Bandit_CloseCombat,0,1
DLC1,CNPPLivingUnderground,Zombie,3,Experienced,8,0.5,180,480,480,GeneralCNPPZombie_Bandit_Recon,0,1
DLC1,CNPPLivingUnderground,Zombie,3,Experienced,8,0.5,180,480,480,GeneralCNPPZombie_Bandit_Stormtrooper,0,1
DLC1,CNPPLivingUnderground,Zombie,3,Experienced,8,0.5,180,480,480,GeneralCNPPZombie_Bandit_Heavy,0,1
DLC1,CNPPLivingUnderground,Zombie,3,Experienced,8,0.5,180,480,480,GeneralCNPPZombie_Neutral_CloseCombat,0,1
DLC1,CNPPLivingUnderground,Zombie,3,Experienced,8,0.5,180,480,480,GeneralCNPPZombie_Neutral_Recon,0,1
DLC1,CNPPLivingUnderground,Zombie,3,Experienced,8,0.5,180,480,480,GeneralCNPPZombie_Neutral_Stormtrooper,0,1
DLC1,CNPPLivingUnderground,Zombie,3,Experienced,8,0.5,180,480,480,GeneralCNPPZombie_Neutral_Sniper,0,1
DLC1,CNPPLivingUnderground,Zombie,3,Experienced,8,0.5,180,480,480,GeneralCNPPZombie_Corpus_CloseCombat,0,1
DLC1,CNPPLivingUnderground,Zombie,3,Experienced,8,0.5,180,480,480,GeneralCNPPZombie_Corpus_Recon,0,1
DLC1,CNPPLivingUnderground,Zombie,3,Experienced,8,0.5,180,480,480,GeneralCNPPZombie_Corpus_Stormtrooper,0,1
DLC1,CNPPLivingUnderground,Zombie,3,Experienced,8,0.5,180,480,480,GeneralCNPPZombie_Corpus_Sniper,0,1
DLC1,CNPPLivingUnderground,Zombie,3,Experienced,8,0.5,180,480,480,GeneralCNPPZombie_Corpus_Heavy,0,1
DLC1,CNPPLivingUnderground,Zombie,3,Experienced,8,0.5,180,480,480,GeneralCNPPZombie_Freedom_CloseCombat,0,1
DLC1,CNPPLivingUnderground,Zombie,3,Experienced,8,0.5,180,480,480,GeneralCNPPZombie_Freedom_Recon,0,1
DLC1,CNPPLivingUnderground,Zombie,3,Experienced,8,0.5,180,480,480,GeneralCNPPZombie_Freedom_Stormtrooper,0,1
DLC1,CNPPLivingUnderground,Zombie,3,Experienced,8,0.5,180,480,480,GeneralCNPPZombie_Freedom_Sniper,0,1
DLC1,CNPPLivingUnderground,Zombie,3,Experienced,8,0.5,180,480,480,GeneralCNPPZombie_Duty_CloseCombat,0,1
DLC1,CNPPLivingUnderground,Zombie,3,Experienced,8,0.5,180,480,480,GeneralCNPPZombie_Duty_Recon,0,1
DLC1,CNPPLivingUnderground,Zombie,3,Experienced,8,0.5,180,480,480,GeneralCNPPZombie_Duty_Stormtrooper,0,1
DLC1,CNPPLivingUnderground,Zombie,3,Experienced,8,0.5,180,480,480,GeneralCNPPZombie_Duty_Sniper,0,1
DLC1,CNPPLivingUnderground,Zombie,3,Experienced,8,0.5,180,480,480,GeneralCNPPZombie_Duty_Heavy,0,1
DLC1,CNPPLivingUnderground,Zombie,3,Veteran,10,0.5,180,480,480,GeneralCNPPZombie_Bandit_CloseCombat,0,1
DLC1,CNPPLivingUnderground,Zombie,3,Veteran,10,0.5,180,480,480,GeneralCNPPZombie_Bandit_Recon,0,1
DLC1,CNPPLivingUnderground,Zombie,3,Veteran,10,0.5,180,480,480,GeneralCNPPZombie_Bandit_Stormtrooper,0,1
DLC1,CNPPLivingUnderground,Zombie,3,Veteran,10,0.5,180,480,480,GeneralCNPPZombie_Bandit_Heavy,0,1
DLC1,CNPPLivingUnderground,Zombie,3,Veteran,10,0.5,180,480,480,GeneralCNPPZombie_Neutral_CloseCombat,0,1
DLC1,CNPPLivingUnderground,Zombie,3,Veteran,10,0.5,180,480,480,GeneralCNPPZombie_Neutral_Recon,0,1
DLC1,CNPPLivingUnderground,Zombie,3,Veteran,10,0.5,180,480,480,GeneralCNPPZombie_Neutral_Stormtrooper,0,1
DLC1,CNPPLivingUnderground,Zombie,3,Veteran,10,0.5,180,480,480,GeneralCNPPZombie_Neutral_Sniper,0,1
DLC1,CNPPLivingUnderground,Zombie,3,Veteran,10,0.5,180,480,480,GeneralCNPPZombie_Corpus_CloseCombat,0,1
DLC1,CNPPLivingUnderground,Zombie,3,Veteran,10,0.5,180,480,480,GeneralCNPPZombie_Corpus_Recon,0,1
DLC1,CNPPLivingUnderground,Zombie,3,Veteran,10,0.5,180,480,480,GeneralCNPPZombie_Corpus_Stormtrooper,0,1
DLC1,CNPPLivingUnderground,Zombie,3,Veteran,10,0.5,180,480,480,GeneralCNPPZombie_Corpus_Sniper,0,1
DLC1,CNPPLivingUnderground,Zombie,3,Veteran,10,0.5,180,480,480,GeneralCNPPZombie_Corpus_Heavy,0,1
DLC1,CNPPLivingUnderground,Zombie,3,Veteran,10,0.5,180,480,480,GeneralCNPPZombie_Freedom_CloseCombat,0,1
DLC1,CNPPLivingUnderground,Zombie,3,Veteran,10,0.5,180,480,480,GeneralCNPPZombie_Freedom_Recon,0,1
DLC1,CNPPLivingUnderground,Zombie,3,Veteran,10,0.5,180,480,480,GeneralCNPPZombie_Freedom_Stormtrooper,0,1
DLC1,CNPPLivingUnderground,Zombie,3,Veteran,10,0.5,180,480,480,GeneralCNPPZombie_Freedom_Sniper,0,1
DLC1,CNPPLivingUnderground,Zombie,3,Veteran,10,0.5,180,480,480,GeneralCNPPZombie_Duty_CloseCombat,0,1
DLC1,CNPPLivingUnderground,Zombie,3,Veteran,10,0.5,180,480,480,GeneralCNPPZombie_Duty_Recon,0,1
DLC1,CNPPLivingUnderground,Zombie,3,Veteran,10,0.5,180,480,480,GeneralCNPPZombie_Duty_Stormtrooper,0,1
DLC1,CNPPLivingUnderground,Zombie,3,Veteran,10,0.5,180,480,480,GeneralCNPPZombie_Duty_Sniper,0,1
DLC1,CNPPLivingUnderground,Zombie,3,Veteran,10,0.5,180,480,480,GeneralCNPPZombie_Duty_Heavy,0,1
DLC1,CNPPLivingUnderground,Zombie,3,Master,10,0.5,180,480,480,GeneralCNPPZombie_Bandit_CloseCombat,0,1
DLC1,CNPPLivingUnderground,Zombie,3,Master,10,0.5,180,480,480,GeneralCNPPZombie_Bandit_Recon,0,1
DLC1,CNPPLivingUnderground,Zombie,3,Master,10,0.5,180,480,480,GeneralCNPPZombie_Bandit_Stormtrooper,0,1
DLC1,CNPPLivingUnderground,Zombie,3,Master,10,0.5,180,480,480,GeneralCNPPZombie_Bandit_Heavy,0,1
DLC1,CNPPLivingUnderground,Zombie,3,Master,10,0.5,180,480,480,GeneralCNPPZombie_Neutral_CloseCombat,0,1
DLC1,CNPPLivingUnderground,Zombie,3,Master,10,0.5,180,480,480,GeneralCNPPZombie_Neutral_Recon,0,1
DLC1,CNPPLivingUnderground,Zombie,3,Master,10,0.5,180,480,480,GeneralCNPPZombie_Neutral_Stormtrooper,0,1
DLC1,CNPPLivingUnderground,Zombie,3,Master,10,0.5,180,480,480,GeneralCNPPZombie_Neutral_Sniper,0,1
DLC1,CNPPLivingUnderground,Zombie,3,Master,10,0.5,180,480,480,GeneralCNPPZombie_Corpus_CloseCombat,0,1
DLC1,CNPPLivingUnderground,Zombie,3,Master,10,0.5,180,480,480,GeneralCNPPZombie_Corpus_Recon,0,1
DLC1,CNPPLivingUnderground,Zombie,3,Master,10,0.5,180,480,480,GeneralCNPPZombie_Corpus_Stormtrooper,0,1
DLC1,CNPPLivingUnderground,Zombie,3,Master,10,0.5,180,480,480,GeneralCNPPZombie_Corpus_Sniper,0,1
DLC1,CNPPLivingUnderground,Zombie,3,Master,10,0.5,180,480,480,GeneralCNPPZombie_Corpus_Heavy,0,1
DLC1,CNPPLivingUnderground,Zombie,3,Master,10,0.5,180,480,480,GeneralCNPPZombie_Freedom_CloseCombat,0,1
DLC1,CNPPLivingUnderground,Zombie,3,Master,10,0.5,180,480,480,GeneralCNPPZombie_Freedom_Recon,0,1
DLC1,CNPPLivingUnderground,Zombie,3,Master,10,0.5,180,480,480,GeneralCNPPZombie_Freedom_Stormtrooper,0,1
DLC1,CNPPLivingUnderground,Zombie,3,Master,10,0.5,180,480,480,GeneralCNPPZombie_Freedom_Sniper,0,1
DLC1,CNPPLivingUnderground,Zombie,3,Master,10,0.5,180,480,480,GeneralCNPPZombie_Duty_CloseCombat,0,1
DLC1,CNPPLivingUnderground,Zombie,3,Master,10,0.5,180,480,480,GeneralCNPPZombie_Duty_Recon,0,1
DLC1,CNPPLivingUnderground,Zombie,3,Master,10,0.5,180,480,480,GeneralCNPPZombie_Duty_Stormtrooper,0,1
DLC1,CNPPLivingUnderground,Zombie,3,Master,10,0.5,180,480,480,GeneralCNPPZombie_Duty_Sniper,0,1
DLC1,CNPPLivingUnderground,Zombie,3,Master,10,0.5,180,480,480,GeneralCNPPZombie_Duty_Heavy,0,1
DLC1,CNPPLivingUnderground,Snork,3,Newbie,8,0.5,180,480,480,Snork,1,1
DLC1,CNPPLivingUnderground,Snork,3,Experienced,8,0.5,180,480,480,Snork,1,1
DLC1,CNPPLivingUnderground,Snork,3,Veteran,9,0.5,180,480,480,Snork,1,1
DLC1,CNPPLivingUnderground,Snork,3,Master,9,0.5,180,480,480,Snork,1,1
DLC1,CNPPLivingUnderground,Bayun,3,Newbie,2,0.5,180,480,480,Bayun,1,1
DLC1,CNPPLivingUnderground,Bayun,3,Experienced,2,0.5,180,480,480,Bayun,1,1
DLC1,CNPPLivingUnderground,Bayun,3,Veteran,3,0.5,180,480,480,Bayun,1,1
DLC1,CNPPLivingUnderground,Bayun,3,Master,4,0.5,180,480,480,Bayun,1,1
DLC1,CNPPLivingUnderground,Tushkan,3,Newbie,14,0.5,180,480,480,Tushkan,1,1
DLC1,CNPPLivingUnderground,Tushkan,3,Experienced,16,0.5,180,480,480,Tushkan,1,1
DLC1,CNPPLivingUnderground,Tushkan,3,Veteran,20,0.5,180,480,480,Tushkan,1,1
DLC1,CNPPLivingUnderground,Tushkan,3,Master,24,0.5,180,480,480,Tushkan,1,1
DLC1,CNPPWildField,Blinddog,3,Newbie,9,0.5,180,480,480,Blinddog,1,1
DLC1,CNPPWildField,Blinddog,3,Experienced,9,0.5,180,480,480,Blinddog,1,1
DLC1,CNPPWildField,Blinddog,3,Veteran,9,0.5,180,480,480,Blinddog,1,1
DLC1,CNPPWildField,Blinddog,3,Master,9,0.5,180,480,480,Blinddog,1,1
DLC1,CNPPWildField,Boar,3,Newbie,5,0.5,180,480,480,Boar,1,1
DLC1,CNPPWildField,Boar,3,Experienced,5,0.5,180,480,480,Boar,1,1
DLC1,CNPPWildField,Boar,3,Veteran,5,0.5,180,480,480,Boar,1,1
DLC1,CNPPWildField,Boar,3,Master,5,0.5,180,480,480,Boar,1,1
DLC1,CNPPWildField,Flesh,3,Newbie,5,0.5,180,480,480,Flesh,1,1
DLC1,CNPPWildField,Flesh,3,Experienced,5,0.5,180,480,480,Flesh,1,1
DLC1,CNPPWildField,Flesh,3,Veteran,5,0.5,180,480,480,Flesh,1,1
DLC1,CNPPWildField,Flesh,3,Master,6,0.5,180,480,480,Flesh,1,1
DLC1,CNPPWildField,Zombie,3,Newbie,6,0.5,180,480,480,GeneralCNPPZombie_Bandit_CloseCombat,0,1
DLC1,CNPPWildField,Zombie,3,Newbie,6,0.5,180,480,480,GeneralCNPPZombie_Bandit_Recon,0,1
DLC1,CNPPWildField,Zombie,3,Newbie,6,0.5,180,480,480,GeneralCNPPZombie_Bandit_Stormtrooper,0,1
DLC1,CNPPWildField,Zombie,3,Newbie,6,0.5,180,480,480,GeneralCNPPZombie_Bandit_Heavy,0,1
DLC1,CNPPWildField,Zombie,3,Newbie,6,0.5,180,480,480,GeneralCNPPZombie_Neutral_CloseCombat,0,1
DLC1,CNPPWildField,Zombie,3,Newbie,6,0.5,180,480,480,GeneralCNPPZombie_Neutral_Recon,0,1
DLC1,CNPPWildField,Zombie,3,Newbie,6,0.5,180,480,480,GeneralCNPPZombie_Neutral_Stormtrooper,0,1
DLC1,CNPPWildField,Zombie,3,Newbie,6,0.5,180,480,480,GeneralCNPPZombie_Neutral_Sniper,0,1
DLC1,CNPPWildField,Zombie,3,Newbie,6,0.5,180,480,480,GeneralCNPPZombie_Corpus_CloseCombat,0,1
DLC1,CNPPWildField,Zombie,3,Newbie,6,0.5,180,480,480,GeneralCNPPZombie_Corpus_Recon,0,1
DLC1,CNPPWildField,Zombie,3,Newbie,6,0.5,180,480,480,GeneralCNPPZombie_Corpus_Stormtrooper,0,1
DLC1,CNPPWildField,Zombie,3,Newbie,6,0.5,180,480,480,GeneralCNPPZombie_Corpus_Sniper,0,1
DLC1,CNPPWildField,Zombie,3,Newbie,6,0.5,180,480,480,GeneralCNPPZombie_Corpus_Heavy,0,1
DLC1,CNPPWildField,Zombie,3,Newbie,6,0.5,180,480,480,GeneralCNPPZombie_Freedom_CloseCombat,0,1
DLC1,CNPPWildField,Zombie,3,Newbie,6,0.5,180,480,480,GeneralCNPPZombie_Freedom_Recon,0,1
DLC1,CNPPWildField,Zombie,3,Newbie,6,0.5,180,480,480,GeneralCNPPZombie_Freedom_Stormtrooper,0,1
DLC1,CNPPWildField,Zombie,3,Newbie,6,0.5,180,480,480,GeneralCNPPZombie_Freedom_Sniper,0,1
DLC1,CNPPWildField,Zombie,3,Newbie,6,0.5,180,480,480,GeneralCNPPZombie_Duty_CloseCombat,0,1
DLC1,CNPPWildField,Zombie,3,Newbie,6,0.5,180,480,480,GeneralCNPPZombie_Duty_Recon,0,1
DLC1,CNPPWildField,Zombie,3,Newbie,6,0.5,180,480,480,GeneralCNPPZombie_Duty_Stormtrooper,0,1
DLC1,CNPPWildField,Zombie,3,Newbie,6,0.5,180,480,480,GeneralCNPPZombie_Duty_Sniper,0,1
DLC1,CNPPWildField,Zombie,3,Newbie,6,0.5,180,480,480,GeneralCNPPZombie_Duty_Heavy,0,1
DLC1,CNPPWildField,Zombie,3,Experienced,8,0.5,180,480,480,GeneralCNPPZombie_Bandit_CloseCombat,0,1
DLC1,CNPPWildField,Zombie,3,Experienced,8,0.5,180,480,480,GeneralCNPPZombie_Bandit_Recon,0,1
DLC1,CNPPWildField,Zombie,3,Experienced,8,0.5,180,480,480,GeneralCNPPZombie_Bandit_Stormtrooper,0,1
DLC1,CNPPWildField,Zombie,3,Experienced,8,0.5,180,480,480,GeneralCNPPZombie_Bandit_Heavy,0,1
DLC1,CNPPWildField,Zombie,3,Experienced,8,0.5,180,480,480,GeneralCNPPZombie_Neutral_CloseCombat,0,1
DLC1,CNPPWildField,Zombie,3,Experienced,8,0.5,180,480,480,GeneralCNPPZombie_Neutral_Recon,0,1
DLC1,CNPPWildField,Zombie,3,Experienced,8,0.5,180,480,480,GeneralCNPPZombie_Neutral_Stormtrooper,0,1
DLC1,CNPPWildField,Zombie,3,Experienced,8,0.5,180,480,480,GeneralCNPPZombie_Neutral_Sniper,0,1
DLC1,CNPPWildField,Zombie,3,Experienced,8,0.5,180,480,480,GeneralCNPPZombie_Corpus_CloseCombat,0,1
DLC1,CNPPWildField,Zombie,3,Experienced,8,0.5,180,480,480,GeneralCNPPZombie_Corpus_Recon,0,1
DLC1,CNPPWildField,Zombie,3,Experienced,8,0.5,180,480,480,GeneralCNPPZombie_Corpus_Stormtrooper,0,1
DLC1,CNPPWildField,Zombie,3,Experienced,8,0.5,180,480,480,GeneralCNPPZombie_Corpus_Sniper,0,1
DLC1,CNPPWildField,Zombie,3,Experienced,8,0.5,180,480,480,GeneralCNPPZombie_Corpus_Heavy,0,1
DLC1,CNPPWildField,Zombie,3,Experienced,8,0.5,180,480,480,GeneralCNPPZombie_Freedom_CloseCombat,0,1
DLC1,CNPPWildField,Zombie,3,Experienced,8,0.5,180,480,480,GeneralCNPPZombie_Freedom_Recon,0,1
DLC1,CNPPWildField,Zombie,3,Experienced,8,0.5,180,480,480,GeneralCNPPZombie_Freedom_Stormtrooper,0,1
DLC1,CNPPWildField,Zombie,3,Experienced,8,0.5,180,480,480,GeneralCNPPZombie_Freedom_Sniper,0,1
DLC1,CNPPWildField,Zombie,3,Experienced,8,0.5,180,480,480,GeneralCNPPZombie_Duty_CloseCombat,0,1
DLC1,CNPPWildField,Zombie,3,Experienced,8,0.5,180,480,480,GeneralCNPPZombie_Duty_Recon,0,1
DLC1,CNPPWildField,Zombie,3,Experienced,8,0.5,180,480,480,GeneralCNPPZombie_Duty_Stormtrooper,0,1
DLC1,CNPPWildField,Zombie,3,Experienced,8,0.5,180,480,480,GeneralCNPPZombie_Duty_Sniper,0,1
DLC1,CNPPWildField,Zombie,3,Experienced,8,0.5,180,480,480,GeneralCNPPZombie_Duty_Heavy,0,1
DLC1,CNPPWildField,Zombie,3,Veteran,10,0.5,180,480,480,GeneralCNPPZombie_Bandit_CloseCombat,0,1
DLC1,CNPPWildField,Zombie,3,Veteran,10,0.5,180,480,480,GeneralCNPPZombie_Bandit_Recon,0,1
DLC1,CNPPWildField,Zombie,3,Veteran,10,0.5,180,480,480,GeneralCNPPZombie_Bandit_Stormtrooper,0,1
DLC1,CNPPWildField,Zombie,3,Veteran,10,0.5,180,480,480,GeneralCNPPZombie_Bandit_Heavy,0,1
DLC1,CNPPWildField,Zombie,3,Veteran,10,0.5,180,480,480,GeneralCNPPZombie_Neutral_CloseCombat,0,1
DLC1,CNPPWildField,Zombie,3,Veteran,10,0.5,180,480,480,GeneralCNPPZombie_Neutral_Recon,0,1
DLC1,CNPPWildField,Zombie,3,Veteran,10,0.5,180,480,480,GeneralCNPPZombie_Neutral_Stormtrooper,0,1
DLC1,CNPPWildField,Zombie,3,Veteran,10,0.5,180,480,480,GeneralCNPPZombie_Neutral_Sniper,0,1
DLC1,CNPPWildField,Zombie,3,Veteran,10,0.5,180,480,480,GeneralCNPPZombie_Corpus_CloseCombat,0,1
DLC1,CNPPWildField,Zombie,3,Veteran,10,0.5,180,480,480,GeneralCNPPZombie_Corpus_Recon,0,1
DLC1,CNPPWildField,Zombie,3,Veteran,10,0.5,180,480,480,GeneralCNPPZombie_Corpus_Stormtrooper,0,1
DLC1,CNPPWildField,Zombie,3,Veteran,10,0.5,180,480,480,GeneralCNPPZombie_Corpus_Sniper,0,1
DLC1,CNPPWildField,Zombie,3,Veteran,10,0.5,180,480,480,GeneralCNPPZombie_Corpus_Heavy,0,1
DLC1,CNPPWildField,Zombie,3,Veteran,10,0.5,180,480,480,GeneralCNPPZombie_Freedom_CloseCombat,0,1
DLC1,CNPPWildField,Zombie,3,Veteran,10,0.5,180,480,480,GeneralCNPPZombie_Freedom_Recon,0,1
DLC1,CNPPWildField,Zombie,3,Veteran,10,0.5,180,480,480,GeneralCNPPZombie_Freedom_Stormtrooper,0,1
DLC1,CNPPWildField,Zombie,3,Veteran,10,0.5,180,480,480,GeneralCNPPZombie_Freedom_Sniper,0,1
DLC1,CNPPWildField,Zombie,3,Veteran,10,0.5,180,480,480,GeneralCNPPZombie_Duty_CloseCombat,0,1
DLC1,CNPPWildField,Zombie,3,Veteran,10,0.5,180,480,480,GeneralCNPPZombie_Duty_Recon,0,1
DLC1,CNPPWildField,Zombie,3,Veteran,10,0.5,180,480,480,GeneralCNPPZombie_Duty_Stormtrooper,0,1
DLC1,CNPPWildField,Zombie,3,Veteran,10,0.5,180,480,480,GeneralCNPPZombie_Duty_Sniper,0,1
DLC1,CNPPWildField,Zombie,3,Veteran,10,0.5,180,480,480,GeneralCNPPZombie_Duty_Heavy,0,1
DLC1,CNPPWildField,Zombie,3,Master,10,0.5,180,480,480,GeneralCNPPZombie_Bandit_CloseCombat,0,1
DLC1,CNPPWildField,Zombie,3,Master,10,0.5,180,480,480,GeneralCNPPZombie_Bandit_Recon,0,1
DLC1,CNPPWildField,Zombie,3,Master,10,0.5,180,480,480,GeneralCNPPZombie_Bandit_Stormtrooper,0,1
DLC1,CNPPWildField,Zombie,3,Master,10,0.5,180,480,480,GeneralCNPPZombie_Bandit_Heavy,0,1
DLC1,CNPPWildField,Zombie,3,Master,10,0.5,180,480,480,GeneralCNPPZombie_Neutral_CloseCombat,0,1
DLC1,CNPPWildField,Zombie,3,Master,10,0.5,180,480,480,GeneralCNPPZombie_Neutral_Recon,0,1
DLC1,CNPPWildField,Zombie,3,Master,10,0.5,180,480,480,GeneralCNPPZombie_Neutral_Stormtrooper,0,1
DLC1,CNPPWildField,Zombie,3,Master,10,0.5,180,480,480,GeneralCNPPZombie_Neutral_Sniper,0,1
DLC1,CNPPWildField,Zombie,3,Master,10,0.5,180,480,480,GeneralCNPPZombie_Corpus_CloseCombat,0,1
DLC1,CNPPWildField,Zombie,3,Master,10,0.5,180,480,480,GeneralCNPPZombie_Corpus_Recon,0,1
DLC1,CNPPWildField,Zombie,3,Master,10,0.5,180,480,480,GeneralCNPPZombie_Corpus_Stormtrooper,0,1
DLC1,CNPPWildField,Zombie,3,Master,10,0.5,180,480,480,GeneralCNPPZombie_Corpus_Sniper,0,1
DLC1,CNPPWildField,Zombie,3,Master,10,0.5,180,480,480,GeneralCNPPZombie_Corpus_Heavy,0,1
DLC1,CNPPWildField,Zombie,3,Master,10,0.5,180,480,480,GeneralCNPPZombie_Freedom_CloseCombat,0,1
DLC1,CNPPWildField,Zombie,3,Master,10,0.5,180,480,480,GeneralCNPPZombie_Freedom_Recon,0,1
DLC1,CNPPWildField,Zombie,3,Master,10,0.5,180,480,480,GeneralCNPPZombie_Freedom_Stormtrooper,0,1
DLC1,CNPPWildField,Zombie,3,Master,10,0.5,180,480,480,GeneralCNPPZombie_Freedom_Sniper,0,1
DLC1,CNPPWildField,Zombie,3,Master,10,0.5,180,480,480,GeneralCNPPZombie_Duty_CloseCombat,0,1
DLC1,CNPPWildField,Zombie,3,Master,10,0.5,180,480,480,GeneralCNPPZombie_Duty_Recon,0,1
DLC1,CNPPWildField,Zombie,3,Master,10,0.5,180,480,480,GeneralCNPPZombie_Duty_Stormtrooper,0,1
DLC1,CNPPWildField,Zombie,3,Master,10,0.5,180,480,480,GeneralCNPPZombie_Duty_Sniper,0,1
DLC1,CNPPWildField,Zombie,3,Master,10,0.5,180,480,480,GeneralCNPPZombie_Duty_Heavy,0,1
DLC1,CNPPWildField,Pseudodog,3,Newbie,1,1,180,480,480,PseudoDog,1,1
DLC1,CNPPWildField,Pseudodog,3,Experienced,1,1,180,480,480,PseudoDog,1,1
DLC1,CNPPWildField,Pseudodog,3,Veteran,2,0.5,180,480,480,PseudoDog,1,1
DLC1,CNPPWildField,Pseudodog,3,Master,2,0.5,180,480,480,PseudoDog,1,1
DLC1,CNPPWildField,Tushkan,3,Newbie,14,0.5,180,480,480,Tushkan,1,1
DLC1,CNPPWildField,Tushkan,3,Experienced,16,0.5,180,480,480,Tushkan,1,1
DLC1,CNPPWildField,Tushkan,3,Veteran,20,0.5,180,480,480,Tushkan,1,1
DLC1,CNPPWildField,Tushkan,3,Master,24,0.5,180,480,480,Tushkan,1,1
DLC1,CNPPWildForest,Blinddog,3,Newbie,9,0.5,180,480,480,Blinddog,1,1
DLC1,CNPPWildForest,Blinddog,3,Experienced,9,0.5,180,480,480,Blinddog,1,1
DLC1,CNPPWildForest,Blinddog,3,Veteran,9,0.5,180,480,480,Blinddog,1,1
DLC1,CNPPWildForest,Blinddog,3,Master,9,0.5,180,480,480,Blinddog,1,1
DLC1,CNPPWildForest,Bloodsucker,3,Newbie,2,0.5,180,480,480,Bloodsucker,1,1
DLC1,CNPPWildForest,Bloodsucker,3,Experienced,2,0.5,180,480,480,Bloodsucker,1,1
DLC1,CNPPWildForest,Bloodsucker,3,Veteran,3,0.5,180,480,480,Bloodsucker,1,1
DLC1,CNPPWildForest,Bloodsucker,3,Master,3,0.5,180,480,480,Bloodsucker,1,1
DLC1,CNPPWildForest,Boar,3,Newbie,5,0.5,180,480,480,Boar,1,1
DLC1,CNPPWildForest,Boar,3,Experienced,5,0.5,180,480,480,Boar,1,1
DLC1,CNPPWildForest,Boar,3,Veteran,5,0.5,180,480,480,Boar,1,1
DLC1,CNPPWildForest,Boar,3,Master,5,0.5,180,480,480,Boar,1,1
DLC1,CNPPWildForest,Flesh,3,Newbie,5,0.5,180,480,480,Flesh,1,1
DLC1,CNPPWildForest,Flesh,3,Experienced,5,0.5,180,480,480,Flesh,1,1
DLC1,CNPPWildForest,Flesh,3,Veteran,5,0.5,180,480,480,Flesh,1,1
DLC1,CNPPWildForest,Flesh,3,Master,6,0.5,180,480,480,Flesh,1,1
DLC1,CNPPWildForest,Zombie,3,Newbie,6,0.5,180,480,480,GeneralCNPPZombie_Bandit_CloseCombat,0,1
DLC1,CNPPWildForest,Zombie,3,Newbie,6,0.5,180,480,480,GeneralCNPPZombie_Bandit_Recon,0,1
DLC1,CNPPWildForest,Zombie,3,Newbie,6,0.5,180,480,480,GeneralCNPPZombie_Bandit_Stormtrooper,0,1
DLC1,CNPPWildForest,Zombie,3,Newbie,6,0.5,180,480,480,GeneralCNPPZombie_Bandit_Heavy,0,1
DLC1,CNPPWildForest,Zombie,3,Newbie,6,0.5,180,480,480,GeneralCNPPZombie_Neutral_CloseCombat,0,1
DLC1,CNPPWildForest,Zombie,3,Newbie,6,0.5,180,480,480,GeneralCNPPZombie_Neutral_Recon,0,1
DLC1,CNPPWildForest,Zombie,3,Newbie,6,0.5,180,480,480,GeneralCNPPZombie_Neutral_Stormtrooper,0,1
DLC1,CNPPWildForest,Zombie,3,Newbie,6,0.5,180,480,480,GeneralCNPPZombie_Neutral_Sniper,0,1
DLC1,CNPPWildForest,Zombie,3,Newbie,6,0.5,180,480,480,GeneralCNPPZombie_Corpus_CloseCombat,0,1
DLC1,CNPPWildForest,Zombie,3,Newbie,6,0.5,180,480,480,GeneralCNPPZombie_Corpus_Recon,0,1
DLC1,CNPPWildForest,Zombie,3,Newbie,6,0.5,180,480,480,GeneralCNPPZombie_Corpus_Stormtrooper,0,1
DLC1,CNPPWildForest,Zombie,3,Newbie,6,0.5,180,480,480,GeneralCNPPZombie_Corpus_Sniper,0,1
DLC1,CNPPWildForest,Zombie,3,Newbie,6,0.5,180,480,480,GeneralCNPPZombie_Corpus_Heavy,0,1
DLC1,CNPPWildForest,Zombie,3,Newbie,6,0.5,180,480,480,GeneralCNPPZombie_Freedom_CloseCombat,0,1
DLC1,CNPPWildForest,Zombie,3,Newbie,6,0.5,180,480,480,GeneralCNPPZombie_Freedom_Recon,0,1
DLC1,CNPPWildForest,Zombie,3,Newbie,6,0.5,180,480,480,GeneralCNPPZombie_Freedom_Stormtrooper,0,1
DLC1,CNPPWildForest,Zombie,3,Newbie,6,0.5,180,480,480,GeneralCNPPZombie_Freedom_Sniper,0,1
DLC1,CNPPWildForest,Zombie,3,Newbie,6,0.5,180,480,480,GeneralCNPPZombie_Duty_CloseCombat,0,1
DLC1,CNPPWildForest,Zombie,3,Newbie,6,0.5,180,480,480,GeneralCNPPZombie_Duty_Recon,0,1
DLC1,CNPPWildForest,Zombie,3,Newbie,6,0.5,180,480,480,GeneralCNPPZombie_Duty_Stormtrooper,0,1
DLC1,CNPPWildForest,Zombie,3,Newbie,6,0.5,180,480,480,GeneralCNPPZombie_Duty_Sniper,0,1
DLC1,CNPPWildForest,Zombie,3,Newbie,6,0.5,180,480,480,GeneralCNPPZombie_Duty_Heavy,0,1
DLC1,CNPPWildForest,Zombie,3,Experienced,8,0.5,180,480,480,GeneralCNPPZombie_Bandit_CloseCombat,0,1
DLC1,CNPPWildForest,Zombie,3,Experienced,8,0.5,180,480,480,GeneralCNPPZombie_Bandit_Recon,0,1
DLC1,CNPPWildForest,Zombie,3,Experienced,8,0.5,180,480,480,GeneralCNPPZombie_Bandit_Stormtrooper,0,1
DLC1,CNPPWildForest,Zombie,3,Experienced,8,0.5,180,480,480,GeneralCNPPZombie_Bandit_Heavy,0,1
DLC1,CNPPWildForest,Zombie,3,Experienced,8,0.5,180,480,480,GeneralCNPPZombie_Neutral_CloseCombat,0,1
DLC1,CNPPWildForest,Zombie,3,Experienced,8,0.5,180,480,480,GeneralCNPPZombie_Neutral_Recon,0,1
DLC1,CNPPWildForest,Zombie,3,Experienced,8,0.5,180,480,480,GeneralCNPPZombie_Neutral_Stormtrooper,0,1
DLC1,CNPPWildForest,Zombie,3,Experienced,8,0.5,180,480,480,GeneralCNPPZombie_Neutral_Sniper,0,1
DLC1,CNPPWildForest,Zombie,3,Experienced,8,0.5,180,480,480,GeneralCNPPZombie_Corpus_CloseCombat,0,1
DLC1,CNPPWildForest,Zombie,3,Experienced,8,0.5,180,480,480,GeneralCNPPZombie_Corpus_Recon,0,1
DLC1,CNPPWildForest,Zombie,3,Experienced,8,0.5,180,480,480,GeneralCNPPZombie_Corpus_Stormtrooper,0,1
DLC1,CNPPWildForest,Zombie,3,Experienced,8,0.5,180,480,480,GeneralCNPPZombie_Corpus_Sniper,0,1
DLC1,CNPPWildForest,Zombie,3,Experienced,8,0.5,180,480,480,GeneralCNPPZombie_Corpus_Heavy,0,1
DLC1,CNPPWildForest,Zombie,3,Experienced,8,0.5,180,480,480,GeneralCNPPZombie_Freedom_CloseCombat,0,1
DLC1,CNPPWildForest,Zombie,3,Experienced,8,0.5,180,480,480,GeneralCNPPZombie_Freedom_Recon,0,1
DLC1,CNPPWildForest,Zombie,3,Experienced,8,0.5,180,480,480,GeneralCNPPZombie_Freedom_Stormtrooper,0,1
DLC1,CNPPWildForest,Zombie,3,Experienced,8,0.5,180,480,480,GeneralCNPPZombie_Freedom_Sniper,0,1
DLC1,CNPPWildForest,Zombie,3,Experienced,8,0.5,180,480,480,GeneralCNPPZombie_Duty_CloseCombat,0,1
DLC1,CNPPWildForest,Zombie,3,Experienced,8,0.5,180,480,480,GeneralCNPPZombie_Duty_Recon,0,1
DLC1,CNPPWildForest,Zombie,3,Experienced,8,0.5,180,480,480,GeneralCNPPZombie_Duty_Stormtrooper,0,1
DLC1,CNPPWildForest,Zombie,3,Experienced,8,0.5,180,480,480,GeneralCNPPZombie_Duty_Sniper,0,1
DLC1,CNPPWildForest,Zombie,3,Experienced,8,0.5,180,480,480,GeneralCNPPZombie_Duty_Heavy,0,1
DLC1,CNPPWildForest,Zombie,3,Veteran,10,0.5,180,480,480,GeneralCNPPZombie_Bandit_CloseCombat,0,1
DLC1,CNPPWildForest,Zombie,3,Veteran,10,0.5,180,480,480,GeneralCNPPZombie_Bandit_Recon,0,1
DLC1,CNPPWildForest,Zombie,3,Veteran,10,0.5,180,480,480,GeneralCNPPZombie_Bandit_Stormtrooper,0,1
DLC1,CNPPWildForest,Zombie,3,Veteran,10,0.5,180,480,480,GeneralCNPPZombie_Bandit_Heavy,0,1
DLC1,CNPPWildForest,Zombie,3,Veteran,10,0.5,180,480,480,GeneralCNPPZombie_Neutral_CloseCombat,0,1
DLC1,CNPPWildForest,Zombie,3,Veteran,10,0.5,180,480,480,GeneralCNPPZombie_Neutral_Recon,0,1
DLC1,CNPPWildForest,Zombie,3,Veteran,10,0.5,180,480,480,GeneralCNPPZombie_Neutral_Stormtrooper,0,1
DLC1,CNPPWildForest,Zombie,3,Veteran,10,0.5,180,480,480,GeneralCNPPZombie_Neutral_Sniper,0,1
DLC1,CNPPWildForest,Zombie,3,Veteran,10,0.5,180,480,480,GeneralCNPPZombie_Corpus_CloseCombat,0,1
DLC1,CNPPWildForest,Zombie,3,Veteran,10,0.5,180,480,480,GeneralCNPPZombie_Corpus_Recon,0,1
DLC1,CNPPWildForest,Zombie,3,Veteran,10,0.5,180,480,480,GeneralCNPPZombie_Corpus_Stormtrooper,0,1
DLC1,CNPPWildForest,Zombie,3,Veteran,10,0.5,180,480,480,GeneralCNPPZombie_Corpus_Sniper,0,1
DLC1,CNPPWildForest,Zombie,3,Veteran,10,0.5,180,480,480,GeneralCNPPZombie_Corpus_Heavy,0,1
DLC1,CNPPWildForest,Zombie,3,Veteran,10,0.5,180,480,480,GeneralCNPPZombie_Freedom_CloseCombat,0,1
DLC1,CNPPWildForest,Zombie,3,Veteran,10,0.5,180,480,480,GeneralCNPPZombie_Freedom_Recon,0,1
DLC1,CNPPWildForest,Zombie,3,Veteran,10,0.5,180,480,480,GeneralCNPPZombie_Freedom_Stormtrooper,0,1
DLC1,CNPPWildForest,Zombie,3,Veteran,10,0.5,180,480,480,GeneralCNPPZombie_Freedom_Sniper,0,1
DLC1,CNPPWildForest,Zombie,3,Veteran,10,0.5,180,480,480,GeneralCNPPZombie_Duty_CloseCombat,0,1
DLC1,CNPPWildForest,Zombie,3,Veteran,10,0.5,180,480,480,GeneralCNPPZombie_Duty_Recon,0,1
DLC1,CNPPWildForest,Zombie,3,Veteran,10,0.5,180,480,480,GeneralCNPPZombie_Duty_Stormtrooper,0,1
DLC1,CNPPWildForest,Zombie,3,Veteran,10,0.5,180,480,480,GeneralCNPPZombie_Duty_Sniper,0,1
DLC1,CNPPWildForest,Zombie,3,Veteran,10,0.5,180,480,480,GeneralCNPPZombie_Duty_Heavy,0,1
DLC1,CNPPWildForest,Zombie,3,Master,10,0.5,180,480,480,GeneralCNPPZombie_Bandit_CloseCombat,0,1
DLC1,CNPPWildForest,Zombie,3,Master,10,0.5,180,480,480,GeneralCNPPZombie_Bandit_Recon,0,1
DLC1,CNPPWildForest,Zombie,3,Master,10,0.5,180,480,480,GeneralCNPPZombie_Bandit_Stormtrooper,0,1
DLC1,CNPPWildForest,Zombie,3,Master,10,0.5,180,480,480,GeneralCNPPZombie_Bandit_Heavy,0,1
DLC1,CNPPWildForest,Zombie,3,Master,10,0.5,180,480,480,GeneralCNPPZombie_Neutral_CloseCombat,0,1
DLC1,CNPPWildForest,Zombie,3,Master,10,0.5,180,480,480,GeneralCNPPZombie_Neutral_Recon,0,1
DLC1,CNPPWildForest,Zombie,3,Master,10,0.5,180,480,480,GeneralCNPPZombie_Neutral_Stormtrooper,0,1
DLC1,CNPPWildForest,Zombie,3,Master,10,0.5,180,480,480,GeneralCNPPZombie_Neutral_Sniper,0,1
DLC1,CNPPWildForest,Zombie,3,Master,10,0.5,180,480,480,GeneralCNPPZombie_Corpus_CloseCombat,0,1
DLC1,CNPPWildForest,Zombie,3,Master,10,0.5,180,480,480,GeneralCNPPZombie_Corpus_Recon,0,1
DLC1,CNPPWildForest,Zombie,3,Master,10,0.5,180,480,480,GeneralCNPPZombie_Corpus_Stormtrooper,0,1
DLC1,CNPPWildForest,Zombie,3,Master,10,0.5,180,480,480,GeneralCNPPZombie_Corpus_Sniper,0,1
DLC1,CNPPWildForest,Zombie,3,Master,10,0.5,180,480,480,GeneralCNPPZombie_Corpus_Heavy,0,1
DLC1,CNPPWildForest,Zombie,3,Master,10,0.5,180,480,480,GeneralCNPPZombie_Freedom_CloseCombat,0,1
DLC1,CNPPWildForest,Zombie,3,Master,10,0.5,180,480,480,GeneralCNPPZombie_Freedom_Recon,0,1
DLC1,CNPPWildForest,Zombie,3,Master,10,0.5,180,480,480,GeneralCNPPZombie_Freedom_Stormtrooper,0,1
DLC1,CNPPWildForest,Zombie,3,Master,10,0.5,180,480,480,GeneralCNPPZombie_Freedom_Sniper,0,1
DLC1,CNPPWildForest,Zombie,3,Master,10,0.5,180,480,480,GeneralCNPPZombie_Duty_CloseCombat,0,1
DLC1,CNPPWildForest,Zombie,3,Master,10,0.5,180,480,480,GeneralCNPPZombie_Duty_Recon,0,1
DLC1,CNPPWildForest,Zombie,3,Master,10,0.5,180,480,480,GeneralCNPPZombie_Duty_Stormtrooper,0,1
DLC1,CNPPWildForest,Zombie,3,Master,10,0.5,180,480,480,GeneralCNPPZombie_Duty_Sniper,0,1
DLC1,CNPPWildForest,Zombie,3,Master,10,0.5,180,480,480,GeneralCNPPZombie_Duty_Heavy,0,1
DLC1,CNPPWildForest,Pseudodog,3,Newbie,1,1,180,480,480,PseudoDog,1,1
DLC1,CNPPWildForest,Pseudodog,3,Experienced,1,1,180,480,480,PseudoDog,1,1
DLC1,CNPPWildForest,Pseudodog,3,Veteran,2,0.5,180,480,480,PseudoDog,1,1
DLC1,CNPPWildForest,Pseudodog,3,Master,2,0.5,180,480,480,PseudoDog,1,1
DLC1,CNPPWildForest,Bayun,3,Newbie,2,0.5,180,480,480,Bayun,1,1
DLC1,CNPPWildForest,Bayun,3,Experienced,2,0.5,180,480,480,Bayun,1,1
DLC1,CNPPWildForest,Bayun,3,Veteran,3,0.5,180,480,480,Bayun,1,1
DLC1,CNPPWildForest,Bayun,3,Master,4,0.5,180,480,480,Bayun,1,1
DLC1,CNPPWildForest,Tushkan,3,Newbie,14,0.5,180,480,480,Tushkan,1,1
DLC1,CNPPWildForest,Tushkan,3,Experienced,16,0.5,180,480,480,Tushkan,1,1
DLC1,CNPPWildForest,Tushkan,3,Veteran,20,0.5,180,480,480,Tushkan,1,1
DLC1,CNPPWildForest,Tushkan,3,Master,24,0.5,180,480,480,Tushkan,1,1
DLC1,Object68,Object68,3,Newbie,1,0.5,180,480,480,Object68,1,1
DLC1,Object68,Object68,3,Experienced,1,0.5,180,480,480,Object68,1,1
DLC1,Object68,Object68,3,Veteran,1,0.5,180,480,480,Object68,1,1
DLC1,Object68,Object68,3,Master,1,0.5,180,480,480,Object68,1,1
