Source,File,NodeSID,QuestSID,NodeType,ConditionType,EventType,TargetQuestGuid,TargetLairPlaceholder,FactionWarPlaceholder,Faction,PresetName,Activate,ForceDespawn,ConnectionCount,TargetResolvedIn,TargetLevelName,AllOtherFields
Base,GameLite/GameData/QuestNodePrototypes/ANCQ01.cfg,ANCQ01_Protect_BP_EQ118_DeadbodyHvorost,ANCQ01,ProtectLairNPCSquadItem,,,3ACE3E9E4E342EF7541BA09BA6E8997B,,,,,,,1,GameLite/GameData/SpawnActorPrototypes/WorldMap_WP/SmallZone_ANC_LogicLevel_WP/3ACE3E9E4E342EF7541BA09BA6E8997B.cfg,WorldMap_WP/SmallZone_ANC_LogicLevel_WP,NodePrototypeVersion=1
Base,GameLite/GameData/QuestNodePrototypes/ANCQ01_P.cfg,ANCQ01_P_Protect_SpawnObject_HvorostContainer,ANCQ01_P,ProtectLairNPCSquadItem,,,A236619F41D95105C8E3E7AED855058D,,,,,,,2,GameLite/GameData/SpawnActorPrototypes/WorldMap_WP/SmallZone_ANC_LogicLevel_WP/A236619F41D95105C8E3E7AED855058D.cfg,WorldMap_WP/SmallZone_ANC_LogicLevel_WP,NodePrototypeVersion=1
Base,GameLite/GameData/QuestNodePrototypes/ANCQ02.cfg,ANCQ02_Protect_ANCQ02_DeadLeshyi,ANCQ02,ProtectLairNPCSquadItem,,,E016BB8445651B2001B9D8A0CCB31CA4,,,,,,,1,GameLite/GameData/SpawnActorPrototypes/WorldMap_WP/SmallZone_ANC_LogicLevel_WP/E016BB8445651B2001B9D8A0CCB31CA4.cfg,WorldMap_WP/SmallZone_ANC_LogicLevel_WP,NodePrototypeVersion=1
Base,GameLite/GameData/QuestNodePrototypes/ANCQ03_P.cfg,ANCQ03_P_ToggleLairActivity,ANCQ03_P,ToggleLairActivity,,,38475DEF4B3BF46D9FF46296B3EC08F0,,,,,true,false,1,GameLite/GameData/SpawnActorPrototypes/WorldMap_WP/38475DEF4B3BF46D9FF46296B3EC08F0.cfg,WorldMap_WP,NodePrototypeVersion=1
Base,GameLite/GameData/QuestNodePrototypes/ANCQ03_P.cfg,ANCQ03_P_ToggleLairActivity_1,ANCQ03_P,ToggleLairActivity,,,38475DEF4B3BF46D9FF46296B3EC08F0,,,,,false,true,1,GameLite/GameData/SpawnActorPrototypes/WorldMap_WP/38475DEF4B3BF46D9FF46296B3EC08F0.cfg,WorldMap_WP,NodePrototypeVersion=1
Base,GameLite/GameData/QuestNodePrototypes/ANCQ04.cfg,ANCQ04_Protect_BP_ANCQ04_DeadbodyLokot,ANCQ04,ProtectLairNPCSquadItem,,,A27441074958EC684144698A9B3C604B,,,,,,,1,GameLite/GameData/SpawnActorPrototypes/WorldMap_WP/SmallZone_ANC_LogicLevel_WP/A27441074958EC684144698A9B3C604B.cfg,WorldMap_WP/SmallZone_ANC_LogicLevel_WP,NodePrototypeVersion=1
Base,GameLite/GameData/QuestNodePrototypes/ANCQ06.cfg,ANCQ06_Protect_BP_VAdyaPDA,ANCQ06,ProtectLairNPCSquadItem,,,167CB69744BF44EB98673186520484C5,,,,,,,1,GameLite/GameData/SpawnActorPrototypes/WorldMap_WP/SmallZone_ANC_LogicLevel_WP/167CB69744BF44EB98673186520484C5.cfg,WorldMap_WP/SmallZone_ANC_LogicLevel_WP,
Base,GameLite/GameData/QuestNodePrototypes/ANCQ06_P.cfg,ANCQ06_P_ProtectLairNPCSquadItem_BP_ItemPlaceholder_ANCQ06_Medkit,ANCQ06_P,ProtectLairNPCSquadItem,,,07C137B849FA083F9C2A1EA0C903A349,,,,,,,1,GameLite/GameData/SpawnActorPrototypes/WorldMap_WP/SmallZone_ANC_LogicLevel_WP/07C137B849FA083F9C2A1EA0C903A349.cfg,WorldMap_WP/SmallZone_ANC_LogicLevel_WP,
Base,GameLite/GameData/QuestNodePrototypes/ANCQ07.cfg,ANCQ07_Protect_BP_ANCQ04_DeadbodyRyabina,ANCQ07,ProtectLairNPCSquadItem,,,35C1C7CD4B32BD6547928B974292B841,,,,,,,1,GameLite/GameData/SpawnActorPrototypes/WorldMap_WP/SmallZone_ANC_LogicLevel_WP/35C1C7CD4B32BD6547928B974292B841.cfg,WorldMap_WP/SmallZone_ANC_LogicLevel_WP,
Base,GameLite/GameData/QuestNodePrototypes/ANCQ08.cfg,ANCQ08_Protect_BP_FishermanNote,ANCQ08,ProtectLairNPCSquadItem,,,996DFBF8499DAAD0F2D4969FCC92ACFC,,,,,,,1,GameLite/GameData/SpawnActorPrototypes/WorldMap_WP/SmallZone_ANC_LogicLevel_WP/996DFBF8499DAAD0F2D4969FCC92ACFC.cfg,WorldMap_WP/SmallZone_ANC_LogicLevel_WP,
Base,GameLite/GameData/QuestNodePrototypes/ANCQ10.cfg,ANCQ10_Protect_BP_Item_ANCQ10_MedicNote,ANCQ10,ProtectLairNPCSquadItem,,,58BC957C49CA3FCC70A9AB812F37EFE3,,,,,,,1,GameLite/GameData/SpawnActorPrototypes/WorldMap_WP/SmallZone_ANC_LogicLevel_WP/58BC957C49CA3FCC70A9AB812F37EFE3.cfg,WorldMap_WP/SmallZone_ANC_LogicLevel_WP,
Base,GameLite/GameData/QuestNodePrototypes/ANCQ12.cfg,ANCQ12_Protect_BP_ANCQ12Note,ANCQ12,ProtectLairNPCSquadItem,,,A6C489F04C6D96DE196607BF8318C4EC,,,,,,,1,GameLite/GameData/SpawnActorPrototypes/WorldMap_WP/SmallZone_ANC_LogicLevel_WP/A6C489F04C6D96DE196607BF8318C4EC.cfg,WorldMap_WP/SmallZone_ANC_LogicLevel_WP,
Base,GameLite/GameData/QuestNodePrototypes/ANCQ13.cfg,ANCQ13_Protect_BP_ANCQ13_PDA,ANCQ13,ProtectLairNPCSquadItem,,,68D4F4484A12C0490E36B6B3157C2B67,,,,,,,1,GameLite/GameData/SpawnActorPrototypes/WorldMap_WP/SmallZone_ANC_LogicLevel_WP/68D4F4484A12C0490E36B6B3157C2B67.cfg,WorldMap_WP/SmallZone_ANC_LogicLevel_WP,
Base,GameLite/GameData/QuestNodePrototypes/ANCQ15.cfg,ANCQ15_Protect_BP_ANCQ15_DeadbodyGrusha,ANCQ15,ProtectLairNPCSquadItem,,,FBB0CE6E440935863EA517846956EDEF,,,,,,,1,GameLite/GameData/SpawnActorPrototypes/WorldMap_WP/Garbage_ANC_LogicLevel_WP/FBB0CE6E440935863EA517846956EDEF.cfg,WorldMap_WP/Garbage_ANC_LogicLevel_WP,
Base,GameLite/GameData/QuestNodePrototypes/ANCQ16.cfg,ANCQ16_Protect_BP_ANCQ16_Deadbody,ANCQ16,ProtectLairNPCSquadItem,,,B2BBDD4D4A50BB6874FD32837A8F79AE,,,,,,,1,GameLite/GameData/SpawnActorPrototypes/WorldMap_WP/Garbage_ANC_LogicLevel_WP/B2BBDD4D4A50BB6874FD32837A8F79AE.cfg,WorldMap_WP/Garbage_ANC_LogicLevel_WP,
Base,GameLite/GameData/QuestNodePrototypes/ANCQ17.cfg,ANCQ17_Protect_BP_ANCQ12Note,ANCQ17,ProtectLairNPCSquadItem,,,95C6358B4CB330455D3767BEC50B6E15,,,,,,,1,GameLite/GameData/SpawnActorPrototypes/WorldMap_WP/Garbage_ANC_LogicLevel_WP/95C6358B4CB330455D3767BEC50B6E15.cfg,WorldMap_WP/Garbage_ANC_LogicLevel_WP,
Base,GameLite/GameData/QuestNodePrototypes/ANCQ18.cfg,ANCQ18_Protect_BP_IOUNote,ANCQ18,ProtectLairNPCSquadItem,,,04F08E684E0B8ADD68CEEAA47D2716B0,,,,,,,1,GameLite/GameData/SpawnActorPrototypes/WorldMap_WP/Garbage_ANC_LogicLevel_WP/04F08E684E0B8ADD68CEEAA47D2716B0.cfg,WorldMap_WP/Garbage_ANC_LogicLevel_WP,NodePrototypeVersion=1
Base,GameLite/GameData/QuestNodePrototypes/ANCQ18.cfg,ANCQ18_Protect_BP_IOUNote_1,ANCQ18,ProtectLairNPCSquadItem,,,04F08E684E0B8ADD68CEEAA47D2716B0,,,,,,,1,GameLite/GameData/SpawnActorPrototypes/WorldMap_WP/Garbage_ANC_LogicLevel_WP/04F08E684E0B8ADD68CEEAA47D2716B0.cfg,WorldMap_WP/Garbage_ANC_LogicLevel_WP,NodePrototypeVersion=1
Base,GameLite/GameData/QuestNodePrototypes/ANCQ19.cfg,ANCQ19_Protect_BP_BanditDiary,ANCQ19,ProtectLairNPCSquadItem,,,CE730B7048FE0075762EB58E9C2D48BB,,,,,,,1,GameLite/GameData/SpawnActorPrototypes/WorldMap_WP/Garbage_ANC_LogicLevel_WP/CE730B7048FE0075762EB58E9C2D48BB.cfg,WorldMap_WP/Garbage_ANC_LogicLevel_WP,NodePrototypeVersion=1
Base,GameLite/GameData/QuestNodePrototypes/ANCQ20.cfg,ANCQ20_Protect_BP_FishermanNote,ANCQ20,ProtectLairNPCSquadItem,,,6D10A7974C4BAC8412B3889980E6D2FE,,,,,,,1,GameLite/GameData/SpawnActorPrototypes/WorldMap_WP/Swamp_ANC_LogicLevel_WP/6D10A7974C4BAC8412B3889980E6D2FE.cfg,WorldMap_WP/Swamp_ANC_LogicLevel_WP,
Base,GameLite/GameData/QuestNodePrototypes/ANCQ21.cfg,ANCQ21_Protect_BP_FishermanNote,ANCQ21,ProtectLairNPCSquadItem,,,0507F5AA44B27D2EE3B20E9FEE86AE18,,,,,,,1,GameLite/GameData/SpawnActorPrototypes/WorldMap_WP/Swamp_ANC_LogicLevel_WP/0507F5AA44B27D2EE3B20E9FEE86AE18.cfg,WorldMap_WP/Swamp_ANC_LogicLevel_WP,
Base,GameLite/GameData/QuestNodePrototypes/ANCQ22.cfg,ANCQ22_Protect_BP_FishermanNote,ANCQ22,ProtectLairNPCSquadItem,,,B3036D914F08EB9D19E2AAAC762058A4,,,,,,,1,GameLite/GameData/SpawnActorPrototypes/WorldMap_WP/Swamp_ANC_LogicLevel_WP/B3036D914F08EB9D19E2AAAC762058A4.cfg,WorldMap_WP/Swamp_ANC_LogicLevel_WP,
Base,GameLite/GameData/QuestNodePrototypes/ANCQ23.cfg,ANCQ23_Protect_BP_ANCQ04_DeadbodyAtas,ANCQ23,ProtectLairNPCSquadItem,,,89B99360489E31D46C45B7AA8103ADBC,,,,,,,1,GameLite/GameData/SpawnActorPrototypes/WorldMap_WP/Swamp_ANC_LogicLevel_WP/89B99360489E31D46C45B7AA8103ADBC.cfg,WorldMap_WP/Swamp_ANC_LogicLevel_WP,
Base,GameLite/GameData/QuestNodePrototypes/ANCQ23.cfg,ANCQ23_Protect_BP_ANCQ04_DeadbodyBandit,ANCQ23,ProtectLairNPCSquadItem,,,F856F0C441521B358E0F9A9F3CF25C1A,,,,,,,1,GameLite/GameData/SpawnActorPrototypes/WorldMap_WP/Swamp_ANC_LogicLevel_WP/F856F0C441521B358E0F9A9F3CF25C1A.cfg,WorldMap_WP/Swamp_ANC_LogicLevel_WP,
Base,GameLite/GameData/QuestNodePrototypes/ANCQ23_P.cfg,ANCQ23_P_Protect_Container,ANCQ23_P,ProtectLairNPCSquadItem,,,D1B574E34119FE39771C768E067FE464,,,,,,,1,GameLite/GameData/SpawnActorPrototypes/WorldMap_WP/Swamp_ANC_LogicLevel_WP/D1B574E34119FE39771C768E067FE464.cfg,WorldMap_WP/Swamp_ANC_LogicLevel_WP,NodePrototypeVersion=1
Base,GameLite/GameData/QuestNodePrototypes/ANCQ23_P.cfg,ANCQ23_P_Protect_Container_1,ANCQ23_P,ProtectLairNPCSquadItem,,,D1B574E34119FE39771C768E067FE464,,,,,,,1,GameLite/GameData/SpawnActorPrototypes/WorldMap_WP/Swamp_ANC_LogicLevel_WP/D1B574E34119FE39771C768E067FE464.cfg,WorldMap_WP/Swamp_ANC_LogicLevel_WP,NodePrototypeVersion=1
Base,GameLite/GameData/QuestNodePrototypes/Arch_L.cfg,Arch_L_ToggleLairActivity_MonolithKPP_Activate,Arch_L,ToggleLairActivity,,,E3ED3E794153D5400AD27B946FAF9935,,,,,true,false,4,GameLite/GameData/SpawnActorPrototypes/WorldMap_WP/E3ED3E794153D5400AD27B946FAF9935.cfg,WorldMap_WP,NodePrototypeVersion=1
Base,GameLite/GameData/QuestNodePrototypes/Arch_L.cfg,Arch_L_ToggleLairActivity_MonolithKPP_Despawn,Arch_L,ToggleLairActivity,,,E3ED3E794153D5400AD27B946FAF9935,,,,,false,true,2,GameLite/GameData/SpawnActorPrototypes/WorldMap_WP/E3ED3E794153D5400AD27B946FAF9935.cfg,WorldMap_WP,NodePrototypeVersion=1
Base,GameLite/GameData/QuestNodePrototypes/Arch_L.cfg,Arch_L_ToggleLairActivity_TechCheckpoint_Monolith_Activate,Arch_L,ToggleLairActivity,,,49CD0BF24993202ED81B07A7BBDC98C3,,,,,true,false,2,GameLite/GameData/SpawnActorPrototypes/WorldMap_WP/49CD0BF24993202ED81B07A7BBDC98C3.cfg,WorldMap_WP,NodePrototypeVersion=1
Base,GameLite/GameData/QuestNodePrototypes/Arch_L.cfg,Arch_L_ToggleLairActivity_TechCheckpoint_Monolith_Activate_2,Arch_L,ToggleLairActivity,,,49CD0BF24993202ED81B07A7BBDC98C3,,,,,true,false,4,GameLite/GameData/SpawnActorPrototypes/WorldMap_WP/49CD0BF24993202ED81B07A7BBDC98C3.cfg,WorldMap_WP,NodePrototypeVersion=1
Base,GameLite/GameData/QuestNodePrototypes/Arch_L.cfg,Arch_L_ToggleLairActivity_TechCheckpoint_Monolith_Despawn,Arch_L,ToggleLairActivity,,,49CD0BF24993202ED81B07A7BBDC98C3,,,,,false,true,2,GameLite/GameData/SpawnActorPrototypes/WorldMap_WP/49CD0BF24993202ED81B07A7BBDC98C3.cfg,WorldMap_WP,NodePrototypeVersion=1
Base,GameLite/GameData/QuestNodePrototypes/Arch_L.cfg,Arch_L_ToggleLairActivity_TechCheckpoint_Monolith_Despawn_1,Arch_L,ToggleLairActivity,,,49CD0BF24993202ED81B07A7BBDC98C3,,,,,false,true,1,GameLite/GameData/SpawnActorPrototypes/WorldMap_WP/49CD0BF24993202ED81B07A7BBDC98C3.cfg,WorldMap_WP,NodePrototypeVersion=2
Base,GameLite/GameData/QuestNodePrototypes/Arch_L_Assault_E08.cfg,Arch_L_Assault_E08_ToggleLairActivity_KPPCollectorMercenaries,Arch_L_Assault_E08,ToggleLairActivity,,,2F317C7F4EE900D188B590B2737EF8BF,,,,,true,false,1,GameLite/GameData/SpawnActorPrototypes/WorldMap_WP/2F317C7F4EE900D188B590B2737EF8BF.cfg,WorldMap_WP,NodePrototypeVersion=1
Base,GameLite/GameData/QuestNodePrototypes/Arch_L_Assault_E08.cfg,Arch_L_Assault_E08_ToggleLairActivity_SubstationNeutrals,Arch_L_Assault_E08,ToggleLairActivity,,,D47543EA446926ADDECF219F511756DD,,,,,true,false,1,GameLite/GameData/SpawnActorPrototypes/WorldMap_WP/D47543EA446926ADDECF219F511756DD.cfg,WorldMap_WP,NodePrototypeVersion=1
Base,GameLite/GameData/QuestNodePrototypes/Arch_L_Assault_E08.cfg,Arch_L_Assault_E08_ToggleLairActivity_VehiclePark_Bandits,Arch_L_Assault_E08,ToggleLairActivity,,,C2350A4840B46F1A36917CBEFA8FD69C,,,,,true,false,1,GameLite/GameData/SpawnActorPrototypes/WorldMap_WP/C2350A4840B46F1A36917CBEFA8FD69C.cfg,WorldMap_WP,NodePrototypeVersion=1
Base,GameLite/GameData/QuestNodePrototypes/Benchmark_combat.cfg,Benchmark_combat_ToggleLairActivity_BlindDogs_OldMill,Benchmark_combat,ToggleLairActivity,,,D308D20B427AA0AD32E220B53B58B68F,,,,,false,true,1,GameLite/GameData/SpawnActorPrototypes/WorldMap_WP/D308D20B427AA0AD32E220B53B58B68F.cfg,WorldMap_WP,
Base,GameLite/GameData/QuestNodePrototypes/Benchmark_combat.cfg,Benchmark_combat_ToggleLairActivity_Bloodsucker_OldMill,Benchmark_combat,ToggleLairActivity,,,8D8284A749DA6099B2CC42B171F61449,,,,,false,true,1,GameLite/GameData/SpawnActorPrototypes/WorldMap_WP/8D8284A749DA6099B2CC42B171F61449.cfg,WorldMap_WP,
Base,GameLite/GameData/QuestNodePrototypes/Benchmark_combat.cfg,Benchmark_combat_ToggleLairActivity_Military_EastCPP,Benchmark_combat,ToggleLairActivity,,,F64E5FD14276B7683A39EEB75DC3E0A2,,,,,false,false,1,GameLite/GameData/SpawnActorPrototypes/WorldMap_WP/F64E5FD14276B7683A39EEB75DC3E0A2.cfg,WorldMap_WP,
Base,GameLite/GameData/QuestNodePrototypes/Benchmark_combat.cfg,Benchmark_combat_ToggleLairActivity_Military_SphereCentralCPP,Benchmark_combat,ToggleLairActivity,,,6DC693184D37EE5A421176A86C9A7632,,,,,false,true,1,GameLite/GameData/SpawnActorPrototypes/WorldMap_WP/6DC693184D37EE5A421176A86C9A7632.cfg,WorldMap_WP,
Base,GameLite/GameData/QuestNodePrototypes/BurntForest_L.cfg,BurntForest_L_ToggleLairActivity,BurntForest_L,ToggleLairActivity,,,FAFCC2754658C28E5CF2B990372CFC05,,,,,false,false,2,GameLite/GameData/SpawnActorPrototypes/WorldMap_WP/FAFCC2754658C28E5CF2B990372CFC05.cfg,WorldMap_WP,NodePrototypeVersion=1
Base,GameLite/GameData/QuestNodePrototypes/CrookedPeninsula_SQ_L.cfg,CrookedPeninsula_SQ_L_ToggleLairActivity,CrookedPeninsula_SQ_L,ToggleLairActivity,,,0893E37C4F9DF6E4F20AD5BC1A943E1E,,,,,false,true,2,GameLite/GameData/SpawnActorPrototypes/WorldMap_WP/0893E37C4F9DF6E4F20AD5BC1A943E1E.cfg,WorldMap_WP,NodePrototypeVersion=2
Base,GameLite/GameData/QuestNodePrototypes/CrookedPeninsula_SQ_L.cfg,CrookedPeninsula_SQ_L_ToggleLairActivity_1,CrookedPeninsula_SQ_L,ToggleLairActivity,,,26610D404D4A2A692C01B0919C501948,,,,,true,false,2,GameLite/GameData/SpawnActorPrototypes/WorldMap_WP/26610D404D4A2A692C01B0919C501948.cfg,WorldMap_WP,NodePrototypeVersion=2
Base,GameLite/GameData/QuestNodePrototypes/CrookedPeninsula_SQ_L.cfg,CrookedPeninsula_SQ_L_ToggleLairActivity_2,CrookedPeninsula_SQ_L,ToggleLairActivity,,,26610D404D4A2A692C01B0919C501948,,,,,false,true,1,GameLite/GameData/SpawnActorPrototypes/WorldMap_WP/26610D404D4A2A692C01B0919C501948.cfg,WorldMap_WP,NodePrototypeVersion=1
Base,GameLite/GameData/QuestNodePrototypes/DESPAWN.cfg,DESPAWN_LAIR,DESPAWN,SpawnLair,,,02040B2E4C65A2F6FF29D7AD9062EEAF,,,,,,,2,,,IgnoreDamageType=EIgnoreDamageType::None;SpawnHidden=false;SpawnNodeExcludeType=ESpawnNodeExcludeType::SeamlessDespawn
Base,GameLite/GameData/QuestNodePrototypes/E02_MQ01.cfg,E02_MQ01_ToggleLairActivity_BlindDog,E02_MQ01,ToggleLairActivity,,,174301794E4193B676D05D872DD4B6D2,,,,,true,false,1,GameLite/GameData/SpawnActorPrototypes/WorldMap_WP/174301794E4193B676D05D872DD4B6D2.cfg,WorldMap_WP,NodePrototypeVersion=1
Base,GameLite/GameData/QuestNodePrototypes/E02_MQ01.cfg,E02_MQ01_ToggleLairActivity_Flesh,E02_MQ01,ToggleLairActivity,,,DC7BC0254FFDFF5B9D02069E9F7EE919,,,,,true,false,1,GameLite/GameData/SpawnActorPrototypes/WorldMap_WP/DC7BC0254FFDFF5B9D02069E9F7EE919.cfg,WorldMap_WP,NodePrototypeVersion=1
Base,GameLite/GameData/QuestNodePrototypes/E02_MQ02.cfg,E02_MQ02_ToggleLairActivity_BlindDogLair,E02_MQ02,ToggleLairActivity,,,D308D20B427AA0AD32E220B53B58B68F,,,,,true,false,1,GameLite/GameData/SpawnActorPrototypes/WorldMap_WP/D308D20B427AA0AD32E220B53B58B68F.cfg,WorldMap_WP,NodePrototypeVersion=1
Base,GameLite/GameData/QuestNodePrototypes/E02_MQ02.cfg,E02_MQ02_ToggleLairActivity_BloodsuckerCave,E02_MQ02,ToggleLairActivity,,,8D8284A749DA6099B2CC42B171F61449,,,,,true,false,1,GameLite/GameData/SpawnActorPrototypes/WorldMap_WP/8D8284A749DA6099B2CC42B171F61449.cfg,WorldMap_WP,NodePrototypeVersion=1
Base,GameLite/GameData/QuestNodePrototypes/E02_MQ02_C03.cfg,E02_MQ02_C03_ToggleLairActivity_BlindDogLair,E02_MQ02_C03,ToggleLairActivity,,,D308D20B427AA0AD32E220B53B58B68F,,,,,false,true,0,GameLite/GameData/SpawnActorPrototypes/WorldMap_WP/D308D20B427AA0AD32E220B53B58B68F.cfg,WorldMap_WP,NodePrototypeVersion=1;Launchers=
Base,GameLite/GameData/QuestNodePrototypes/E02_MQ02_C03.cfg,E02_MQ02_C03_ToggleLairActivity_BloodsuckerCave,E02_MQ02_C03,ToggleLairActivity,,,8D8284A749DA6099B2CC42B171F61449,,,,,false,true,1,GameLite/GameData/SpawnActorPrototypes/WorldMap_WP/8D8284A749DA6099B2CC42B171F61449.cfg,WorldMap_WP,NodePrototypeVersion=1
Base,GameLite/GameData/QuestNodePrototypes/E02_MQ02_C03.cfg,E02_MQ02_C03_ToggleLairActivity_BloodsuckerCave_1,E02_MQ02_C03,ToggleLairActivity,,,8D8284A749DA6099B2CC42B171F61449,,,,,false,true,1,GameLite/GameData/SpawnActorPrototypes/WorldMap_WP/8D8284A749DA6099B2CC42B171F61449.cfg,WorldMap_WP,NodePrototypeVersion=1
Base,GameLite/GameData/QuestNodePrototypes/E02_MQ03_C05.cfg,E02_MQ03_C05_ToggleLairActivity_RibsPolter,E02_MQ03_C05,ToggleLairActivity,,,A8CD98FB4ECC4296836B32B6EE4CADBE,,,,,true,false,2,GameLite/GameData/SpawnActorPrototypes/WorldMap_WP/A8CD98FB4ECC4296836B32B6EE4CADBE.cfg,WorldMap_WP,NodePrototypeVersion=1
Base,GameLite/GameData/QuestNodePrototypes/E02_MQ03_C05.cfg,E02_MQ03_C05_ToggleLairActivity_UndergroundRats,E02_MQ03_C05,ToggleLairActivity,,,51AC03C6484AD7875F437B9D566DD079,,,,,true,false,1,GameLite/GameData/SpawnActorPrototypes/WorldMap_WP/51AC03C6484AD7875F437B9D566DD079.cfg,WorldMap_WP,NodePrototypeVersion=1
Base,GameLite/GameData/QuestNodePrototypes/E02_MQ03_C05.cfg,E02_MQ03_C05_ToggleLairActivity_UndergroundRats2,E02_MQ03_C05,ToggleLairActivity,,,98C2B6624A9395BC5FB135B586BF8EB5,,,,,true,false,1,GameLite/GameData/SpawnActorPrototypes/WorldMap_WP/98C2B6624A9395BC5FB135B586BF8EB5.cfg,WorldMap_WP,NodePrototypeVersion=1
Base,GameLite/GameData/QuestNodePrototypes/E02_SQ01.cfg,E02_SQ01_ToggleLairActivity_Bandits,E02_SQ01,ToggleLairActivity,,,C6CCCC7048E6BA3199554BB09101A1DF,,,,,false,false,3,GameLite/GameData/SpawnActorPrototypes/WorldMap_WP/C6CCCC7048E6BA3199554BB09101A1DF.cfg,WorldMap_WP,NodePrototypeVersion=1
Base,GameLite/GameData/QuestNodePrototypes/E02_SQ01.cfg,E02_SQ01_ToggleLairActivity_EnableBandits,E02_SQ01,ToggleLairActivity,,,C6CCCC7048E6BA3199554BB09101A1DF,,,,,true,false,4,GameLite/GameData/SpawnActorPrototypes/WorldMap_WP/C6CCCC7048E6BA3199554BB09101A1DF.cfg,WorldMap_WP,NodePrototypeVersion=1
Base,GameLite/GameData/QuestNodePrototypes/E02_SQ01.cfg,E02_SQ01_ToggleLairActivity_EnableStalkers,E02_SQ01,ToggleLairActivity,,,9ED4DF7942E397934D69D796EFCB2B0D,,,,,true,false,4,GameLite/GameData/SpawnActorPrototypes/WorldMap_WP/9ED4DF7942E397934D69D796EFCB2B0D.cfg,WorldMap_WP,NodePrototypeVersion=1
Base,GameLite/GameData/QuestNodePrototypes/E02_SQ01.cfg,E02_SQ01_ToggleLairActivity_Stalkers,E02_SQ01,ToggleLairActivity,,,9ED4DF7942E397934D69D796EFCB2B0D,,,,,true,false,3,GameLite/GameData/SpawnActorPrototypes/WorldMap_WP/9ED4DF7942E397934D69D796EFCB2B0D.cfg,WorldMap_WP,NodePrototypeVersion=1
Base,GameLite/GameData/QuestNodePrototypes/E03_MQ01.cfg,E03_MQ01_ToggleLairActivity_DepoVarta_Activate,E03_MQ01,ToggleLairActivity,,,426CD3964862052EE08179A5DB041859,,,,,true,false,2,GameLite/GameData/SpawnActorPrototypes/WorldMap_WP/426CD3964862052EE08179A5DB041859.cfg,WorldMap_WP,NodePrototypeVersion=1
Base,GameLite/GameData/QuestNodePrototypes/E03_MQ01.cfg,E03_MQ01_ToggleLairActivity_Depo_Bandit_Deactivate,E03_MQ01,ToggleLairActivity,,,F4B0122C474BAA578B22CF89EB800E0B,,,,,false,true,1,GameLite/GameData/SpawnActorPrototypes/WorldMap_WP/F4B0122C474BAA578B22CF89EB800E0B.cfg,WorldMap_WP,NodePrototypeVersion=1
Base,GameLite/GameData/QuestNodePrototypes/E03_MQ01.cfg,E03_MQ01_ToggleLairActivity_Depo_Ward_Activate,E03_MQ01,ToggleLairActivity,,,426CD3964862052EE08179A5DB041859,,,,,true,false,1,GameLite/GameData/SpawnActorPrototypes/WorldMap_WP/426CD3964862052EE08179A5DB041859.cfg,WorldMap_WP,NodePrototypeVersion=1
Base,GameLite/GameData/QuestNodePrototypes/E03_MQ01.cfg,E03_MQ01_ToggleLairActivity_Outpost_Activate,E03_MQ01,ToggleLairActivity,,,AA8D02E24242784DF2B8FFB268D997E1,,,,,true,false,1,,,NodePrototypeVersion=1
Base,GameLite/GameData/QuestNodePrototypes/E03_MQ01.cfg,E03_MQ01_ToggleLairActivity_Wards_Outpost_Activate,E03_MQ01,ToggleLairActivity,,,AA8D02E24242784DF2B8FFB268D997E1,,,,,true,false,1,,,NodePrototypeVersion=1
Base,GameLite/GameData/QuestNodePrototypes/E03_MQ01.cfg,E03_MQ01_ToggleLairActivity_Wards_Outpost_Deactivate,E03_MQ01,ToggleLairActivity,,,AA8D02E24242784DF2B8FFB268D997E1,,,,,false,true,1,,,NodePrototypeVersion=1
Base,GameLite/GameData/QuestNodePrototypes/E03_MQ02.cfg,E03_MQ02_ToggleLairActivity_Isolator,E03_MQ02,ToggleLairActivity,,,F976F1F74D7BEB25F02A989A833767C5,,,,,false,true,1,,,NodePrototypeVersion=1
Base,GameLite/GameData/QuestNodePrototypes/E03_MQ02.cfg,E03_MQ02_ToggleLairActivity_Isolator_1,E03_MQ02,ToggleLairActivity,,,F976F1F74D7BEB25F02A989A833767C5,,,,,true,false,2,,,NodePrototypeVersion=3
Base,GameLite/GameData/QuestNodePrototypes/E03_MQ02.cfg,E03_MQ02_ToggleLairActivity_Isolator_2,E03_MQ02,ToggleLairActivity,,,F976F1F74D7BEB25F02A989A833767C5,,,,,true,false,2,,,NodePrototypeVersion=2
Base,GameLite/GameData/QuestNodePrototypes/E03_MQ02.cfg,E03_MQ02_ToggleLairActivity_OldFactory_Neutral,E03_MQ02,ToggleLairActivity,,,C78B5F4B4F599F319839D5BDAA271845,,,,,false,true,1,,,NodePrototypeVersion=1
Base,GameLite/GameData/QuestNodePrototypes/E03_MQ02.cfg,E03_MQ02_ToggleLairActivity_OldFactory_Neutral_1,E03_MQ02,ToggleLairActivity,,,C78B5F4B4F599F319839D5BDAA271845,,,,,true,false,2,,,NodePrototypeVersion=3
Base,GameLite/GameData/QuestNodePrototypes/E03_MQ02.cfg,E03_MQ02_ToggleLairActivity_OldFactory_Neutral_2,E03_MQ02,ToggleLairActivity,,,C78B5F4B4F599F319839D5BDAA271845,,,,,true,false,2,,,NodePrototypeVersion=2
Base,GameLite/GameData/QuestNodePrototypes/E03_MQ02.cfg,E03_MQ02_ToggleLairActivity_OldFactory_Ward,E03_MQ02,ToggleLairActivity,,,B5D4C3B74242E8219335EE9CC7C58B92,,,,,false,true,1,GameLite/GameData/SpawnActorPrototypes/WorldMap_WP/B5D4C3B74242E8219335EE9CC7C58B92.cfg,WorldMap_WP,NodePrototypeVersion=1
Base,GameLite/GameData/QuestNodePrototypes/E03_MQ02.cfg,E03_MQ02_ToggleLairActivity_OldFactory_Ward_1,E03_MQ02,ToggleLairActivity,,,B5D4C3B74242E8219335EE9CC7C58B92,,,,,true,false,2,GameLite/GameData/SpawnActorPrototypes/WorldMap_WP/B5D4C3B74242E8219335EE9CC7C58B92.cfg,WorldMap_WP,NodePrototypeVersion=3
Base,GameLite/GameData/QuestNodePrototypes/E03_MQ02_P.cfg,E03_MQ02_P_ToggleLairActivity_Isolator_1,E03_MQ02_P,ToggleLairActivity,,,F976F1F74D7BEB25F02A989A833767C5,,,,,true,false,1,,,NodePrototypeVersion=1
Base,GameLite/GameData/QuestNodePrototypes/E03_MQ02_P.cfg,E03_MQ02_P_ToggleLairActivity_Isolator_2,E03_MQ02_P,ToggleLairActivity,,,F976F1F74D7BEB25F02A989A833767C5,,,,,true,false,1,,,NodePrototypeVersion=1
Base,GameLite/GameData/QuestNodePrototypes/E03_MQ02_P.cfg,E03_MQ02_P_ToggleLairActivity_OldFactory_Neutral_1,E03_MQ02_P,ToggleLairActivity,,,C78B5F4B4F599F319839D5BDAA271845,,,,,true,false,1,,,NodePrototypeVersion=1
Base,GameLite/GameData/QuestNodePrototypes/E03_MQ02_P.cfg,E03_MQ02_P_ToggleLairActivity_OldFactory_Neutral_2,E03_MQ02_P,ToggleLairActivity,,,C78B5F4B4F599F319839D5BDAA271845,,,,,true,false,1,,,NodePrototypeVersion=1
Base,GameLite/GameData/QuestNodePrototypes/E03_MQ02_P.cfg,E03_MQ02_P_ToggleLairActivity_OldFactory_Ward_1,E03_MQ02_P,ToggleLairActivity,,,B5D4C3B74242E8219335EE9CC7C58B92,,,,,true,false,1,GameLite/GameData/SpawnActorPrototypes/WorldMap_WP/B5D4C3B74242E8219335EE9CC7C58B92.cfg,WorldMap_WP,NodePrototypeVersion=1
Base,GameLite/GameData/QuestNodePrototypes/E03_MQ05_P.cfg,E03_MQ05_P_ToggleLairActivity_Excavation_Activate,E03_MQ05_P,ToggleLairActivity,,,93C773F44804620BD4811EB3A71ED5B0,,,,,true,false,1,GameLite/GameData/SpawnActorPrototypes/WorldMap_WP/93C773F44804620BD4811EB3A71ED5B0.cfg,WorldMap_WP,NodePrototypeVersion=1
Base,GameLite/GameData/QuestNodePrototypes/E03_MQ05_P.cfg,E03_MQ05_P_ToggleLairActivity_Excavation_Deactivate,E03_MQ05_P,ToggleLairActivity,,,93C773F44804620BD4811EB3A71ED5B0,,,,,false,true,1,GameLite/GameData/SpawnActorPrototypes/WorldMap_WP/93C773F44804620BD4811EB3A71ED5B0.cfg,WorldMap_WP,NodePrototypeVersion=1
Base,GameLite/GameData/QuestNodePrototypes/E03_MQ06_P.cfg,E03_MQ06_P_ToggleLairActivity_Sawmill_Activate,E03_MQ06_P,ToggleLairActivity,,,272C72854A6DA932FCF2F080DECA888A,,,,,true,false,1,,,NodePrototypeVersion=1
Base,GameLite/GameData/QuestNodePrototypes/E03_MQ06_P.cfg,E03_MQ06_P_ToggleLairActivity_Sawmill_Deactivate,E03_MQ06_P,ToggleLairActivity,,,272C72854A6DA932FCF2F080DECA888A,,,,,false,true,1,,,NodePrototypeVersion=1
Base,GameLite/GameData/QuestNodePrototypes/E04_MQ01_P.cfg,E04_MQ01_P_ToggleLairActivity,E04_MQ01_P,ToggleLairActivity,,,4926E9234F53D13036E3FD9C81611D0D,,,,,false,true,1,GameLite/GameData/SpawnActorPrototypes/WorldMap_WP/4926E9234F53D13036E3FD9C81611D0D.cfg,WorldMap_WP,NodePrototypeVersion=1
Base,GameLite/GameData/QuestNodePrototypes/E04_MQ01_P.cfg,E04_MQ01_P_ToggleLairActivity_1,E04_MQ01_P,ToggleLairActivity,,,409FCB2D4D81894F2A6B0499448E827B,,,,,false,true,1,GameLite/GameData/SpawnActorPrototypes/WorldMap_WP/409FCB2D4D81894F2A6B0499448E827B.cfg,WorldMap_WP,NodePrototypeVersion=1
Base,GameLite/GameData/QuestNodePrototypes/E04_MQ01_P.cfg,E04_MQ01_P_ToggleLairActivity_2,E04_MQ01_P,ToggleLairActivity,,,4926E9234F53D13036E3FD9C81611D0D,,,,,true,false,1,GameLite/GameData/SpawnActorPrototypes/WorldMap_WP/4926E9234F53D13036E3FD9C81611D0D.cfg,WorldMap_WP,NodePrototypeVersion=1
Base,GameLite/GameData/QuestNodePrototypes/E04_MQ01_P.cfg,E04_MQ01_P_ToggleLairActivity_3,E04_MQ01_P,ToggleLairActivity,,,409FCB2D4D81894F2A6B0499448E827B,,,,,true,false,1,GameLite/GameData/SpawnActorPrototypes/WorldMap_WP/409FCB2D4D81894F2A6B0499448E827B.cfg,WorldMap_WP,NodePrototypeVersion=1
Base,GameLite/GameData/QuestNodePrototypes/E04_MQ01_P.cfg,E04_MQ01_P_ToggleLairActivity_4,E04_MQ01_P,ToggleLairActivity,,,4926E9234F53D13036E3FD9C81611D0D,,,,,false,true,1,GameLite/GameData/SpawnActorPrototypes/WorldMap_WP/4926E9234F53D13036E3FD9C81611D0D.cfg,WorldMap_WP,NodePrototypeVersion=1
Base,GameLite/GameData/QuestNodePrototypes/E04_MQ01_P.cfg,E04_MQ01_P_ToggleLairActivity_5,E04_MQ01_P,ToggleLairActivity,,,409FCB2D4D81894F2A6B0499448E827B,,,,,false,true,1,GameLite/GameData/SpawnActorPrototypes/WorldMap_WP/409FCB2D4D81894F2A6B0499448E827B.cfg,WorldMap_WP,NodePrototypeVersion=1
Base,GameLite/GameData/QuestNodePrototypes/E04_MQ02.cfg,E04_MQ02_ToggleLairActivity,E04_MQ02,ToggleLairActivity,,,F61DB6E54CCB99E99DA2C4876D0F5244,,,,,false,true,1,,,NodePrototypeVersion=1
Base,GameLite/GameData/QuestNodePrototypes/E04_MQ02.cfg,E04_MQ02_ToggleLairActivity_1,E04_MQ02,ToggleLairActivity,,,F61DB6E54CCB99E99DA2C4876D0F5244,,,,,true,false,2,,,NodePrototypeVersion=1
Base,GameLite/GameData/QuestNodePrototypes/E05_EQ01.cfg,E05_EQ01_ToggleLairActivity,E05_EQ01,ToggleLairActivity,,,2D2922F543E89A08DCA05A9C0693A74B,,,,,false,true,1,GameLite/GameData/SpawnActorPrototypes/WorldMap_WP/2D2922F543E89A08DCA05A9C0693A74B.cfg,WorldMap_WP,NodePrototypeVersion=1
Base,GameLite/GameData/QuestNodePrototypes/E05_EQ01.cfg,E05_EQ01_ToggleLairActivity_1,E05_EQ01,ToggleLairActivity,,,2D2922F543E89A08DCA05A9C0693A74B,,,,,true,false,3,GameLite/GameData/SpawnActorPrototypes/WorldMap_WP/2D2922F543E89A08DCA05A9C0693A74B.cfg,WorldMap_WP,NodePrototypeVersion=1
Base,GameLite/GameData/QuestNodePrototypes/E05_EQ02.cfg,E05_EQ02_ToggleLairActivity,E05_EQ02,ToggleLairActivity,,,46C61A5E4E02DCB2C3CF67884D0C0013,,,,,false,true,0,GameLite/GameData/SpawnActorPrototypes/WorldMap_WP/46C61A5E4E02DCB2C3CF67884D0C0013.cfg,WorldMap_WP,NodePrototypeVersion=1;Launchers=
Base,GameLite/GameData/QuestNodePrototypes/E05_EQ02.cfg,E05_EQ02_ToggleLairActivity_STD127808,E05_EQ02,ToggleLairActivity,,,3085E7794D0A55A9281505B597C74ED1,,,,,false,true,2,GameLite/GameData/SpawnActorPrototypes/WorldMap_WP/3085E7794D0A55A9281505B597C74ED1.cfg,WorldMap_WP,NodePrototypeVersion=2
Base,GameLite/GameData/QuestNodePrototypes/E05_EQ03_P.cfg,E05_EQ03_P_ToggleLairActivity,E05_EQ03_P,ToggleLairActivity,,,525547394F934C385B04ECA9265E59B1,,,,,false,true,1,GameLite/GameData/SpawnActorPrototypes/WorldMap_WP/525547394F934C385B04ECA9265E59B1.cfg,WorldMap_WP,NodePrototypeVersion=1;BrokenGameDataFilter=EBrokenGameDataFilter::UnderDraftComment
Base,GameLite/GameData/QuestNodePrototypes/E05_EQ03_P.cfg,E05_EQ03_P_ToggleLairActivity_1,E05_EQ03_P,ToggleLairActivity,,,525547394F934C385B04ECA9265E59B1,,,,,true,false,1,GameLite/GameData/SpawnActorPrototypes/WorldMap_WP/525547394F934C385B04ECA9265E59B1.cfg,WorldMap_WP,NodePrototypeVersion=1
Base,GameLite/GameData/QuestNodePrototypes/E05_MQ02.cfg,E05_MQ02_ToggleLairActivity_snork_cave,E05_MQ02,ToggleLairActivity,,,4678A8A24CF1AAF843B150AEA4BE8554,,,,,false,true,1,GameLite/GameData/SpawnActorPrototypes/WorldMap_WP/4678A8A24CF1AAF843B150AEA4BE8554.cfg,WorldMap_WP,NodePrototypeVersion=1
Base,GameLite/GameData/QuestNodePrototypes/E05_MQ03.cfg,E05_MQ03_ToggleLairActivity_Cat_Church,E05_MQ03,ToggleLairActivity,,,C3E3F068493C3E7546E4B9A13A994E87,,,,,false,true,1,GameLite/GameData/SpawnActorPrototypes/WorldMap_WP/C3E3F068493C3E7546E4B9A13A994E87.cfg,WorldMap_WP,NodePrototypeVersion=1
Base,GameLite/GameData/QuestNodePrototypes/E05_MQ03.cfg,E05_MQ03_ToggleLairActivity_PumpStation_Zombie,E05_MQ03,ToggleLairActivity,,,20AFDF974D186AFBC106648F05AEC66D,,,,,false,true,1,GameLite/GameData/SpawnActorPrototypes/WorldMap_WP/20AFDF974D186AFBC106648F05AEC66D.cfg,WorldMap_WP,NodePrototypeVersion=1
Base,GameLite/GameData/QuestNodePrototypes/E05_SQ01_OWL.cfg,E05_SQ01_OWL_ToggleLairActivity,E05_SQ01_OWL,ToggleLairActivity,,,22B35B8444EABFDA4AFFF88B200D90DD,,,,,false,true,1,GameLite/GameData/SpawnActorPrototypes/WorldMap_WP/22B35B8444EABFDA4AFFF88B200D90DD.cfg,WorldMap_WP,NodePrototypeVersion=1
Base,GameLite/GameData/QuestNodePrototypes/E05_SQ01_OWL.cfg,E05_SQ01_OWL_ToggleLairActivity_1,E05_SQ01_OWL,ToggleLairActivity,,,22B35B8444EABFDA4AFFF88B200D90DD,,,,,true,false,1,GameLite/GameData/SpawnActorPrototypes/WorldMap_WP/22B35B8444EABFDA4AFFF88B200D90DD.cfg,WorldMap_WP,NodePrototypeVersion=1
Base,GameLite/GameData/QuestNodePrototypes/E07_EQ01_P.cfg,E07_EQ01_P_ToggleLairActivity,E07_EQ01_P,ToggleLairActivity,,,F64E5FD14276B7683A39EEB75DC3E0A2,,,,,false,true,2,GameLite/GameData/SpawnActorPrototypes/WorldMap_WP/F64E5FD14276B7683A39EEB75DC3E0A2.cfg,WorldMap_WP,NodePrototypeVersion=1;BrokenGameDataFilter=EBrokenGameDataFilter::UnderDraftComment
Base,GameLite/GameData/QuestNodePrototypes/E07_EQ01_P.cfg,E07_EQ01_P_ToggleLairActivity_1,E07_EQ01_P,ToggleLairActivity,,,F64E5FD14276B7683A39EEB75DC3E0A2,,,,,true,true,2,GameLite/GameData/SpawnActorPrototypes/WorldMap_WP/F64E5FD14276B7683A39EEB75DC3E0A2.cfg,WorldMap_WP,NodePrototypeVersion=1
Base,GameLite/GameData/QuestNodePrototypes/E07_EQ02_P.cfg,E07_EQ02_P_ToggleLairActivity,E07_EQ02_P,ToggleLairActivity,,,CCCEA3EA425A7AAF59C6A29A8CB0AB14,,,,,false,true,1,GameLite/GameData/SpawnActorPrototypes/WorldMap_WP/CCCEA3EA425A7AAF59C6A29A8CB0AB14.cfg,WorldMap_WP,NodePrototypeVersion=1
Base,GameLite/GameData/QuestNodePrototypes/E07_EQ02_P.cfg,E07_EQ02_P_ToggleLairActivity_1,E07_EQ02_P,ToggleLairActivity,,,CCCEA3EA425A7AAF59C6A29A8CB0AB14,,,,,true,false,1,GameLite/GameData/SpawnActorPrototypes/WorldMap_WP/CCCEA3EA425A7AAF59C6A29A8CB0AB14.cfg,WorldMap_WP,NodePrototypeVersion=1
Base,GameLite/GameData/QuestNodePrototypes/E07_MQ01.cfg,E07_MQ01_ToggleLairActivity_BP_LairSphere_TowerGuards,E07_MQ01,ToggleLairActivity,,,8675C44D445AE2F1EC9011B6D5F1DFE0,,,,,false,true,1,GameLite/GameData/SpawnActorPrototypes/WorldMap_WP/8675C44D445AE2F1EC9011B6D5F1DFE0.cfg,WorldMap_WP,NodePrototypeVersion=1
Base,GameLite/GameData/QuestNodePrototypes/E07_MQ01.cfg,E07_MQ01_ToggleLairActivity_BP_LairSphere_TowerGuards2,E07_MQ01,ToggleLairActivity,,,4F447BD742F2EF955B5E2F893FD10171,,,,,false,true,1,GameLite/GameData/SpawnActorPrototypes/WorldMap_WP/4F447BD742F2EF955B5E2F893FD10171.cfg,WorldMap_WP,NodePrototypeVersion=1
Base,GameLite/GameData/QuestNodePrototypes/E07_MQ01.cfg,E07_MQ01_ToggleLairActivity_BP_LairSphere_TowerGuards3,E07_MQ01,ToggleLairActivity,,,9D2697404AC27FADE1D5EDA653F72130,,,,,false,true,1,GameLite/GameData/SpawnActorPrototypes/WorldMap_WP/9D2697404AC27FADE1D5EDA653F72130.cfg,WorldMap_WP,NodePrototypeVersion=1
Base,GameLite/GameData/QuestNodePrototypes/E07_MQ01_C02.cfg,E07_MQ01_C02_ToggleLairActivity_CheckpointCentral_Military,E07_MQ01_C02,ToggleLairActivity,,,6DC693184D37EE5A421176A86C9A7632,,,,,false,true,1,GameLite/GameData/SpawnActorPrototypes/WorldMap_WP/6DC693184D37EE5A421176A86C9A7632.cfg,WorldMap_WP,NodePrototypeVersion=1
Base,GameLite/GameData/QuestNodePrototypes/E07_MQ01_C02.cfg,E07_MQ01_C02_ToggleLairActivity_CheckpointCentral_Monolith,E07_MQ01_C02,ToggleLairActivity,,,B91D2E4040F6F7DDB5981780D423FD7F,,,,,true,false,1,GameLite/GameData/SpawnActorPrototypes/WorldMap_WP/B91D2E4040F6F7DDB5981780D423FD7F.cfg,WorldMap_WP,NodePrototypeVersion=1
Base,GameLite/GameData/QuestNodePrototypes/E07_MQ01_C02.cfg,E07_MQ01_C02_ToggleLairActivity_CheckpointSouth_Military,E07_MQ01_C02,ToggleLairActivity,,,4C4E94C14C3C8E8531B2ACAFD1C0895F,,,,,false,true,1,GameLite/GameData/SpawnActorPrototypes/WorldMap_WP/4C4E94C14C3C8E8531B2ACAFD1C0895F.cfg,WorldMap_WP,NodePrototypeVersion=1
Base,GameLite/GameData/QuestNodePrototypes/E07_MQ01_C02.cfg,E07_MQ01_C02_ToggleLairActivity_CheckpointSouth_Monolith,E07_MQ01_C02,ToggleLairActivity,,,6DFDB9B843430F45F2FDA789838D051B,,,,,true,false,1,GameLite/GameData/SpawnActorPrototypes/WorldMap_WP/6DFDB9B843430F45F2FDA789838D051B.cfg,WorldMap_WP,NodePrototypeVersion=1
Base,GameLite/GameData/QuestNodePrototypes/E07_MQ01_C02.cfg,E07_MQ01_C02_ToggleLairActivity_SphereCentral_Military,E07_MQ01_C02,ToggleLairActivity,,,BABC5EE4455883647FF170B10AFF8318,,,,,false,true,1,GameLite/GameData/SpawnActorPrototypes/WorldMap_WP/BABC5EE4455883647FF170B10AFF8318.cfg,WorldMap_WP,NodePrototypeVersion=1
Base,GameLite/GameData/QuestNodePrototypes/E07_MQ01_C02.cfg,E07_MQ01_C02_ToggleLairActivity_SphereCentral_Monoloth,E07_MQ01_C02,ToggleLairActivity,,,33C4403A4552D4773CB5628EE6221964,,,,,true,false,1,GameLite/GameData/SpawnActorPrototypes/WorldMap_WP/33C4403A4552D4773CB5628EE6221964.cfg,WorldMap_WP,NodePrototypeVersion=1
Base,GameLite/GameData/QuestNodePrototypes/E07_MQ01_C02.cfg,E07_MQ01_C02_ToggleLairActivity_Under_Rats,E07_MQ01_C02,ToggleLairActivity,,,51AC03C6484AD7875F437B9D566DD079,,,,,false,false,1,GameLite/GameData/SpawnActorPrototypes/WorldMap_WP/51AC03C6484AD7875F437B9D566DD079.cfg,WorldMap_WP,NodePrototypeVersion=1
Base,GameLite/GameData/QuestNodePrototypes/E07_MQ01_C02.cfg,E07_MQ01_C02_ToggleLairActivity_Under_Rats_1,E07_MQ01_C02,ToggleLairActivity,,,51AC03C6484AD7875F437B9D566DD079,,,,,true,false,2,GameLite/GameData/SpawnActorPrototypes/WorldMap_WP/51AC03C6484AD7875F437B9D566DD079.cfg,WorldMap_WP,NodePrototypeVersion=1
Base,GameLite/GameData/QuestNodePrototypes/E07_MQ01_C02.cfg,E07_MQ01_C02_ToggleLairActivity_Under_Rats_2,E07_MQ01_C02,ToggleLairActivity,,,98C2B6624A9395BC5FB135B586BF8EB5,,,,,false,false,1,GameLite/GameData/SpawnActorPrototypes/WorldMap_WP/98C2B6624A9395BC5FB135B586BF8EB5.cfg,WorldMap_WP,NodePrototypeVersion=1
Base,GameLite/GameData/QuestNodePrototypes/E07_MQ01_C02.cfg,E07_MQ01_C02_ToggleLairActivity_Under_Rats_3,E07_MQ01_C02,ToggleLairActivity,,,98C2B6624A9395BC5FB135B586BF8EB5,,,,,true,false,2,GameLite/GameData/SpawnActorPrototypes/WorldMap_WP/98C2B6624A9395BC5FB135B586BF8EB5.cfg,WorldMap_WP,NodePrototypeVersion=1
Base,GameLite/GameData/QuestNodePrototypes/E07_MQ01_P.cfg,E07_MQ01_P_ToggleLairActivity_CheckpointCentral_Monolith,E07_MQ01_P,ToggleLairActivity,,,B91D2E4040F6F7DDB5981780D423FD7F,,,,,true,false,2,GameLite/GameData/SpawnActorPrototypes/WorldMap_WP/B91D2E4040F6F7DDB5981780D423FD7F.cfg,WorldMap_WP,NodePrototypeVersion=1
Base,GameLite/GameData/QuestNodePrototypes/E07_MQ01_P.cfg,E07_MQ01_P_ToggleLairActivity_CheckpointSouth_Monolith,E07_MQ01_P,ToggleLairActivity,,,6DFDB9B843430F45F2FDA789838D051B,,,,,true,false,2,GameLite/GameData/SpawnActorPrototypes/WorldMap_WP/6DFDB9B843430F45F2FDA789838D051B.cfg,WorldMap_WP,NodePrototypeVersion=1
Base,GameLite/GameData/QuestNodePrototypes/E07_MQ01_P.cfg,E07_MQ01_P_ToggleLairActivity_DugaLair_Off,E07_MQ01_P,ToggleLairActivity,,,E39DF67A4689CF1D058E299D830AD4A6,,,,,false,true,1,,,NodePrototypeVersion=1
Base,GameLite/GameData/QuestNodePrototypes/E07_MQ01_P.cfg,E07_MQ01_P_ToggleLairActivity_SphereCentral_Monoloth,E07_MQ01_P,ToggleLairActivity,,,33C4403A4552D4773CB5628EE6221964,,,,,true,false,2,GameLite/GameData/SpawnActorPrototypes/WorldMap_WP/33C4403A4552D4773CB5628EE6221964.cfg,WorldMap_WP,NodePrototypeVersion=1
Base,GameLite/GameData/QuestNodePrototypes/E07_MQ03.cfg,E07_MQ03_ToggleLairActivity,E07_MQ03,ToggleLairActivity,,,A062E59E46F9C6B6124082972137DACB,,,,,false,true,2,GameLite/GameData/SpawnActorPrototypes/WorldMap_WP/A062E59E46F9C6B6124082972137DACB.cfg,WorldMap_WP,NodePrototypeVersion=1
Base,GameLite/GameData/QuestNodePrototypes/E07_MQ03.cfg,E07_MQ03_ToggleLairActivity_1,E07_MQ03,ToggleLairActivity,,,A062E59E46F9C6B6124082972137DACB,,,,,true,false,2,GameLite/GameData/SpawnActorPrototypes/WorldMap_WP/A062E59E46F9C6B6124082972137DACB.cfg,WorldMap_WP,NodePrototypeVersion=1
Base,GameLite/GameData/QuestNodePrototypes/E07_MQ03.cfg,E07_MQ03_ToggleLairActivity_Rassvet,E07_MQ03,ToggleLairActivity,,,03E5FE234920CC59367D49BDC3DB9D10,,,,,false,true,2,,,NodePrototypeVersion=1
Base,GameLite/GameData/QuestNodePrototypes/E07_SQ01_KillHub.cfg,E07_SQ01_KillHub_ToggleLairActivity,E07_SQ01_KillHub,ToggleLairActivity,,,D0EA64D441AB2ADA2D2FA89F7F33DF1A,,,,,false,true,1,GameLite/GameData/SpawnActorPrototypes/WorldMap_WP/D0EA64D441AB2ADA2D2FA89F7F33DF1A.cfg,WorldMap_WP,NodePrototypeVersion=1
Base,GameLite/GameData/QuestNodePrototypes/E07_SQ01_KillHub.cfg,E07_SQ01_KillHub_ToggleLairActivity_1,E07_SQ01_KillHub,ToggleLairActivity,,,609C7B0B47B4419F1AE063B98BA152B3,,,,,false,true,1,GameLite/GameData/SpawnActorPrototypes/WorldMap_WP/609C7B0B47B4419F1AE063B98BA152B3.cfg,WorldMap_WP,NodePrototypeVersion=1
Base,GameLite/GameData/QuestNodePrototypes/E08_EQ01.cfg,E08_EQ01_Protect_BP_Squad_Bayun,E08_EQ01,ProtectLairNPCSquadItem,,,A63639104646CB41418819A125CA4B94,,,,,,,1,GameLite/GameData/SpawnActorPrototypes/WorldMap_WP/E08_EQ01_LogicLevel_WP/A63639104646CB41418819A125CA4B94.cfg,WorldMap_WP/E08_EQ01_LogicLevel_WP,NodePrototypeVersion=1
Base,GameLite/GameData/QuestNodePrototypes/E08_EQ01.cfg,E08_EQ01_Protect_BP_Squad_DolgovecDva,E08_EQ01,ProtectLairNPCSquadItem,,,C0517D404A20A066AE6B0CA6A7CC9294,,,,,,,1,GameLite/GameData/SpawnActorPrototypes/WorldMap_WP/E08_EQ01_LogicLevel_WP/C0517D404A20A066AE6B0CA6A7CC9294.cfg,WorldMap_WP/E08_EQ01_LogicLevel_WP,NodePrototypeVersion=1
Base,GameLite/GameData/QuestNodePrototypes/E08_EQ01.cfg,E08_EQ01_Protect_BP_Squad_DolgovecOne,E08_EQ01,ProtectLairNPCSquadItem,,,B496E30144EDEFEAF0DD0A90D81AFC84,,,,,,,1,GameLite/GameData/SpawnActorPrototypes/WorldMap_WP/E08_EQ01_LogicLevel_WP/B496E30144EDEFEAF0DD0A90D81AFC84.cfg,WorldMap_WP/E08_EQ01_LogicLevel_WP,NodePrototypeVersion=1
Base,GameLite/GameData/QuestNodePrototypes/E08_EQ01_P.cfg,E08_EQ01_P_ToggleLairActivity,E08_EQ01_P,ToggleLairActivity,,,5F1D6087486FF33FEB788D827FEE6E67,,,,,false,true,2,,,NodePrototypeVersion=1
Base,GameLite/GameData/QuestNodePrototypes/E08_EQ01_P.cfg,E08_EQ01_P_ToggleLairActivity_1,E08_EQ01_P,ToggleLairActivity,,,5F1D6087486FF33FEB788D827FEE6E67,,,,,true,false,1,,,NodePrototypeVersion=1
Base,GameLite/GameData/QuestNodePrototypes/E08_EQ02.cfg,E08_EQ02_Protect_Snork,E08_EQ02,ProtectLairNPCSquadItem,,,FCDD9A9E4CF941AFC368F1A8A709EBBC,,,,,,,1,GameLite/GameData/SpawnActorPrototypes/WorldMap_WP/E08_EQ02_LogicLevel_WP/FCDD9A9E4CF941AFC368F1A8A709EBBC.cfg,WorldMap_WP/E08_EQ02_LogicLevel_WP,NodePrototypeVersion=1
Base,GameLite/GameData/QuestNodePrototypes/E08_MQ01.cfg,E08_MQ01_ProtectLairNPCSquadItem_BP_NPCPlaceholder_E08_MQ01_Chimera,E08_MQ01,ProtectLairNPCSquadItem,,,5DFC415A4308825F3E7D2E8126133975,,,,,,,2,GameLite/GameData/SpawnActorPrototypes/WorldMap_WP/E08_MQ01_LogicLevel_WP/5DFC415A4308825F3E7D2E8126133975.cfg,WorldMap_WP/E08_MQ01_LogicLevel_WP,NodePrototypeVersion=1
Base,GameLite/GameData/QuestNodePrototypes/E08_MQ01.cfg,E08_MQ01_ToggleLairActivity_MirrorLair_Off,E08_MQ01,ToggleLairActivity,,,C00371B042D30D4F9CD481B59D1B30B5,,,,,false,false,1,GameLite/GameData/SpawnActorPrototypes/WorldMap_WP/C00371B042D30D4F9CD481B59D1B30B5.cfg,WorldMap_WP,NodePrototypeVersion=1
Base,GameLite/GameData/QuestNodePrototypes/E08_MQ01.cfg,E08_MQ01_ToggleLairActivity_MirrorLair_Off_1,E08_MQ01,ToggleLairActivity,,,6D043AED4DD707B599814CB3E5243237,,,,,false,false,1,GameLite/GameData/SpawnActorPrototypes/WorldMap_WP/6D043AED4DD707B599814CB3E5243237.cfg,WorldMap_WP,NodePrototypeVersion=1
Base,GameLite/GameData/QuestNodePrototypes/E08_MQ01.cfg,E08_MQ01_ToggleLairActivity_MirrorLair_Off_2,E08_MQ01,ToggleLairActivity,,,784DA5574B5DB53B4B737D952AC858A1,,,,,false,false,1,GameLite/GameData/SpawnActorPrototypes/WorldMap_WP/784DA5574B5DB53B4B737D952AC858A1.cfg,WorldMap_WP,NodePrototypeVersion=1
Base,GameLite/GameData/QuestNodePrototypes/E08_MQ01.cfg,E08_MQ01_ToggleLairActivity_MirrorLair_On,E08_MQ01,ToggleLairActivity,,,C00371B042D30D4F9CD481B59D1B30B5,,,,,true,false,1,GameLite/GameData/SpawnActorPrototypes/WorldMap_WP/C00371B042D30D4F9CD481B59D1B30B5.cfg,WorldMap_WP,NodePrototypeVersion=1
Base,GameLite/GameData/QuestNodePrototypes/E08_MQ01.cfg,E08_MQ01_ToggleLairActivity_MirrorLair_On_1,E08_MQ01,ToggleLairActivity,,,6D043AED4DD707B599814CB3E5243237,,,,,true,false,1,GameLite/GameData/SpawnActorPrototypes/WorldMap_WP/6D043AED4DD707B599814CB3E5243237.cfg,WorldMap_WP,NodePrototypeVersion=1
Base,GameLite/GameData/QuestNodePrototypes/E08_MQ01.cfg,E08_MQ01_ToggleLairActivity_MirrorLair_On_2,E08_MQ01,ToggleLairActivity,,,784DA5574B5DB53B4B737D952AC858A1,,,,,true,false,1,GameLite/GameData/SpawnActorPrototypes/WorldMap_WP/784DA5574B5DB53B4B737D952AC858A1.cfg,WorldMap_WP,NodePrototypeVersion=1
Base,GameLite/GameData/QuestNodePrototypes/E08_MQ03.cfg,E08_MQ03_ToggleLairActivity_AgropromPoltergeistActivate,E08_MQ03,ToggleLairActivity,,,FD1DD4AE4B2FA43200367B9687DF9E44,,,,,true,false,1,GameLite/GameData/SpawnActorPrototypes/WorldMap_WP/FD1DD4AE4B2FA43200367B9687DF9E44.cfg,WorldMap_WP,NodePrototypeVersion=1
Base,GameLite/GameData/QuestNodePrototypes/E08_MQ03.cfg,E08_MQ03_ToggleLairActivity_AgropromPoltergeistDespawn,E08_MQ03,ToggleLairActivity,,,FD1DD4AE4B2FA43200367B9687DF9E44,,,,,false,true,1,GameLite/GameData/SpawnActorPrototypes/WorldMap_WP/FD1DD4AE4B2FA43200367B9687DF9E44.cfg,WorldMap_WP,NodePrototypeVersion=1
Base,GameLite/GameData/QuestNodePrototypes/E08_MQ03_P.cfg,E08_MQ03_P_ToggleLairActivity_X5Bloodsucker_1,E08_MQ03_P,ToggleLairActivity,,,BC1FB04A4785A5B3C24E238096F572C2,,,,,true,false,1,GameLite/GameData/SpawnActorPrototypes/WorldMap_WP/BC1FB04A4785A5B3C24E238096F572C2.cfg,WorldMap_WP,NodePrototypeVersion=1
Base,GameLite/GameData/QuestNodePrototypes/E08_MQ03_P.cfg,E08_MQ03_P_ToggleLairActivity_X5Controller_1,E08_MQ03_P,ToggleLairActivity,,,454CCC294A55CF89CD7C19A1DF4D1DF3,,,,,true,false,1,GameLite/GameData/SpawnActorPrototypes/WorldMap_WP/454CCC294A55CF89CD7C19A1DF4D1DF3.cfg,WorldMap_WP,NodePrototypeVersion=1
Base,GameLite/GameData/QuestNodePrototypes/E08_MQ03_P.cfg,E08_MQ03_P_ToggleLairActivity_X5Zombies_1,E08_MQ03_P,ToggleLairActivity,,,6FC054094DC2D9E0BEFFDAA1D30A7AF6,,,,,true,false,1,GameLite/GameData/SpawnActorPrototypes/WorldMap_WP/6FC054094DC2D9E0BEFFDAA1D30A7AF6.cfg,WorldMap_WP,NodePrototypeVersion=1
Base,GameLite/GameData/QuestNodePrototypes/E08_MQ04.cfg,E08_MQ04_ToggleLairActivity,E08_MQ04,ToggleLairActivity,,,0750BF3143FBBA83E5EE3785A00240A3,,,,,false,true,1,,,NodePrototypeVersion=1
Base,GameLite/GameData/QuestNodePrototypes/E08_MQ04.cfg,E08_MQ04_ToggleLairActivity_1,E08_MQ04,ToggleLairActivity,,,48E361AE4D1F63D466726495835C46A0,,,,,false,true,1,GameLite/GameData/SpawnActorPrototypes/WorldMap_WP/48E361AE4D1F63D466726495835C46A0.cfg,WorldMap_WP,NodePrototypeVersion=1
Base,GameLite/GameData/QuestNodePrototypes/E08_MQ04.cfg,E08_MQ04_ToggleLairActivity_2,E08_MQ04,ToggleLairActivity,,,0750BF3143FBBA83E5EE3785A00240A3,,,,,true,false,1,,,NodePrototypeVersion=1
Base,GameLite/GameData/QuestNodePrototypes/E08_MQ04.cfg,E08_MQ04_ToggleLairActivity_3,E08_MQ04,ToggleLairActivity,,,48E361AE4D1F63D466726495835C46A0,,,,,true,false,1,GameLite/GameData/SpawnActorPrototypes/WorldMap_WP/48E361AE4D1F63D466726495835C46A0.cfg,WorldMap_WP,NodePrototypeVersion=1
Base,GameLite/GameData/QuestNodePrototypes/E08_SQ01_S2.cfg,E08_SQ01_S2_ToggleLairActivity_BloodiesHolm,E08_SQ01_S2,ToggleLairActivity,,,BFD9714049CB77BF9E7E1798C4CDA8BD,,,,,false,true,1,GameLite/GameData/SpawnActorPrototypes/WorldMap_WP/BFD9714049CB77BF9E7E1798C4CDA8BD.cfg,WorldMap_WP,NodePrototypeVersion=1
Base,GameLite/GameData/QuestNodePrototypes/E08_SQ01_S2.cfg,E08_SQ01_S2_ToggleLairActivity_BloodiesHolm_1,E08_SQ01_S2,ToggleLairActivity,,,BFD9714049CB77BF9E7E1798C4CDA8BD,,,,,true,false,2,GameLite/GameData/SpawnActorPrototypes/WorldMap_WP/BFD9714049CB77BF9E7E1798C4CDA8BD.cfg,WorldMap_WP,NodePrototypeVersion=1
Base,GameLite/GameData/QuestNodePrototypes/E08_SQ01_S2.cfg,E08_SQ01_S2_ToggleLairActivity_BloodiesHolm_2,E08_SQ01_S2,ToggleLairActivity,,,BFD9714049CB77BF9E7E1798C4CDA8BD,,,,,true,false,2,GameLite/GameData/SpawnActorPrototypes/WorldMap_WP/BFD9714049CB77BF9E7E1798C4CDA8BD.cfg,WorldMap_WP,NodePrototypeVersion=1
Base,GameLite/GameData/QuestNodePrototypes/E08_SQ01_S2.cfg,E08_SQ01_S2_ToggleLairActivity_Despawn,E08_SQ01_S2,ToggleLairActivity,,,5DF735EF497493E2BC1E3C99095A8438,,,,,false,true,1,GameLite/GameData/SpawnActorPrototypes/WorldMap_WP/5DF735EF497493E2BC1E3C99095A8438.cfg,WorldMap_WP,NodePrototypeVersion=1
Base,GameLite/GameData/QuestNodePrototypes/E08_SQ01_S2.cfg,E08_SQ01_S2_ToggleLairActivity_PolterFire,E08_SQ01_S2,ToggleLairActivity,,,5DF735EF497493E2BC1E3C99095A8438,,,,,true,false,3,GameLite/GameData/SpawnActorPrototypes/WorldMap_WP/5DF735EF497493E2BC1E3C99095A8438.cfg,WorldMap_WP,NodePrototypeVersion=1
Base,GameLite/GameData/QuestNodePrototypes/E08_SQ01_S2.cfg,E08_SQ01_S2_ToggleLairActivity_PolterToxic,E08_SQ01_S2,ToggleLairActivity,,,614AB750438F497B7429FABF371A57CD,,,,,true,false,2,GameLite/GameData/SpawnActorPrototypes/WorldMap_WP/614AB750438F497B7429FABF371A57CD.cfg,WorldMap_WP,NodePrototypeVersion=1
Base,GameLite/GameData/QuestNodePrototypes/E10_MQ01.cfg,E10_MQ01_ToggleLairActivity_Baza,E10_MQ01,ToggleLairActivity,,,EE23B385451AC26843B550BED32C3C94,,,,,false,true,1,GameLite/GameData/SpawnActorPrototypes/WorldMap_WP/EE23B385451AC26843B550BED32C3C94.cfg,WorldMap_WP,NodePrototypeVersion=1
Base,GameLite/GameData/QuestNodePrototypes/E10_MQ01.cfg,E10_MQ01_ToggleLairActivity_CemetaryLairOff,E10_MQ01,ToggleLairActivity,,,114278D747B026422ACB829D83C9470E,,,,,false,true,1,GameLite/GameData/SpawnActorPrototypes/WorldMap_WP/114278D747B026422ACB829D83C9470E.cfg,WorldMap_WP,NodePrototypeVersion=1
Base,GameLite/GameData/QuestNodePrototypes/E10_MQ01.cfg,E10_MQ01_ToggleLairActivity_CemetaryLairOn,E10_MQ01,ToggleLairActivity,,,114278D747B026422ACB829D83C9470E,,,,,true,false,2,GameLite/GameData/SpawnActorPrototypes/WorldMap_WP/114278D747B026422ACB829D83C9470E.cfg,WorldMap_WP,NodePrototypeVersion=1
Base,GameLite/GameData/QuestNodePrototypes/E10_MQ01.cfg,E10_MQ01_ToggleLairActivity_PoltergeistActivate,E10_MQ01,ToggleLairActivity,,,0361CC79417A46775573508D3D1375E8,,,,,true,false,2,GameLite/GameData/SpawnActorPrototypes/WorldMap_WP/0361CC79417A46775573508D3D1375E8.cfg,WorldMap_WP,NodePrototypeVersion=1
Base,GameLite/GameData/QuestNodePrototypes/E10_MQ01.cfg,E10_MQ01_ToggleLairActivity_PoltergeistForceDespawn,E10_MQ01,ToggleLairActivity,,,0361CC79417A46775573508D3D1375E8,,,,,false,true,1,GameLite/GameData/SpawnActorPrototypes/WorldMap_WP/0361CC79417A46775573508D3D1375E8.cfg,WorldMap_WP,NodePrototypeVersion=1
Base,GameLite/GameData/QuestNodePrototypes/E10_MQ01.cfg,E10_MQ01_ToggleLairActivity_VillageLairOff,E10_MQ01,ToggleLairActivity,,,A0548F7A42E7904AEE86EAA35C3F01B4,,,,,false,true,1,GameLite/GameData/SpawnActorPrototypes/WorldMap_WP/A0548F7A42E7904AEE86EAA35C3F01B4.cfg,WorldMap_WP,NodePrototypeVersion=1
Base,GameLite/GameData/QuestNodePrototypes/E10_MQ01.cfg,E10_MQ01_ToggleLairActivity_VillageLairOn_1,E10_MQ01,ToggleLairActivity,,,A0548F7A42E7904AEE86EAA35C3F01B4,,,,,true,false,1,GameLite/GameData/SpawnActorPrototypes/WorldMap_WP/A0548F7A42E7904AEE86EAA35C3F01B4.cfg,WorldMap_WP,NodePrototypeVersion=1
Base,GameLite/GameData/QuestNodePrototypes/E10_MQ01_P.cfg,E10_MQ01_P_ProtectLairNPCSquadItem_BP_NPC_Shershenj,E10_MQ01_P,ProtectLairNPCSquadItem,,,B36CE05D4567F6A609BAD8B3DE0285B8,,,,,,,3,GameLite/GameData/SpawnActorPrototypes/WorldMap_WP/E10_MQ01_LogicLevel_WP/B36CE05D4567F6A609BAD8B3DE0285B8.cfg,WorldMap_WP/E10_MQ01_LogicLevel_WP,NodePrototypeVersion=1
Base,GameLite/GameData/QuestNodePrototypes/E10_MQ02.cfg,E10_MQ02_ToggleLairActivity,E10_MQ02,ToggleLairActivity,,,87D947BE47D28B0015C84291C2195AF3,,,,,true,false,1,GameLite/GameData/SpawnActorPrototypes/WorldMap_WP/87D947BE47D28B0015C84291C2195AF3.cfg,WorldMap_WP,NodePrototypeVersion=1
Base,GameLite/GameData/QuestNodePrototypes/E10_MQ02.cfg,E10_MQ02_ToggleLairActivity_BurerDeactication,E10_MQ02,ToggleLairActivity,,,87D947BE47D28B0015C84291C2195AF3,,,,,false,true,1,GameLite/GameData/SpawnActorPrototypes/WorldMap_WP/87D947BE47D28B0015C84291C2195AF3.cfg,WorldMap_WP,NodePrototypeVersion=1
Base,GameLite/GameData/QuestNodePrototypes/E10_SQ01.cfg,E10_SQ01_ToggleLairActivity,E10_SQ01,ToggleLairActivity,,,68658F3E4408335A9DB2109FF0976530,,,,,false,false,1,GameLite/GameData/SpawnActorPrototypes/WorldMap_WP/68658F3E4408335A9DB2109FF0976530.cfg,WorldMap_WP,NodePrototypeVersion=1
Base,GameLite/GameData/QuestNodePrototypes/E10_SQ01.cfg,E10_SQ01_ToggleLairActivity_1,E10_SQ01,ToggleLairActivity,,,68658F3E4408335A9DB2109FF0976530,,,,,true,false,2,GameLite/GameData/SpawnActorPrototypes/WorldMap_WP/68658F3E4408335A9DB2109FF0976530.cfg,WorldMap_WP,NodePrototypeVersion=1
Base,GameLite/GameData/QuestNodePrototypes/E11_MQ01.cfg,E11_MQ01_ToggleLairActivity_ATP,E11_MQ01,ToggleLairActivity,,,6E8735524DE5856A3FAEB2B9AE53B2FA,,,,,true,false,1,GameLite/GameData/SpawnActorPrototypes/WorldMap_WP/6E8735524DE5856A3FAEB2B9AE53B2FA.cfg,WorldMap_WP,NodePrototypeVersion=1
Base,GameLite/GameData/QuestNodePrototypes/E11_MQ01.cfg,E11_MQ01_ToggleLairActivity_Bandits,E11_MQ01,ToggleLairActivity,,,6E8735524DE5856A3FAEB2B9AE53B2FA,,,,,false,true,1,GameLite/GameData/SpawnActorPrototypes/WorldMap_WP/6E8735524DE5856A3FAEB2B9AE53B2FA.cfg,WorldMap_WP,NodePrototypeVersion=1
Base,GameLite/GameData/QuestNodePrototypes/E11_MQ01.cfg,E11_MQ01_ToggleLairActivity_NeutralsInTheTunnel,E11_MQ01,ToggleLairActivity,,,3B03C50E4A23458179168C9A7CAAED03,,,,,false,true,1,GameLite/GameData/SpawnActorPrototypes/WorldMap_WP/3B03C50E4A23458179168C9A7CAAED03.cfg,WorldMap_WP,NodePrototypeVersion=1
Base,GameLite/GameData/QuestNodePrototypes/E11_MQ01.cfg,E11_MQ01_ToggleLairActivity_NeutralsInTheTunnel_1,E11_MQ01,ToggleLairActivity,,,3B03C50E4A23458179168C9A7CAAED03,,,,,false,true,1,GameLite/GameData/SpawnActorPrototypes/WorldMap_WP/3B03C50E4A23458179168C9A7CAAED03.cfg,WorldMap_WP,NodePrototypeVersion=1
Base,GameLite/GameData/QuestNodePrototypes/E11_MQ02.cfg,E11_MQ02_ToggleLairActivity,E11_MQ02,ToggleLairActivity,,,6420C9BA4A61CAC3139E609C0667E78C,,,,,false,true,1,GameLite/GameData/SpawnActorPrototypes/WorldMap_WP/6420C9BA4A61CAC3139E609C0667E78C.cfg,WorldMap_WP,NodePrototypeVersion=1
Base,GameLite/GameData/QuestNodePrototypes/E11_MQ02.cfg,E11_MQ02_ToggleLairActivity_1,E11_MQ02,ToggleLairActivity,,,A31A4C3D46392F0B51945286B2BB40CE,,,,,false,true,1,GameLite/GameData/SpawnActorPrototypes/WorldMap_WP/A31A4C3D46392F0B51945286B2BB40CE.cfg,WorldMap_WP,NodePrototypeVersion=1
Base,GameLite/GameData/QuestNodePrototypes/E11_MQ02.cfg,E11_MQ02_ToggleLairActivity_2,E11_MQ02,ToggleLairActivity,,,142664564FDF9A49B44AECAFDEEFDACF,,,,,false,true,1,GameLite/GameData/SpawnActorPrototypes/WorldMap_WP/142664564FDF9A49B44AECAFDEEFDACF.cfg,WorldMap_WP,NodePrototypeVersion=1
Base,GameLite/GameData/QuestNodePrototypes/E11_MQ02.cfg,E11_MQ02_ToggleLairActivity_3,E11_MQ02,ToggleLairActivity,,,6420C9BA4A61CAC3139E609C0667E78C,,,,,true,false,2,GameLite/GameData/SpawnActorPrototypes/WorldMap_WP/6420C9BA4A61CAC3139E609C0667E78C.cfg,WorldMap_WP,NodePrototypeVersion=1
Base,GameLite/GameData/QuestNodePrototypes/E11_MQ02.cfg,E11_MQ02_ToggleLairActivity_4,E11_MQ02,ToggleLairActivity,,,A31A4C3D46392F0B51945286B2BB40CE,,,,,true,false,2,GameLite/GameData/SpawnActorPrototypes/WorldMap_WP/A31A4C3D46392F0B51945286B2BB40CE.cfg,WorldMap_WP,NodePrototypeVersion=1
Base,GameLite/GameData/QuestNodePrototypes/E11_MQ02.cfg,E11_MQ02_ToggleLairActivity_5,E11_MQ02,ToggleLairActivity,,,142664564FDF9A49B44AECAFDEEFDACF,,,,,true,false,2,GameLite/GameData/SpawnActorPrototypes/WorldMap_WP/142664564FDF9A49B44AECAFDEEFDACF.cfg,WorldMap_WP,NodePrototypeVersion=1
Base,GameLite/GameData/QuestNodePrototypes/E11_MQ02.cfg,E11_MQ02_ToggleLairActivity_6,E11_MQ02,ToggleLairActivity,,,B5B3F0EB433D0ECBCACFE4805F169AF7,,,,,false,true,1,GameLite/GameData/SpawnActorPrototypes/WorldMap_WP/B5B3F0EB433D0ECBCACFE4805F169AF7.cfg,WorldMap_WP,NodePrototypeVersion=1
Base,GameLite/GameData/QuestNodePrototypes/E11_MQ02.cfg,E11_MQ02_ToggleLairActivity_7,E11_MQ02,ToggleLairActivity,,,B5B3F0EB433D0ECBCACFE4805F169AF7,,,,,true,false,0,GameLite/GameData/SpawnActorPrototypes/WorldMap_WP/B5B3F0EB433D0ECBCACFE4805F169AF7.cfg,WorldMap_WP,NodePrototypeVersion=1;Launchers=
Base,GameLite/GameData/QuestNodePrototypes/E11_MQ02.cfg,E11_MQ02_ToggleLairActivity_Rats,E11_MQ02,ToggleLairActivity,,,6420C9BA4A61CAC3139E609C0667E78C,,,,,false,true,1,GameLite/GameData/SpawnActorPrototypes/WorldMap_WP/6420C9BA4A61CAC3139E609C0667E78C.cfg,WorldMap_WP,NodePrototypeVersion=1
Base,GameLite/GameData/QuestNodePrototypes/E11_MQ02.cfg,E11_MQ02_ToggleLairActivity_Rats_1,E11_MQ02,ToggleLairActivity,,,6420C9BA4A61CAC3139E609C0667E78C,,,,,true,false,1,GameLite/GameData/SpawnActorPrototypes/WorldMap_WP/6420C9BA4A61CAC3139E609C0667E78C.cfg,WorldMap_WP,NodePrototypeVersion=1
Base,GameLite/GameData/QuestNodePrototypes/E11_MQ04.cfg,E11_MQ04_ToggleLairActivity,E11_MQ04,ToggleLairActivity,,,FF89FD2247597903F88A18ACF9B1F2A7,,,,,false,true,1,GameLite/GameData/SpawnActorPrototypes/WorldMap_WP/FF89FD2247597903F88A18ACF9B1F2A7.cfg,WorldMap_WP,NodePrototypeVersion=1
Base,GameLite/GameData/QuestNodePrototypes/E11_MQ04.cfg,E11_MQ04_ToggleLairActivity_1,E11_MQ04,ToggleLairActivity,,,2591190940E5F69D486BBA847A70E174,,,,,false,true,1,GameLite/GameData/SpawnActorPrototypes/WorldMap_WP/2591190940E5F69D486BBA847A70E174.cfg,WorldMap_WP,NodePrototypeVersion=1
Base,GameLite/GameData/QuestNodePrototypes/E11_MQ04.cfg,E11_MQ04_ToggleLairActivity_10,E11_MQ04,ToggleLairActivity,,,D99C208343B1DD8FFE1890A2BB09D49A,,,,,true,false,1,GameLite/GameData/SpawnActorPrototypes/WorldMap_WP/D99C208343B1DD8FFE1890A2BB09D49A.cfg,WorldMap_WP,NodePrototypeVersion=1
Base,GameLite/GameData/QuestNodePrototypes/E11_MQ04.cfg,E11_MQ04_ToggleLairActivity_11,E11_MQ04,ToggleLairActivity,,,5E56F1594C1BC31FFBFA8B9F1275CBA6,,,,,true,false,1,GameLite/GameData/SpawnActorPrototypes/WorldMap_WP/5E56F1594C1BC31FFBFA8B9F1275CBA6.cfg,WorldMap_WP,NodePrototypeVersion=1
Base,GameLite/GameData/QuestNodePrototypes/E11_MQ04.cfg,E11_MQ04_ToggleLairActivity_2,E11_MQ04,ToggleLairActivity,,,E547E7F04AB63D737C2AC2B3A321396F,,,,,false,true,1,GameLite/GameData/SpawnActorPrototypes/WorldMap_WP/E547E7F04AB63D737C2AC2B3A321396F.cfg,WorldMap_WP,NodePrototypeVersion=1
Base,GameLite/GameData/QuestNodePrototypes/E11_MQ04.cfg,E11_MQ04_ToggleLairActivity_3,E11_MQ04,ToggleLairActivity,,,68CDD5A04042043E33342A87282E1D22,,,,,false,true,1,GameLite/GameData/SpawnActorPrototypes/WorldMap_WP/68CDD5A04042043E33342A87282E1D22.cfg,WorldMap_WP,NodePrototypeVersion=1
Base,GameLite/GameData/QuestNodePrototypes/E11_MQ04.cfg,E11_MQ04_ToggleLairActivity_4,E11_MQ04,ToggleLairActivity,,,D99C208343B1DD8FFE1890A2BB09D49A,,,,,false,true,1,GameLite/GameData/SpawnActorPrototypes/WorldMap_WP/D99C208343B1DD8FFE1890A2BB09D49A.cfg,WorldMap_WP,NodePrototypeVersion=1
Base,GameLite/GameData/QuestNodePrototypes/E11_MQ04.cfg,E11_MQ04_ToggleLairActivity_5,E11_MQ04,ToggleLairActivity,,,FF89FD2247597903F88A18ACF9B1F2A7,,,,,true,false,1,GameLite/GameData/SpawnActorPrototypes/WorldMap_WP/FF89FD2247597903F88A18ACF9B1F2A7.cfg,WorldMap_WP,NodePrototypeVersion=1
Base,GameLite/GameData/QuestNodePrototypes/E11_MQ04.cfg,E11_MQ04_ToggleLairActivity_6,E11_MQ04,ToggleLairActivity,,,5E56F1594C1BC31FFBFA8B9F1275CBA6,,,,,false,true,1,GameLite/GameData/SpawnActorPrototypes/WorldMap_WP/5E56F1594C1BC31FFBFA8B9F1275CBA6.cfg,WorldMap_WP,NodePrototypeVersion=1
Base,GameLite/GameData/QuestNodePrototypes/E11_MQ04.cfg,E11_MQ04_ToggleLairActivity_7,E11_MQ04,ToggleLairActivity,,,2591190940E5F69D486BBA847A70E174,,,,,true,false,1,GameLite/GameData/SpawnActorPrototypes/WorldMap_WP/2591190940E5F69D486BBA847A70E174.cfg,WorldMap_WP,NodePrototypeVersion=1
Base,GameLite/GameData/QuestNodePrototypes/E11_MQ04.cfg,E11_MQ04_ToggleLairActivity_8,E11_MQ04,ToggleLairActivity,,,E547E7F04AB63D737C2AC2B3A321396F,,,,,true,false,1,GameLite/GameData/SpawnActorPrototypes/WorldMap_WP/E547E7F04AB63D737C2AC2B3A321396F.cfg,WorldMap_WP,NodePrototypeVersion=1
Base,GameLite/GameData/QuestNodePrototypes/E11_MQ04.cfg,E11_MQ04_ToggleLairActivity_9,E11_MQ04,ToggleLairActivity,,,68CDD5A04042043E33342A87282E1D22,,,,,true,false,1,GameLite/GameData/SpawnActorPrototypes/WorldMap_WP/68CDD5A04042043E33342A87282E1D22.cfg,WorldMap_WP,NodePrototypeVersion=1
Base,GameLite/GameData/QuestNodePrototypes/E12_MQ01.cfg,E12_MQ01_ToggleLairActivity_Snorks_cave_Activate,E12_MQ01,ToggleLairActivity,,,77230EE34D9F2B20975158BA9D18E531,,,,,true,false,1,GameLite/GameData/SpawnActorPrototypes/WorldMap_WP/77230EE34D9F2B20975158BA9D18E531.cfg,WorldMap_WP,NodePrototypeVersion=1
Base,GameLite/GameData/QuestNodePrototypes/E12_MQ01.cfg,E12_MQ01_ToggleLairActivity_Snorks_cave_ForceDespawn,E12_MQ01,ToggleLairActivity,,,77230EE34D9F2B20975158BA9D18E531,,,,,false,true,1,GameLite/GameData/SpawnActorPrototypes/WorldMap_WP/77230EE34D9F2B20975158BA9D18E531.cfg,WorldMap_WP,NodePrototypeVersion=1
Base,GameLite/GameData/QuestNodePrototypes/E12_MQ01_P.cfg,E12_MQ01_P_ToggleLairActivity_BunkerIskra_Activate,E12_MQ01_P,ToggleLairActivity,,,465126B7464A93A7F8C544A637EB3A2C,,,,,true,false,1,GameLite/GameData/SpawnActorPrototypes/WorldMap_WP/465126B7464A93A7F8C544A637EB3A2C.cfg,WorldMap_WP,NodePrototypeVersion=1
Base,GameLite/GameData/QuestNodePrototypes/E12_MQ01_P.cfg,E12_MQ01_P_ToggleLairActivity_BunkerIskra_Despawn,E12_MQ01_P,ToggleLairActivity,,,465126B7464A93A7F8C544A637EB3A2C,,,,,false,true,1,GameLite/GameData/SpawnActorPrototypes/WorldMap_WP/465126B7464A93A7F8C544A637EB3A2C.cfg,WorldMap_WP,NodePrototypeVersion=1
Base,GameLite/GameData/QuestNodePrototypes/E12_MQ01_P.cfg,E12_MQ01_P_ToggleLairActivity_MostNaLimansk_Activate,E12_MQ01_P,ToggleLairActivity,,,8539C3934101F02F8803BD984173C4AA,,,,,true,false,1,GameLite/GameData/SpawnActorPrototypes/WorldMap_WP/8539C3934101F02F8803BD984173C4AA.cfg,WorldMap_WP,NodePrototypeVersion=1
Base,GameLite/GameData/QuestNodePrototypes/E12_MQ01_P.cfg,E12_MQ01_P_ToggleLairActivity_MostNaLimansk_Despawn,E12_MQ01_P,ToggleLairActivity,,,8539C3934101F02F8803BD984173C4AA,,,,,false,true,1,GameLite/GameData/SpawnActorPrototypes/WorldMap_WP/8539C3934101F02F8803BD984173C4AA.cfg,WorldMap_WP,NodePrototypeVersion=1
Base,GameLite/GameData/QuestNodePrototypes/E12_MQ01_P.cfg,E12_MQ01_P_ToggleLairActivity_TunnelToLimansk_Activate,E12_MQ01_P,ToggleLairActivity,,,50D0916046BF34FBA633F28DAF5CD720,,,,,true,false,1,GameLite/GameData/SpawnActorPrototypes/WorldMap_WP/50D0916046BF34FBA633F28DAF5CD720.cfg,WorldMap_WP,NodePrototypeVersion=1
Base,GameLite/GameData/QuestNodePrototypes/E12_MQ01_P.cfg,E12_MQ01_P_ToggleLairActivity_TunnelToLimansk_Despawn,E12_MQ01_P,ToggleLairActivity,,,50D0916046BF34FBA633F28DAF5CD720,,,,,false,true,1,GameLite/GameData/SpawnActorPrototypes/WorldMap_WP/50D0916046BF34FBA633F28DAF5CD720.cfg,WorldMap_WP,NodePrototypeVersion=1
Base,GameLite/GameData/QuestNodePrototypes/E14_MQ02.cfg,E14_MQ02_ToggleLairActivity_Rats,E14_MQ02,ToggleLairActivity,,,A2C84D1C42168280627D57B49D36F37B,,,,,false,true,1,GameLite/GameData/SpawnActorPrototypes/WorldMap_WP/A2C84D1C42168280627D57B49D36F37B.cfg,WorldMap_WP,NodePrototypeVersion=1
Base,GameLite/GameData/QuestNodePrototypes/E14_MQ02_C01.cfg,E14_MQ02_C01_ToggleLairActivity_LairController,E14_MQ02_C01,ToggleLairActivity,,,FA82E53D4EBF62A6BEAA319530E4D758,,,,,false,true,1,GameLite/GameData/SpawnActorPrototypes/WorldMap_WP/FA82E53D4EBF62A6BEAA319530E4D758.cfg,WorldMap_WP,NodePrototypeVersion=1
Base,GameLite/GameData/QuestNodePrototypes/E14_MQ02_C01.cfg,E14_MQ02_C01_ToggleLairActivity_Pseudodogs,E14_MQ02_C01,ToggleLairActivity,,,44CB90874F04A85283A0F88DC0B7AEB4,,,,,false,true,1,GameLite/GameData/SpawnActorPrototypes/WorldMap_WP/44CB90874F04A85283A0F88DC0B7AEB4.cfg,WorldMap_WP,NodePrototypeVersion=1
Base,GameLite/GameData/QuestNodePrototypes/E14_MQ02_C01.cfg,E14_MQ02_C01_ToggleLairActivity_ZombieLair,E14_MQ02_C01,ToggleLairActivity,,,1B0002C64B8FFB23B28438B43E061BE1,,,,,false,true,1,,,NodePrototypeVersion=1
Base,GameLite/GameData/QuestNodePrototypes/E14_MQ02_C02.cfg,E14_MQ02_C02_ToggleLairActivity_DisableBloodsuckerLair,E14_MQ02_C02,ToggleLairActivity,,,3EC4A61444B4D728C7D0428B3ECD80C7,,,,,false,true,1,GameLite/GameData/SpawnActorPrototypes/WorldMap_WP/3EC4A61444B4D728C7D0428B3ECD80C7.cfg,WorldMap_WP,NodePrototypeVersion=1
Base,GameLite/GameData/QuestNodePrototypes/E15_MQ02.cfg,E15_MQ02_ToggleLairActivity_DeerLair,E15_MQ02,ToggleLairActivity,,,BCDDB24043994559606DB8A41F1B4E51,,,,,false,false,1,GameLite/GameData/SpawnActorPrototypes/WorldMap_WP/BCDDB24043994559606DB8A41F1B4E51.cfg,WorldMap_WP,NodePrototypeVersion=1
Base,GameLite/GameData/QuestNodePrototypes/E15_MQ02.cfg,E15_MQ02_ToggleLairActivity_WildField,E15_MQ02,ToggleLairActivity,,,F5FD0FB844861C72B29A44A4740839AD,,,,,false,false,1,GameLite/GameData/SpawnActorPrototypes/WorldMap_WP/F5FD0FB844861C72B29A44A4740839AD.cfg,WorldMap_WP,NodePrototypeVersion=1
Base,GameLite/GameData/QuestNodePrototypes/EQ04.cfg,EQ04_ToggleLairActivity,EQ04,ToggleLairActivity,,,9555BF804C0CEC396FDC688C4730F34A,,,,,false,true,1,GameLite/GameData/SpawnActorPrototypes/WorldMap_WP/9555BF804C0CEC396FDC688C4730F34A.cfg,WorldMap_WP,NodePrototypeVersion=1
Base,GameLite/GameData/QuestNodePrototypes/EQ04_P.cfg,EQ04_P_ToggleLairActivity,EQ04_P,ToggleLairActivity,,,9555BF804C0CEC396FDC688C4730F34A,,,,,true,false,2,GameLite/GameData/SpawnActorPrototypes/WorldMap_WP/9555BF804C0CEC396FDC688C4730F34A.cfg,WorldMap_WP,
Base,GameLite/GameData/QuestNodePrototypes/EQ101_P.cfg,EQ101_P_ToggleLairActivity_Zombie_Off,EQ101_P,ToggleLairActivity,,,16120C2F48FEBE78BAC1FD8E8B63AE11,,,,,false,true,1,GameLite/GameData/SpawnActorPrototypes/WorldMap_WP/16120C2F48FEBE78BAC1FD8E8B63AE11.cfg,WorldMap_WP,NodePrototypeVersion=1
Base,GameLite/GameData/QuestNodePrototypes/EQ101_P.cfg,EQ101_P_ToggleLairActivity_Zombie_On,EQ101_P,ToggleLairActivity,,,16120C2F48FEBE78BAC1FD8E8B63AE11,,,,,true,false,1,GameLite/GameData/SpawnActorPrototypes/WorldMap_WP/16120C2F48FEBE78BAC1FD8E8B63AE11.cfg,WorldMap_WP,NodePrototypeVersion=1
Base,GameLite/GameData/QuestNodePrototypes/EQ109.cfg,EQ109_ToggleLairActivity_First,EQ109,ToggleLairActivity,,,C9A7D0A2419B92AB0129ACAD57BEF509,,,,,false,true,1,GameLite/GameData/SpawnActorPrototypes/WorldMap_WP/C9A7D0A2419B92AB0129ACAD57BEF509.cfg,WorldMap_WP,NodePrototypeVersion=1
Base,GameLite/GameData/QuestNodePrototypes/EQ109.cfg,EQ109_ToggleLairActivity_Second,EQ109,ToggleLairActivity,,,CFBB5D4C4F29D322C346E3BE2F2DDB40,,,,,false,true,1,GameLite/GameData/SpawnActorPrototypes/WorldMap_WP/CFBB5D4C4F29D322C346E3BE2F2DDB40.cfg,WorldMap_WP,NodePrototypeVersion=1
Base,GameLite/GameData/QuestNodePrototypes/EQ109_P.cfg,EQ109_P_ProtectLairNPCSquadItem_BP_DeadBody_EQ109_MarikTopot,EQ109_P,ProtectLairNPCSquadItem,,,CA09E8F74645BA08927332971CC26295,,,,,,,1,GameLite/GameData/SpawnActorPrototypes/WorldMap_WP/EQ109_LogicLevel_WP/CA09E8F74645BA08927332971CC26295.cfg,WorldMap_WP/EQ109_LogicLevel_WP,NodePrototypeVersion=1
Base,GameLite/GameData/QuestNodePrototypes/EQ109_P.cfg,EQ109_P_ProtectLairNPCSquadItem_BP_Stash_EQ109_MarikTopot,EQ109_P,ProtectLairNPCSquadItem,,,974076044BFEEB014D72229C78D4530E,,,,,,,1,GameLite/GameData/SpawnActorPrototypes/WorldMap_WP/EQ109_LogicLevel_WP/974076044BFEEB014D72229C78D4530E.cfg,WorldMap_WP/EQ109_LogicLevel_WP,NodePrototypeVersion=1
Base,GameLite/GameData/QuestNodePrototypes/EQ109_P.cfg,EQ109_P_ToggleLairActivity_First,EQ109_P,ToggleLairActivity,,,CFBB5D4C4F29D322C346E3BE2F2DDB40,,,,,true,false,1,GameLite/GameData/SpawnActorPrototypes/WorldMap_WP/CFBB5D4C4F29D322C346E3BE2F2DDB40.cfg,WorldMap_WP,NodePrototypeVersion=1
Base,GameLite/GameData/QuestNodePrototypes/EQ109_P.cfg,EQ109_P_ToggleLairActivity_Second,EQ109_P,ToggleLairActivity,,,C9A7D0A2419B92AB0129ACAD57BEF509,,,,,true,false,1,GameLite/GameData/SpawnActorPrototypes/WorldMap_WP/C9A7D0A2419B92AB0129ACAD57BEF509.cfg,WorldMap_WP,NodePrototypeVersion=1
Base,GameLite/GameData/QuestNodePrototypes/EQ110.cfg,EQ110_ProtectLairNPCSquadItem_BP_DeadBody_EQ110_DeadDoka,EQ110,ProtectLairNPCSquadItem,,,2711E93E4E5D11CDB24B4EA71D67A36C,,,,,,,1,GameLite/GameData/SpawnActorPrototypes/WorldMap_WP/EQ110_LogicLevel_WP/2711E93E4E5D11CDB24B4EA71D67A36C.cfg,WorldMap_WP/EQ110_LogicLevel_WP,
Base,GameLite/GameData/QuestNodePrototypes/EQ110.cfg,EQ110_ToggleLairActivity,EQ110,ToggleLairActivity,,,3A4BC3944203AD2485F576B8AAB3FAB0,,,,,false,true,1,GameLite/GameData/SpawnActorPrototypes/WorldMap_WP/3A4BC3944203AD2485F576B8AAB3FAB0.cfg,WorldMap_WP,
Base,GameLite/GameData/QuestNodePrototypes/EQ110_P.cfg,EQ110_P_ToggleLairActivity,EQ110_P,ToggleLairActivity,,,3A4BC3944203AD2485F576B8AAB3FAB0,,,,,true,false,2,GameLite/GameData/SpawnActorPrototypes/WorldMap_WP/3A4BC3944203AD2485F576B8AAB3FAB0.cfg,WorldMap_WP,NodePrototypeVersion=1
Base,GameLite/GameData/QuestNodePrototypes/EQ110_P.cfg,EQ110_P_ToggleLairActivity_1,EQ110_P,ToggleLairActivity,,,3A4BC3944203AD2485F576B8AAB3FAB0,,,,,true,false,0,GameLite/GameData/SpawnActorPrototypes/WorldMap_WP/3A4BC3944203AD2485F576B8AAB3FAB0.cfg,WorldMap_WP,NodePrototypeVersion=1;Launchers=
Base,GameLite/GameData/QuestNodePrototypes/EQ110_P.cfg,EQ110_P_ToggleLairActivity_STD127390,EQ110_P,ToggleLairActivity,,,3A4BC3944203AD2485F576B8AAB3FAB0,,,,,false,true,2,GameLite/GameData/SpawnActorPrototypes/WorldMap_WP/3A4BC3944203AD2485F576B8AAB3FAB0.cfg,WorldMap_WP,NodePrototypeVersion=2
Base,GameLite/GameData/QuestNodePrototypes/EQ111.cfg,EQ111_ToggleLairActivity,EQ111,ToggleLairActivity,,,A26A8218491E75B2C804928DE80854FE,,,,,false,true,1,,,NodePrototypeVersion=1
Base,GameLite/GameData/QuestNodePrototypes/EQ111_P.cfg,EQ111_P_ToggleLairActivity,EQ111_P,ToggleLairActivity,,,A26A8218491E75B2C804928DE80854FE,,,,,true,false,1,,,NodePrototypeVersion=1
Base,GameLite/GameData/QuestNodePrototypes/EQ11_P.cfg,EQ11_P_ToggleLairActivity,EQ11_P,ToggleLairActivity,,,09D3CC394214DCD41E8648A3E9A5E542,,,,,false,true,3,GameLite/GameData/SpawnActorPrototypes/WorldMap_WP/09D3CC394214DCD41E8648A3E9A5E542.cfg,WorldMap_WP,NodePrototypeVersion=1
Base,GameLite/GameData/QuestNodePrototypes/EQ11_P.cfg,EQ11_P_ToggleLairActivity_1,EQ11_P,ToggleLairActivity,,,09D3CC394214DCD41E8648A3E9A5E542,,,,,true,false,2,GameLite/GameData/SpawnActorPrototypes/WorldMap_WP/09D3CC394214DCD41E8648A3E9A5E542.cfg,WorldMap_WP,NodePrototypeVersion=1
Base,GameLite/GameData/QuestNodePrototypes/EQ139_P.cfg,EQ139_P_ToggleLairActivity,EQ139_P,ToggleLairActivity,,,32D7BFB24677D1848122EBB263D45113,,,,,false,true,2,GameLite/GameData/SpawnActorPrototypes/WorldMap_WP/32D7BFB24677D1848122EBB263D45113.cfg,WorldMap_WP,NodePrototypeVersion=1
Base,GameLite/GameData/QuestNodePrototypes/EQ139_P.cfg,EQ139_P_ToggleLairActivity_1,EQ139_P,ToggleLairActivity,,,32D7BFB24677D1848122EBB263D45113,,,,,true,false,1,GameLite/GameData/SpawnActorPrototypes/WorldMap_WP/32D7BFB24677D1848122EBB263D45113.cfg,WorldMap_WP,NodePrototypeVersion=1
Base,GameLite/GameData/QuestNodePrototypes/EQ13_P.cfg,EQ13_P_ToggleLairActivity,EQ13_P,ToggleLairActivity,,,09D3CC394214DCD41E8648A3E9A5E542,,,,,false,true,3,GameLite/GameData/SpawnActorPrototypes/WorldMap_WP/09D3CC394214DCD41E8648A3E9A5E542.cfg,WorldMap_WP,NodePrototypeVersion=1
Base,GameLite/GameData/QuestNodePrototypes/EQ13_P.cfg,EQ13_P_ToggleLairActivity_1,EQ13_P,ToggleLairActivity,,,09D3CC394214DCD41E8648A3E9A5E542,,,,,true,false,2,GameLite/GameData/SpawnActorPrototypes/WorldMap_WP/09D3CC394214DCD41E8648A3E9A5E542.cfg,WorldMap_WP,NodePrototypeVersion=1
Base,GameLite/GameData/QuestNodePrototypes/EQ13_P.cfg,EQ13_P_ToggleLairActivity_Off,EQ13_P,ToggleLairActivity,,,09D3CC394214DCD41E8648A3E9A5E542,,,,,false,true,1,GameLite/GameData/SpawnActorPrototypes/WorldMap_WP/09D3CC394214DCD41E8648A3E9A5E542.cfg,WorldMap_WP,NodePrototypeVersion=1
Base,GameLite/GameData/QuestNodePrototypes/EQ13_P.cfg,EQ13_P_ToggleLairActivity_On,EQ13_P,ToggleLairActivity,,,09D3CC394214DCD41E8648A3E9A5E542,,,,,true,false,5,GameLite/GameData/SpawnActorPrototypes/WorldMap_WP/09D3CC394214DCD41E8648A3E9A5E542.cfg,WorldMap_WP,NodePrototypeVersion=1
Base,GameLite/GameData/QuestNodePrototypes/EQ13_P.cfg,EQ13_P_ToggleLairActivity_On_1,EQ13_P,ToggleLairActivity,,,09D3CC394214DCD41E8648A3E9A5E542,,,,,true,false,5,GameLite/GameData/SpawnActorPrototypes/WorldMap_WP/09D3CC394214DCD41E8648A3E9A5E542.cfg,WorldMap_WP,NodePrototypeVersion=1
Base,GameLite/GameData/QuestNodePrototypes/EQ140.cfg,EQ140_ToggleLairActivity,EQ140,ToggleLairActivity,,,799331034E677F417D54868E893D6356,,,,,false,true,1,,,NodePrototypeVersion=1
Base,GameLite/GameData/QuestNodePrototypes/EQ140_P.cfg,EQ140_P_ToggleLairActivity,EQ140_P,ToggleLairActivity,,,799331034E677F417D54868E893D6356,,,,,true,false,1,,,
Base,GameLite/GameData/QuestNodePrototypes/EQ141.cfg,EQ141_ToggleLairActivity,EQ141,ToggleLairActivity,,,B22359424F979E4504018AB076F5D14F,,,,,false,true,1,GameLite/GameData/SpawnActorPrototypes/WorldMap_WP/B22359424F979E4504018AB076F5D14F.cfg,WorldMap_WP,NodePrototypeVersion=1
Base,GameLite/GameData/QuestNodePrototypes/EQ141_P.cfg,EQ141_P_ToggleLairActivity,EQ141_P,ToggleLairActivity,,,B22359424F979E4504018AB076F5D14F,,,,,true,false,2,GameLite/GameData/SpawnActorPrototypes/WorldMap_WP/B22359424F979E4504018AB076F5D14F.cfg,WorldMap_WP,
Base,GameLite/GameData/QuestNodePrototypes/EQ143.cfg,EQ143_ProtectBody_DeadBody_Kolumb,EQ143,ProtectLairNPCSquadItem,,,87AF4E85451B8FE4395E759FDFE73C42,,,,,,,1,GameLite/GameData/SpawnActorPrototypes/WorldMap_WP/EQ143_LogicLevel_WIP/87AF4E85451B8FE4395E759FDFE73C42.cfg,WorldMap_WP/EQ143_LogicLevel_WIP,NodePrototypeVersion=1
Base,GameLite/GameData/QuestNodePrototypes/EQ143_P.cfg,EQ143_P_ProtectStash_RybakinStash,EQ143_P,ProtectLairNPCSquadItem,,,A7A8DD964A1D0028789A42A59914EE65,,,,,,,1,GameLite/GameData/SpawnActorPrototypes/WorldMap_WP/EQ143_LogicLevel_WIP/A7A8DD964A1D0028789A42A59914EE65.cfg,WorldMap_WP/EQ143_LogicLevel_WIP,NodePrototypeVersion=1
Base,GameLite/GameData/QuestNodePrototypes/EQ144_P.cfg,EQ144_P_ToggleLairActivity,EQ144_P,ToggleLairActivity,,,49639C704C91CD5B81839287C20DC640,,,,,false,true,2,,,NodePrototypeVersion=1
Base,GameLite/GameData/QuestNodePrototypes/EQ144_P.cfg,EQ144_P_ToggleLairActivity_1,EQ144_P,ToggleLairActivity,,,49639C704C91CD5B81839287C20DC640,,,,,true,false,1,,,NodePrototypeVersion=1
Base,GameLite/GameData/QuestNodePrototypes/EQ145.cfg,EQ145_ProtectLairNPCSquadItem_BP_DeadBody_EQ145_KostyaKonus,EQ145,ProtectLairNPCSquadItem,,,464B80EA4E393DAF6DEC8B8563A4D8B0,,,,,,,1,GameLite/GameData/SpawnActorPrototypes/WorldMap_WP/EQ145_LogicLevel_WP/464B80EA4E393DAF6DEC8B8563A4D8B0.cfg,WorldMap_WP/EQ145_LogicLevel_WP,NodePrototypeVersion=1
Base,GameLite/GameData/QuestNodePrototypes/EQ145_P.cfg,EQ145_P_ProtectLairNPCSquadItem_BP_DeadBody_EQ145_KostyaKonus,EQ145_P,ProtectLairNPCSquadItem,,,464B80EA4E393DAF6DEC8B8563A4D8B0,,,,,,,1,GameLite/GameData/SpawnActorPrototypes/WorldMap_WP/EQ145_LogicLevel_WP/464B80EA4E393DAF6DEC8B8563A4D8B0.cfg,WorldMap_WP/EQ145_LogicLevel_WP,NodePrototypeVersion=1
Base,GameLite/GameData/QuestNodePrototypes/EQ145_P.cfg,EQ145_P_ProtectLairNPCSquadItem_BP_ItemContainer_EQ145_Army,EQ145_P,ProtectLairNPCSquadItem,,,CF08B6654C60F66B8EED16B821FCDAA1,,,,,,,1,GameLite/GameData/SpawnActorPrototypes/WorldMap_WP/EQ145_LogicLevel_WP/CF08B6654C60F66B8EED16B821FCDAA1.cfg,WorldMap_WP/EQ145_LogicLevel_WP,NodePrototypeVersion=1
Base,GameLite/GameData/QuestNodePrototypes/EQ146.cfg,EQ146_ProtectLairNPCSquadItem_BP_Item_EQ146_MonolithPDA,EQ146,ProtectLairNPCSquadItem,,,FCFB9234410774536EDCCC8BB7E28DDF,,,,,,,1,GameLite/GameData/SpawnActorPrototypes/WorldMap_WP/EQ146_LogicLevel_WP/FCFB9234410774536EDCCC8BB7E28DDF.cfg,WorldMap_WP/EQ146_LogicLevel_WP,NodePrototypeVersion=1
Base,GameLite/GameData/QuestNodePrototypes/EQ146.cfg,EQ146_ProtectLairNPCSquadItem_BP_Item_EQ146_MonolithPDA_1,EQ146,ProtectLairNPCSquadItem,,,FCFB9234410774536EDCCC8BB7E28DDF,,,,,,,1,GameLite/GameData/SpawnActorPrototypes/WorldMap_WP/EQ146_LogicLevel_WP/FCFB9234410774536EDCCC8BB7E28DDF.cfg,WorldMap_WP/EQ146_LogicLevel_WP,NodePrototypeVersion=4
Base,GameLite/GameData/QuestNodePrototypes/EQ148.cfg,EQ148_ToggleLairActivity,EQ148,ToggleLairActivity,,,1D7A94F3484626E57CCD09BE4A13F1DE,,,,,false,true,1,GameLite/GameData/SpawnActorPrototypes/WorldMap_WP/1D7A94F3484626E57CCD09BE4A13F1DE.cfg,WorldMap_WP,NodePrototypeVersion=1
Base,GameLite/GameData/QuestNodePrototypes/EQ148_P.cfg,EQ148_P_ProtectLairNPCSquadItem_BP_ItemContainer_EQ148_Stash,EQ148_P,ProtectLairNPCSquadItem,,,9A1EA274446B75200840BE9AD168730C,,,,,,,1,GameLite/GameData/SpawnActorPrototypes/WorldMap_WP/EQ148_LogicLevel_WP/9A1EA274446B75200840BE9AD168730C.cfg,WorldMap_WP/EQ148_LogicLevel_WP,NodePrototypeVersion=1
Base,GameLite/GameData/QuestNodePrototypes/EQ148_P.cfg,EQ148_P_ToggleLairActivity,EQ148_P,ToggleLairActivity,,,1D7A94F3484626E57CCD09BE4A13F1DE,,,,,true,false,1,GameLite/GameData/SpawnActorPrototypes/WorldMap_WP/1D7A94F3484626E57CCD09BE4A13F1DE.cfg,WorldMap_WP,NodePrototypeVersion=1
Base,GameLite/GameData/QuestNodePrototypes/EQ14_P.cfg,EQ14_P_ProtectLairNPCSquadItem_BP_ItemContainer_EQ14_Stash,EQ14_P,ProtectLairNPCSquadItem,,,B518C1EA42F7E58064CE7BB55013B8F3,,,,,,,1,GameLite/GameData/SpawnActorPrototypes/WorldMap_WP/EQ14_LogicLevel_WP/B518C1EA42F7E58064CE7BB55013B8F3.cfg,WorldMap_WP/EQ14_LogicLevel_WP,NodePrototypeVersion=1
Base,GameLite/GameData/QuestNodePrototypes/EQ14_P.cfg,EQ14_P_ToggleLairActivity_Activate,EQ14_P,ToggleLairActivity,,,4BB41B7345F42A8CB86EEBB0AC7A540A,,,,,true,false,1,GameLite/GameData/SpawnActorPrototypes/WorldMap_WP/4BB41B7345F42A8CB86EEBB0AC7A540A.cfg,WorldMap_WP,NodePrototypeVersion=1
Base,GameLite/GameData/QuestNodePrototypes/EQ14_P.cfg,EQ14_P_ToggleLairActivity_Despawn,EQ14_P,ToggleLairActivity,,,4BB41B7345F42A8CB86EEBB0AC7A540A,,,,,false,true,1,GameLite/GameData/SpawnActorPrototypes/WorldMap_WP/4BB41B7345F42A8CB86EEBB0AC7A540A.cfg,WorldMap_WP,NodePrototypeVersion=1
Base,GameLite/GameData/QuestNodePrototypes/EQ150.cfg,EQ150_ToggleLairActivity,EQ150,ToggleLairActivity,,,C0A8EC9C4E8791BFC07703917BDD7E93,,,,,false,true,1,GameLite/GameData/SpawnActorPrototypes/WorldMap_WP/C0A8EC9C4E8791BFC07703917BDD7E93.cfg,WorldMap_WP,
Base,GameLite/GameData/QuestNodePrototypes/EQ150_P.cfg,EQ150_P_ToggleLairActivity,EQ150_P,ToggleLairActivity,,,C0A8EC9C4E8791BFC07703917BDD7E93,,,,,true,false,1,GameLite/GameData/SpawnActorPrototypes/WorldMap_WP/C0A8EC9C4E8791BFC07703917BDD7E93.cfg,WorldMap_WP,NodePrototypeVersion=1
Base,GameLite/GameData/QuestNodePrototypes/EQ152_P.cfg,EQ152_P_ToggleLairActivity,EQ152_P,ToggleLairActivity,,,FF4A3A094F994EBC175606AA29C66433,,,,,false,true,1,GameLite/GameData/SpawnActorPrototypes/WorldMap_WP/FF4A3A094F994EBC175606AA29C66433.cfg,WorldMap_WP,NodePrototypeVersion=1
Base,GameLite/GameData/QuestNodePrototypes/EQ155.cfg,EQ155_ProtectLairNPCSquadItem_BP_DeadBodyBrom,EQ155,ProtectLairNPCSquadItem,,,B7FADA1C4F56978C74D311B13208726F,,,,,,,1,GameLite/GameData/SpawnActorPrototypes/WorldMap_WP/EQ155_LogicLevel_WP/B7FADA1C4F56978C74D311B13208726F.cfg,WorldMap_WP/EQ155_LogicLevel_WP,NodePrototypeVersion=1
Base,GameLite/GameData/QuestNodePrototypes/EQ155_P.cfg,EQ155_P_ProtectLairNPCSquadItem_BP_Safe,EQ155_P,ProtectLairNPCSquadItem,,,E007EDB24B9CA120A577EE9179F7F15B,,,,,,,1,GameLite/GameData/SpawnActorPrototypes/WorldMap_WP/EQ155_LogicLevel_WP/E007EDB24B9CA120A577EE9179F7F15B.cfg,WorldMap_WP/EQ155_LogicLevel_WP,NodePrototypeVersion=1
Base,GameLite/GameData/QuestNodePrototypes/EQ156.cfg,EQ156_ToggleLairActivity,EQ156,ToggleLairActivity,,,8541A39B457F2F2664951C8B89C18295,,,,,false,true,1,GameLite/GameData/SpawnActorPrototypes/WorldMap_WP/8541A39B457F2F2664951C8B89C18295.cfg,WorldMap_WP,NodePrototypeVersion=1
Base,GameLite/GameData/QuestNodePrototypes/EQ156_P.cfg,EQ156_P_ToggleLairActivity,EQ156_P,ToggleLairActivity,,,8541A39B457F2F2664951C8B89C18295,,,,,true,false,1,GameLite/GameData/SpawnActorPrototypes/WorldMap_WP/8541A39B457F2F2664951C8B89C18295.cfg,WorldMap_WP,
Base,GameLite/GameData/QuestNodePrototypes/EQ161_P.cfg,EQ161_P_ToggleLairActivity_Off,EQ161_P,ToggleLairActivity,,,7CF1F6A04669BD668E2287979AE25A66,,,,,false,true,1,GameLite/GameData/SpawnActorPrototypes/WorldMap_WP/7CF1F6A04669BD668E2287979AE25A66.cfg,WorldMap_WP,NodePrototypeVersion=1
Base,GameLite/GameData/QuestNodePrototypes/EQ161_P.cfg,EQ161_P_ToggleLairActivity_On,EQ161_P,ToggleLairActivity,,,7CF1F6A04669BD668E2287979AE25A66,,,,,true,false,1,GameLite/GameData/SpawnActorPrototypes/WorldMap_WP/7CF1F6A04669BD668E2287979AE25A66.cfg,WorldMap_WP,NodePrototypeVersion=1
Base,GameLite/GameData/QuestNodePrototypes/EQ162_P.cfg,EQ162_P_ToggleLairActivity,EQ162_P,ToggleLairActivity,,,7CF1F6A04669BD668E2287979AE25A66,,,,,false,true,1,GameLite/GameData/SpawnActorPrototypes/WorldMap_WP/7CF1F6A04669BD668E2287979AE25A66.cfg,WorldMap_WP,NodePrototypeVersion=2
Base,GameLite/GameData/QuestNodePrototypes/EQ162_P.cfg,EQ162_P_ToggleLairActivity_1,EQ162_P,ToggleLairActivity,,,7CF1F6A04669BD668E2287979AE25A66,,,,,true,false,1,GameLite/GameData/SpawnActorPrototypes/WorldMap_WP/7CF1F6A04669BD668E2287979AE25A66.cfg,WorldMap_WP,NodePrototypeVersion=1
Base,GameLite/GameData/QuestNodePrototypes/EQ164.cfg,EQ164_ToggleLairActivity,EQ164,ToggleLairActivity,,,192DF3C04B0CE8BACD42E48ACF79E060,,,,,false,true,1,GameLite/GameData/SpawnActorPrototypes/WorldMap_WP/192DF3C04B0CE8BACD42E48ACF79E060.cfg,WorldMap_WP,NodePrototypeVersion=1
Base,GameLite/GameData/QuestNodePrototypes/EQ164_P.cfg,EQ164_P_Protect_Stash,EQ164_P,ProtectLairNPCSquadItem,,,4C497547430DA03DDED864B68583208C,,,,,,,1,GameLite/GameData/SpawnActorPrototypes/WorldMap_WP/EQ164_LogicLevel_WP/4C497547430DA03DDED864B68583208C.cfg,WorldMap_WP/EQ164_LogicLevel_WP,NodePrototypeVersion=1
Base,GameLite/GameData/QuestNodePrototypes/EQ164_P.cfg,EQ164_P_ToggleLairActivity,EQ164_P,ToggleLairActivity,,,192DF3C04B0CE8BACD42E48ACF79E060,,,,,true,false,2,GameLite/GameData/SpawnActorPrototypes/WorldMap_WP/192DF3C04B0CE8BACD42E48ACF79E060.cfg,WorldMap_WP,NodePrototypeVersion=1
Base,GameLite/GameData/QuestNodePrototypes/EQ165.cfg,EQ165_ToggleLairActivity,EQ165,ToggleLairActivity,,,FDDC597547A7E311231D1CAB62D48E41,,,,,false,true,1,GameLite/GameData/SpawnActorPrototypes/WorldMap_WP/FDDC597547A7E311231D1CAB62D48E41.cfg,WorldMap_WP,NodePrototypeVersion=1
Base,GameLite/GameData/QuestNodePrototypes/EQ165_P.cfg,EQ165_P_ToggleLairActivity,EQ165_P,ToggleLairActivity,,,FDDC597547A7E311231D1CAB62D48E41,,,,,true,false,1,GameLite/GameData/SpawnActorPrototypes/WorldMap_WP/FDDC597547A7E311231D1CAB62D48E41.cfg,WorldMap_WP,
Base,GameLite/GameData/QuestNodePrototypes/EQ166_P.cfg,EQ166_P_ToggleLairActivity_MonolithLair_SQ91_Off,EQ166_P,ToggleLairActivity,,,B700DE6441DC129BEAEF5A954CBE900D,,,,,false,true,1,GameLite/GameData/SpawnActorPrototypes/WorldMap_WP/B700DE6441DC129BEAEF5A954CBE900D.cfg,WorldMap_WP,NodePrototypeVersion=1
Base,GameLite/GameData/QuestNodePrototypes/EQ166_P.cfg,EQ166_P_ToggleLairActivity_MonoltihLair_ForelandCheckpoint_Off,EQ166_P,ToggleLairActivity,,,09CB8B9B44130A852210E8A3AA0DC22B,,,,,false,true,1,GameLite/GameData/SpawnActorPrototypes/WorldMap_WP/09CB8B9B44130A852210E8A3AA0DC22B.cfg,WorldMap_WP,NodePrototypeVersion=1
Base,GameLite/GameData/QuestNodePrototypes/EQ166_P.cfg,EQ166_P_ToggleLairActivity_MonoltihLair_ForelandCheckpoint_On,EQ166_P,ToggleLairActivity,,,09CB8B9B44130A852210E8A3AA0DC22B,,,,,true,false,1,GameLite/GameData/SpawnActorPrototypes/WorldMap_WP/09CB8B9B44130A852210E8A3AA0DC22B.cfg,WorldMap_WP,NodePrototypeVersion=2
Base,GameLite/GameData/QuestNodePrototypes/EQ16_P.cfg,EQ16_P_ToggleLairActivity,EQ16_P,ToggleLairActivity,,,D308D20B427AA0AD32E220B53B58B68F,,,,,true,false,1,GameLite/GameData/SpawnActorPrototypes/WorldMap_WP/D308D20B427AA0AD32E220B53B58B68F.cfg,WorldMap_WP,NodePrototypeVersion=1
Base,GameLite/GameData/QuestNodePrototypes/EQ16_P.cfg,EQ16_P_ToggleLairActivity_1,EQ16_P,ToggleLairActivity,,,D308D20B427AA0AD32E220B53B58B68F,,,,,false,true,3,GameLite/GameData/SpawnActorPrototypes/WorldMap_WP/D308D20B427AA0AD32E220B53B58B68F.cfg,WorldMap_WP,NodePrototypeVersion=2
Base,GameLite/GameData/QuestNodePrototypes/EQ16_P.cfg,EQ16_P_ToggleLairActivity_BloodsuckerCaveOff,EQ16_P,ToggleLairActivity,,,8D8284A749DA6099B2CC42B171F61449,,,,,false,true,1,GameLite/GameData/SpawnActorPrototypes/WorldMap_WP/8D8284A749DA6099B2CC42B171F61449.cfg,WorldMap_WP,NodePrototypeVersion=6
Base,GameLite/GameData/QuestNodePrototypes/EQ16_P.cfg,EQ16_P_ToggleLairActivity_BloodsuckerCaveOn,EQ16_P,ToggleLairActivity,,,8D8284A749DA6099B2CC42B171F61449,,,,,true,false,1,GameLite/GameData/SpawnActorPrototypes/WorldMap_WP/8D8284A749DA6099B2CC42B171F61449.cfg,WorldMap_WP,NodePrototypeVersion=7
Base,GameLite/GameData/QuestNodePrototypes/EQ16_P.cfg,EQ16_P_ToggleLairActivity_RestPointOff,EQ16_P,ToggleLairActivity,,,F0F3D24D4DD72E6AA5C89CABA3E01EEE,,,,,false,true,1,GameLite/GameData/SpawnActorPrototypes/WorldMap_WP/F0F3D24D4DD72E6AA5C89CABA3E01EEE.cfg,WorldMap_WP,NodePrototypeVersion=2
Base,GameLite/GameData/QuestNodePrototypes/EQ16_P.cfg,EQ16_P_ToggleLairActivity_RestPointOn,EQ16_P,ToggleLairActivity,,,F0F3D24D4DD72E6AA5C89CABA3E01EEE,,,,,true,false,1,GameLite/GameData/SpawnActorPrototypes/WorldMap_WP/F0F3D24D4DD72E6AA5C89CABA3E01EEE.cfg,WorldMap_WP,NodePrototypeVersion=2
Base,GameLite/GameData/QuestNodePrototypes/EQ29.cfg,EQ29_ToggleLairActivity,EQ29,ToggleLairActivity,,,F64E5FD14276B7683A39EEB75DC3E0A2,,,,,false,true,1,GameLite/GameData/SpawnActorPrototypes/WorldMap_WP/F64E5FD14276B7683A39EEB75DC3E0A2.cfg,WorldMap_WP,
Base,GameLite/GameData/QuestNodePrototypes/EQ29_P.cfg,EQ29_P_ToggleLairActivity,EQ29_P,ToggleLairActivity,,,F64E5FD14276B7683A39EEB75DC3E0A2,,,,,1,1,1,GameLite/GameData/SpawnActorPrototypes/WorldMap_WP/F64E5FD14276B7683A39EEB75DC3E0A2.cfg,WorldMap_WP,
Base,GameLite/GameData/QuestNodePrototypes/EQ35_P.cfg,EQ35_P_ToggleLairActivity,EQ35_P,ToggleLairActivity,,,2DAE0ACD44D046024B955083AE5945E0,,,,,false,true,3,GameLite/GameData/SpawnActorPrototypes/WorldMap_WP/2DAE0ACD44D046024B955083AE5945E0.cfg,WorldMap_WP,NodePrototypeVersion=1
Base,GameLite/GameData/QuestNodePrototypes/EQ35_P.cfg,EQ35_P_ToggleLairActivity_1,EQ35_P,ToggleLairActivity,,,2DAE0ACD44D046024B955083AE5945E0,,,,,true,false,4,GameLite/GameData/SpawnActorPrototypes/WorldMap_WP/2DAE0ACD44D046024B955083AE5945E0.cfg,WorldMap_WP,NodePrototypeVersion=1
Base,GameLite/GameData/QuestNodePrototypes/EQ35_P.cfg,EQ35_P_ToggleLairActivity_Swamp_Lair_Activated,EQ35_P,ToggleLairActivity,,,3520BA5045EBEE00C56C84853465BE1E,,,,,true,false,1,GameLite/GameData/SpawnActorPrototypes/WorldMap_WP/3520BA5045EBEE00C56C84853465BE1E.cfg,WorldMap_WP,NodePrototypeVersion=2
Base,GameLite/GameData/QuestNodePrototypes/EQ35_P.cfg,EQ35_P_ToggleLairActivity_Swamp_Lair_Activated_1,EQ35_P,ToggleLairActivity,,,3520BA5045EBEE00C56C84853465BE1E,,,,,true,false,2,GameLite/GameData/SpawnActorPrototypes/WorldMap_WP/3520BA5045EBEE00C56C84853465BE1E.cfg,WorldMap_WP,NodePrototypeVersion=1
Base,GameLite/GameData/QuestNodePrototypes/EQ35_P.cfg,EQ35_P_ToggleLairActivity_Swamp_Lair_Deactivated,EQ35_P,ToggleLairActivity,,,3520BA5045EBEE00C56C84853465BE1E,,,,,false,true,2,GameLite/GameData/SpawnActorPrototypes/WorldMap_WP/3520BA5045EBEE00C56C84853465BE1E.cfg,WorldMap_WP,NodePrototypeVersion=1
Base,GameLite/GameData/QuestNodePrototypes/EQ36.cfg,EQ36_ToggleLairActivity_First,EQ36,ToggleLairActivity,,,073A40F6401DC5F66C133CA9355E42C9,,,,,false,true,1,GameLite/GameData/SpawnActorPrototypes/WorldMap_WP/073A40F6401DC5F66C133CA9355E42C9.cfg,WorldMap_WP,NodePrototypeVersion=1
Base,GameLite/GameData/QuestNodePrototypes/EQ36.cfg,EQ36_ToggleLairActivity_Second,EQ36,ToggleLairActivity,,,898A6C804642DC99B6D5E1BC21167EA3,,,,,false,true,1,GameLite/GameData/SpawnActorPrototypes/WorldMap_WP/898A6C804642DC99B6D5E1BC21167EA3.cfg,WorldMap_WP,NodePrototypeVersion=1
Base,GameLite/GameData/QuestNodePrototypes/EQ36_P.cfg,EQ36_P_ToggleLairActivity_First_On,EQ36_P,ToggleLairActivity,,,898A6C804642DC99B6D5E1BC21167EA3,,,,,true,false,1,GameLite/GameData/SpawnActorPrototypes/WorldMap_WP/898A6C804642DC99B6D5E1BC21167EA3.cfg,WorldMap_WP,NodePrototypeVersion=1
Base,GameLite/GameData/QuestNodePrototypes/EQ36_P.cfg,EQ36_P_ToggleLairActivity_Second_On,EQ36_P,ToggleLairActivity,,,073A40F6401DC5F66C133CA9355E42C9,,,,,true,false,1,GameLite/GameData/SpawnActorPrototypes/WorldMap_WP/073A40F6401DC5F66C133CA9355E42C9.cfg,WorldMap_WP,NodePrototypeVersion=1
Base,GameLite/GameData/QuestNodePrototypes/EQ37_P.cfg,EQ37_P_ProtectItem_GromNote,EQ37_P,ProtectLairNPCSquadItem,,,5FF471E74027A1A89C6118AB6D4058F9,,,,,,,1,GameLite/GameData/SpawnActorPrototypes/WorldMap_WP/EQ37_LogicLevel_WP/5FF471E74027A1A89C6118AB6D4058F9.cfg,WorldMap_WP/EQ37_LogicLevel_WP,NodePrototypeVersion=1
Base,GameLite/GameData/QuestNodePrototypes/EQ37_P.cfg,EQ37_P_ProtectItem_GromsVodka,EQ37_P,ProtectLairNPCSquadItem,,,B74D2D63474D95EE3E9476B52E56EB1A,,,,,,,1,GameLite/GameData/SpawnActorPrototypes/WorldMap_WP/EQ37_LogicLevel_WP/B74D2D63474D95EE3E9476B52E56EB1A.cfg,WorldMap_WP/EQ37_LogicLevel_WP,NodePrototypeVersion=1
Base,GameLite/GameData/QuestNodePrototypes/EQ48.cfg,EQ48_Protect_Gift,EQ48,ProtectLairNPCSquadItem,,,C079F95D4DACE93D8968929C4B96A022,,,,,,,1,GameLite/GameData/SpawnActorPrototypes/WorldMap_WP/EQ48_LogicLevel_WP/C079F95D4DACE93D8968929C4B96A022.cfg,WorldMap_WP/EQ48_LogicLevel_WP,NodePrototypeVersion=1
Base,GameLite/GameData/QuestNodePrototypes/EQ50.cfg,EQ50_ProtectSquad_BP_DutySquad,EQ50,ProtectLairNPCSquadItem,,,C280468C49D3AF638DDE5A9E2D5922EB,,,,,,,1,GameLite/GameData/SpawnActorPrototypes/WorldMap_WP/EQ50_LogicLevel_WP/C280468C49D3AF638DDE5A9E2D5922EB.cfg,WorldMap_WP/EQ50_LogicLevel_WP,NodePrototypeVersion=1
Base,GameLite/GameData/QuestNodePrototypes/EQ50.cfg,EQ50_ProtectSquad_BanditsSquad,EQ50,ProtectLairNPCSquadItem,,,885551274AEB13DB260A7A9B27982BA2,,,,,,,1,GameLite/GameData/SpawnActorPrototypes/WorldMap_WP/EQ50_LogicLevel_WP/885551274AEB13DB260A7A9B27982BA2.cfg,WorldMap_WP/EQ50_LogicLevel_WP,NodePrototypeVersion=1
Base,GameLite/GameData/QuestNodePrototypes/EQ51.cfg,EQ51_ToggleLairActivity_Snorks,EQ51,ToggleLairActivity,,,E98A1F9F4991135A511F98A64314317F,,,,,false,true,1,GameLite/GameData/SpawnActorPrototypes/WorldMap_WP/E98A1F9F4991135A511F98A64314317F.cfg,WorldMap_WP,NodePrototypeVersion=1
Base,GameLite/GameData/QuestNodePrototypes/EQ51_P.cfg,EQ51_P_ToggleLairActivity_Snorks,EQ51_P,ToggleLairActivity,,,E98A1F9F4991135A511F98A64314317F,,,,,true,false,1,GameLite/GameData/SpawnActorPrototypes/WorldMap_WP/E98A1F9F4991135A511F98A64314317F.cfg,WorldMap_WP,NodePrototypeVersion=1
Base,GameLite/GameData/QuestNodePrototypes/EQ51_P.cfg,EQ51_P_ToggleLairActivity_SnorksUnderGround,EQ51_P,ToggleLairActivity,,,E98A1F9F4991135A511F98A64314317F,,,,,true,false,3,GameLite/GameData/SpawnActorPrototypes/WorldMap_WP/E98A1F9F4991135A511F98A64314317F.cfg,WorldMap_WP,NodePrototypeVersion=1
Base,GameLite/GameData/QuestNodePrototypes/EQ57_P.cfg,EQ57_P_ToggleLairActivity,EQ57_P,ToggleLairActivity,,,B1418D4E4A234A4971DC9798714AA00E,,,,,false,true,1,GameLite/GameData/SpawnActorPrototypes/WorldMap_WP/B1418D4E4A234A4971DC9798714AA00E.cfg,WorldMap_WP,NodePrototypeVersion=1
Base,GameLite/GameData/QuestNodePrototypes/EQ57_P.cfg,EQ57_P_ToggleLairActivity_1,EQ57_P,ToggleLairActivity,,,B1418D4E4A234A4971DC9798714AA00E,,,,,true,false,2,GameLite/GameData/SpawnActorPrototypes/WorldMap_WP/B1418D4E4A234A4971DC9798714AA00E.cfg,WorldMap_WP,NodePrototypeVersion=1
Base,GameLite/GameData/QuestNodePrototypes/EQ58.cfg,EQ58_ProtectLairNPCSquadItem_BP_EQ58_DeadBodyPlaceholder_Freedom,EQ58,ProtectLairNPCSquadItem,,,094B87494A488E1FE9DB6DBFA33CD657,,,,,,,1,GameLite/GameData/SpawnActorPrototypes/WorldMap_WP/EQ58_LogicLevel_WP/094B87494A488E1FE9DB6DBFA33CD657.cfg,WorldMap_WP/EQ58_LogicLevel_WP,NodePrototypeVersion=1
Base,GameLite/GameData/QuestNodePrototypes/EQ60.cfg,EQ60_ToggleLairActivity_Despawn,EQ60,ToggleLairActivity,,,7B8EB8A64C1E4556061FEAB4713500BF,,,,,false,true,1,GameLite/GameData/SpawnActorPrototypes/WorldMap_WP/7B8EB8A64C1E4556061FEAB4713500BF.cfg,WorldMap_WP,NodePrototypeVersion=1
Base,GameLite/GameData/QuestNodePrototypes/EQ60_P.cfg,EQ60_P_ToggleLairActivity_Activate,EQ60_P,ToggleLairActivity,,,7B8EB8A64C1E4556061FEAB4713500BF,,,,,true,false,1,GameLite/GameData/SpawnActorPrototypes/WorldMap_WP/7B8EB8A64C1E4556061FEAB4713500BF.cfg,WorldMap_WP,NodePrototypeVersion=1
Base,GameLite/GameData/QuestNodePrototypes/EQ64_P.cfg,EQ64_P_ToggleLairActivity,EQ64_P,ToggleLairActivity,,,3E6A5C2241926C10A8F293AEA0ACC3B7,,,,,true,false,2,GameLite/GameData/SpawnActorPrototypes/WorldMap_WP/3E6A5C2241926C10A8F293AEA0ACC3B7.cfg,WorldMap_WP,NodePrototypeVersion=1
Base,GameLite/GameData/QuestNodePrototypes/EQ67.cfg,EQ67_Protect_YuraFromAi,EQ67,ProtectLairNPCSquadItem,,,AE49DAA6497F31632EBE2E85266ABF6D,,,,,,,2,GameLite/GameData/SpawnActorPrototypes/WorldMap_WP/EQ67_LogicLevel_WP/AE49DAA6497F31632EBE2E85266ABF6D.cfg,WorldMap_WP/EQ67_LogicLevel_WP,NodePrototypeVersion=1
Base,GameLite/GameData/QuestNodePrototypes/EQ71_P.cfg,EQ71_P_ToggleLairActivity,EQ71_P,ToggleLairActivity,,,68EE7C2B43D81718761705A44A67CF70,,,,,true,false,3,GameLite/GameData/SpawnActorPrototypes/WorldMap_WP/68EE7C2B43D81718761705A44A67CF70.cfg,WorldMap_WP,NodePrototypeVersion=2;Repeatable=true
Base,GameLite/GameData/QuestNodePrototypes/EQ71_P.cfg,EQ71_P_ToggleLairActivity_BP_LairDeadwoodBloodsucker,EQ71_P,ToggleLairActivity,,,68EE7C2B43D81718761705A44A67CF70,,,,,false,true,5,GameLite/GameData/SpawnActorPrototypes/WorldMap_WP/68EE7C2B43D81718761705A44A67CF70.cfg,WorldMap_WP,NodePrototypeVersion=2
Base,GameLite/GameData/QuestNodePrototypes/EQ79.cfg,EQ79_ProtectLairNPCSquadItem_BP_DeadBodyPlaceholder2,EQ79,ProtectLairNPCSquadItem,,,9453F7494CB0A594848992BFC3693EBF,,,,,,,1,GameLite/GameData/SpawnActorPrototypes/WorldMap_WP/EQ79_LogicLevel_WP/9453F7494CB0A594848992BFC3693EBF.cfg,WorldMap_WP/EQ79_LogicLevel_WP,NodePrototypeVersion=1
Base,GameLite/GameData/QuestNodePrototypes/EQ79.cfg,EQ79_ProtectLairNPCSquadItem_BP_DeadBody_EQ79_Corps,EQ79,ProtectLairNPCSquadItem,,,1443737E4FF8E09B0818C790D73977ED,,,,,,,1,GameLite/GameData/SpawnActorPrototypes/WorldMap_WP/EQ79_LogicLevel_WP/1443737E4FF8E09B0818C790D73977ED.cfg,WorldMap_WP/EQ79_LogicLevel_WP,NodePrototypeVersion=1
Base,GameLite/GameData/QuestNodePrototypes/EQ79_P.cfg,EQ79_P_ProtectLairNPCSquadItem_BP_ItemContainer_EQ79_MiddleOfBridge,EQ79_P,ProtectLairNPCSquadItem,,,F44A2D4D4FEFB2E7921CDD9CF070DB91,,,,,,,1,GameLite/GameData/SpawnActorPrototypes/WorldMap_WP/EQ79_LogicLevel_WP/F44A2D4D4FEFB2E7921CDD9CF070DB91.cfg,WorldMap_WP/EQ79_LogicLevel_WP,NodePrototypeVersion=1
Base,GameLite/GameData/QuestNodePrototypes/EQ84.cfg,EQ84_ProtectLairNPCSquadItem_BP_Item_EQ84_AntiRad_11,EQ84,ProtectLairNPCSquadItem,,,F8F169A041B35D358095D0B1CC59C05D,,,,,,,1,GameLite/GameData/SpawnActorPrototypes/WorldMap_WP/EQ84_LogicLevel_WP/F8F169A041B35D358095D0B1CC59C05D.cfg,WorldMap_WP/EQ84_LogicLevel_WP,NodePrototypeVersion=1
Base,GameLite/GameData/QuestNodePrototypes/EQ84.cfg,EQ84_ProtectLairNPCSquadItem_BP_Item_EQ84_Bandage_8,EQ84,ProtectLairNPCSquadItem,,,59DEF880485EAF5960DDF5A5F55733F3,,,,,,,1,GameLite/GameData/SpawnActorPrototypes/WorldMap_WP/EQ84_LogicLevel_WP/59DEF880485EAF5960DDF5A5F55733F3.cfg,WorldMap_WP/EQ84_LogicLevel_WP,NodePrototypeVersion=1
Base,GameLite/GameData/QuestNodePrototypes/EQ84.cfg,EQ84_ProtectLairNPCSquadItem_BP_Item_EQ84_Bandage_9,EQ84,ProtectLairNPCSquadItem,,,4DE2318944C0A31B81D1A2ABA65449F7,,,,,,,1,GameLite/GameData/SpawnActorPrototypes/WorldMap_WP/EQ84_LogicLevel_WP/4DE2318944C0A31B81D1A2ABA65449F7.cfg,WorldMap_WP/EQ84_LogicLevel_WP,NodePrototypeVersion=1
Base,GameLite/GameData/QuestNodePrototypes/EQ84.cfg,EQ84_ProtectLairNPCSquadItem_BP_Item_EQ84_Bread_5,EQ84,ProtectLairNPCSquadItem,,,6D59890B47DBC6B28A7582917CDB79B5,,,,,,,1,GameLite/GameData/SpawnActorPrototypes/WorldMap_WP/EQ84_LogicLevel_WP/6D59890B47DBC6B28A7582917CDB79B5.cfg,WorldMap_WP/EQ84_LogicLevel_WP,NodePrototypeVersion=1
Base,GameLite/GameData/QuestNodePrototypes/EQ84.cfg,EQ84_ProtectLairNPCSquadItem_BP_Item_EQ84_Bread_7Copy,EQ84,ProtectLairNPCSquadItem,,,9D5335AD4E5518F881EC66ADD855C128,,,,,,,1,GameLite/GameData/SpawnActorPrototypes/WorldMap_WP/EQ84_LogicLevel_WP/9D5335AD4E5518F881EC66ADD855C128.cfg,WorldMap_WP/EQ84_LogicLevel_WP,NodePrototypeVersion=1
Base,GameLite/GameData/QuestNodePrototypes/EQ84.cfg,EQ84_ProtectLairNPCSquadItem_BP_Item_EQ84_CannedFood_13,EQ84,ProtectLairNPCSquadItem,,,23BA7E15453A97004AA81091D8BED09A,,,,,,,1,GameLite/GameData/SpawnActorPrototypes/WorldMap_WP/EQ84_LogicLevel_WP/23BA7E15453A97004AA81091D8BED09A.cfg,WorldMap_WP/EQ84_LogicLevel_WP,NodePrototypeVersion=1
Base,GameLite/GameData/QuestNodePrototypes/EQ84.cfg,EQ84_ProtectLairNPCSquadItem_BP_Item_EQ84_CannedFood_3,EQ84,ProtectLairNPCSquadItem,,,8A6B76BC4ADC9AF6E3803E87EC07530A,,,,,,,1,GameLite/GameData/SpawnActorPrototypes/WorldMap_WP/EQ84_LogicLevel_WP/8A6B76BC4ADC9AF6E3803E87EC07530A.cfg,WorldMap_WP/EQ84_LogicLevel_WP,NodePrototypeVersion=1
Base,GameLite/GameData/QuestNodePrototypes/EQ84.cfg,EQ84_ProtectLairNPCSquadItem_BP_Item_EQ84_Energetic_10,EQ84,ProtectLairNPCSquadItem,,,742BFD94474A75FBC6EE28A143E7EB23,,,,,,,1,GameLite/GameData/SpawnActorPrototypes/WorldMap_WP/EQ84_LogicLevel_WP/742BFD94474A75FBC6EE28A143E7EB23.cfg,WorldMap_WP/EQ84_LogicLevel_WP,NodePrototypeVersion=1
Base,GameLite/GameData/QuestNodePrototypes/EQ84.cfg,EQ84_ProtectLairNPCSquadItem_BP_Item_EQ84_Energetic_2,EQ84,ProtectLairNPCSquadItem,,,09257ECA4AEAE384D1ED1F97DCFCCF03,,,,,,,1,GameLite/GameData/SpawnActorPrototypes/WorldMap_WP/EQ84_LogicLevel_WP/09257ECA4AEAE384D1ED1F97DCFCCF03.cfg,WorldMap_WP/EQ84_LogicLevel_WP,NodePrototypeVersion=1
Base,GameLite/GameData/QuestNodePrototypes/EQ84.cfg,EQ84_ProtectLairNPCSquadItem_BP_Item_EQ84_Medkit_1,EQ84,ProtectLairNPCSquadItem,,,D58F21924F4F84AC74C0F69D379B6DAE,,,,,,,1,GameLite/GameData/SpawnActorPrototypes/WorldMap_WP/EQ84_LogicLevel_WP/D58F21924F4F84AC74C0F69D379B6DAE.cfg,WorldMap_WP/EQ84_LogicLevel_WP,NodePrototypeVersion=1
Base,GameLite/GameData/QuestNodePrototypes/EQ84.cfg,EQ84_ProtectLairNPCSquadItem_BP_Item_EQ84_Medkit_14,EQ84,ProtectLairNPCSquadItem,,,1431DC5B4EBF337B909EBDAC956A1743,,,,,,,1,GameLite/GameData/SpawnActorPrototypes/WorldMap_WP/EQ84_LogicLevel_WP/1431DC5B4EBF337B909EBDAC956A1743.cfg,WorldMap_WP/EQ84_LogicLevel_WP,NodePrototypeVersion=1
Base,GameLite/GameData/QuestNodePrototypes/EQ84.cfg,EQ84_ProtectLairNPCSquadItem_BP_Item_EQ84_Sausage_6,EQ84,ProtectLairNPCSquadItem,,,67DDC9D24D43E51C54F0BB9C97834294,,,,,,,1,GameLite/GameData/SpawnActorPrototypes/WorldMap_WP/EQ84_LogicLevel_WP/67DDC9D24D43E51C54F0BB9C97834294.cfg,WorldMap_WP/EQ84_LogicLevel_WP,NodePrototypeVersion=1
Base,GameLite/GameData/QuestNodePrototypes/EQ84.cfg,EQ84_ProtectLairNPCSquadItem_BP_Item_EQ84_Vodka_12,EQ84,ProtectLairNPCSquadItem,,,39167D3042301BFA24595EA688E02825,,,,,,,1,GameLite/GameData/SpawnActorPrototypes/WorldMap_WP/EQ84_LogicLevel_WP/39167D3042301BFA24595EA688E02825.cfg,WorldMap_WP/EQ84_LogicLevel_WP,NodePrototypeVersion=1
Base,GameLite/GameData/QuestNodePrototypes/EQ84.cfg,EQ84_ProtectLairNPCSquadItem_BP_Item_EQ84_Vodka_4,EQ84,ProtectLairNPCSquadItem,,,A6F4973644D593E6F4BE779DC096BED2,,,,,,,1,GameLite/GameData/SpawnActorPrototypes/WorldMap_WP/EQ84_LogicLevel_WP/A6F4973644D593E6F4BE779DC096BED2.cfg,WorldMap_WP/EQ84_LogicLevel_WP,NodePrototypeVersion=1
Base,GameLite/GameData/QuestNodePrototypes/EQ84.cfg,EQ84_ProtectLairNPCSquadItem_DeadLot,EQ84,ProtectLairNPCSquadItem,,,7D30A926493B305FB9750AB68FE80AFD,,,,,,,1,GameLite/GameData/SpawnActorPrototypes/WorldMap_WP/EQ84_LogicLevel_WP/7D30A926493B305FB9750AB68FE80AFD.cfg,WorldMap_WP/EQ84_LogicLevel_WP,NodePrototypeVersion=1
Base,GameLite/GameData/QuestNodePrototypes/EQ85.cfg,EQ85_ProtectLairNPCSquadItem_Taktik,EQ85,ProtectLairNPCSquadItem,,,DCDDC105412502A22D89BFA9CABC83B2,,,,,,,1,GameLite/GameData/SpawnActorPrototypes/WorldMap_WP/EQ85_LogicLevel_WP/DCDDC105412502A22D89BFA9CABC83B2.cfg,WorldMap_WP/EQ85_LogicLevel_WP,NodePrototypeVersion=1
Base,GameLite/GameData/QuestNodePrototypes/EQ85.cfg,EQ85_ProtectLairNPCSquadItem_Taktik_1,EQ85,ProtectLairNPCSquadItem,,,DCDDC105412502A22D89BFA9CABC83B2,,,,,,,1,GameLite/GameData/SpawnActorPrototypes/WorldMap_WP/EQ85_LogicLevel_WP/DCDDC105412502A22D89BFA9CABC83B2.cfg,WorldMap_WP/EQ85_LogicLevel_WP,NodePrototypeVersion=1
Base,GameLite/GameData/QuestNodePrototypes/EQ85_P.cfg,EQ85_P_ProtectLairNPCSquadItem_Stash,EQ85_P,ProtectLairNPCSquadItem,,,CDD5D5044DABA2EE3EB58B9265233850,,,,,,,1,GameLite/GameData/SpawnActorPrototypes/WorldMap_WP/EQ85_LogicLevel_WP/CDD5D5044DABA2EE3EB58B9265233850.cfg,WorldMap_WP/EQ85_LogicLevel_WP,NodePrototypeVersion=1
Base,GameLite/GameData/QuestNodePrototypes/EQ85_P.cfg,EQ85_P_ToggleLairActivity,EQ85_P,ToggleLairActivity,,,852909534BC5EA7BC97CE09E4627F14A,,,,,false,true,2,,,NodePrototypeVersion=1
Base,GameLite/GameData/QuestNodePrototypes/EQ85_P.cfg,EQ85_P_ToggleLairActivity_1,EQ85_P,ToggleLairActivity,,,C0B35F8A4246AAC8D0DF0087A69A7D5F,,,,,false,true,2,GameLite/GameData/SpawnActorPrototypes/WorldMap_WP/C0B35F8A4246AAC8D0DF0087A69A7D5F.cfg,WorldMap_WP,NodePrototypeVersion=1
Base,GameLite/GameData/QuestNodePrototypes/EQ85_P.cfg,EQ85_P_ToggleLairActivity_2,EQ85_P,ToggleLairActivity,,,852909534BC5EA7BC97CE09E4627F14A,,,,,true,false,2,,,NodePrototypeVersion=1
Base,GameLite/GameData/QuestNodePrototypes/EQ85_P.cfg,EQ85_P_ToggleLairActivity_3,EQ85_P,ToggleLairActivity,,,C0B35F8A4246AAC8D0DF0087A69A7D5F,,,,,true,false,2,GameLite/GameData/SpawnActorPrototypes/WorldMap_WP/C0B35F8A4246AAC8D0DF0087A69A7D5F.cfg,WorldMap_WP,NodePrototypeVersion=1
Base,GameLite/GameData/QuestNodePrototypes/EQ93.cfg,EQ93_ToggleLairActivity,EQ93,ToggleLairActivity,,,84A3CA0245D32A67021D7F8BB78E5BE5,,,,,false,true,1,GameLite/GameData/SpawnActorPrototypes/WorldMap_WP/84A3CA0245D32A67021D7F8BB78E5BE5.cfg,WorldMap_WP,NodePrototypeVersion=1
Base,GameLite/GameData/QuestNodePrototypes/EQ93_P.cfg,EQ93_P_ToggleLairActivity,EQ93_P,ToggleLairActivity,,,84A3CA0245D32A67021D7F8BB78E5BE5,,,,,true,false,1,GameLite/GameData/SpawnActorPrototypes/WorldMap_WP/84A3CA0245D32A67021D7F8BB78E5BE5.cfg,WorldMap_WP,NodePrototypeVersion=1
Base,GameLite/GameData/QuestNodePrototypes/GDEQ1005_BP.cfg,GDEQ1005_BP_ProtectLairNPCSquadItem_BP_DeadBodyPlaceholder,GDEQ1005_BP,ProtectLairNPCSquadItem,,,24F780704BC4C4E7F44E17A0E1C4B94F,,,,,,,1,GameLite/GameData/SpawnActorPrototypes/WorldMap_WP/24F780704BC4C4E7F44E17A0E1C4B94F.cfg,WorldMap_WP,
Base,GameLite/GameData/QuestNodePrototypes/GDEQ1011_BP.cfg,GDEQ1011_BP_ToggleLairActivity,GDEQ1011_BP,ToggleLairActivity,,,000A1B3043BD4C17A6C5AE8082DBE846,,,,,true,false,1,GameLite/GameData/SpawnActorPrototypes/WorldMap_WP/000A1B3043BD4C17A6C5AE8082DBE846.cfg,WorldMap_WP,NodePrototypeVersion=1
Base,GameLite/GameData/QuestNodePrototypes/GDEQ1014_BP.cfg,GDEQ1014_BP_ToggleLairActivity,GDEQ1014_BP,ToggleLairActivity,,,C46E07B644FB9063628BE29A4F8D8118,,,,,true,false,1,GameLite/GameData/SpawnActorPrototypes/WorldMap_WP/C46E07B644FB9063628BE29A4F8D8118.cfg,WorldMap_WP,
Base,GameLite/GameData/QuestNodePrototypes/GDEQ1107_BP.cfg,GDEQ1107_BP_ToggleLairActivity_GSM_Lair,GDEQ1107_BP,ToggleLairActivity,,,4D9C2DFE403F868B11FC7BA148BBD404,,,,,true,false,2,GameLite/GameData/SpawnActorPrototypes/WorldMap_WP/4D9C2DFE403F868B11FC7BA148BBD404.cfg,WorldMap_WP,NodePrototypeVersion=1
Base,GameLite/GameData/QuestNodePrototypes/GDEQ1107_BP.cfg,GDEQ1107_BP_ToggleLairActivity_GSM_Lair_1,GDEQ1107_BP,ToggleLairActivity,,,4D9C2DFE403F868B11FC7BA148BBD404,,,,,true,false,2,GameLite/GameData/SpawnActorPrototypes/WorldMap_WP/4D9C2DFE403F868B11FC7BA148BBD404.cfg,WorldMap_WP,NodePrototypeVersion=1
Base,GameLite/GameData/QuestNodePrototypes/GDEQ1107_BP.cfg,GDEQ1107_BP_ToggleLairActivity_GSM_Lair_2,GDEQ1107_BP,ToggleLairActivity,,,4D9C2DFE403F868B11FC7BA148BBD404,,,,,true,false,2,GameLite/GameData/SpawnActorPrototypes/WorldMap_WP/4D9C2DFE403F868B11FC7BA148BBD404.cfg,WorldMap_WP,NodePrototypeVersion=3
Base,GameLite/GameData/QuestNodePrototypes/GDEQ1112_BP.cfg,GDEQ1112_BP_ToggleLairActivity_Rats,GDEQ1112_BP,ToggleLairActivity,,,2F3F37FC42C087FB2C6C4799C5145ABC,,,,,true,false,2,GameLite/GameData/SpawnActorPrototypes/WorldMap_WP/2F3F37FC42C087FB2C6C4799C5145ABC.cfg,WorldMap_WP,NodePrototypeVersion=1
Base,GameLite/GameData/QuestNodePrototypes/GDEQ1112_BP.cfg,GDEQ1112_BP_ToggleLairActivity_Rats_New,GDEQ1112_BP,ToggleLairActivity,,,2F3F37FC42C087FB2C6C4799C5145ABC,,,,,true,false,1,GameLite/GameData/SpawnActorPrototypes/WorldMap_WP/2F3F37FC42C087FB2C6C4799C5145ABC.cfg,WorldMap_WP,NodePrototypeVersion=3
Base,GameLite/GameData/QuestNodePrototypes/GDEQ1119_BP.cfg,GDEQ1119_BP_ToggleLairActivity,GDEQ1119_BP,ToggleLairActivity,,,A8FC4833479574CDF01F4192447270AA,,,,,true,false,4,GameLite/GameData/SpawnActorPrototypes/WorldMap_WP/A8FC4833479574CDF01F4192447270AA.cfg,WorldMap_WP,NodePrototypeVersion=1
Base,GameLite/GameData/QuestNodePrototypes/GDEQ1119_BP.cfg,GDEQ1119_BP_ToggleLairActivity_Pseudogiant,GDEQ1119_BP,ToggleLairActivity,,,A8FC4833479574CDF01F4192447270AA,,,,,false,true,1,GameLite/GameData/SpawnActorPrototypes/WorldMap_WP/A8FC4833479574CDF01F4192447270AA.cfg,WorldMap_WP,NodePrototypeVersion=1
Base,GameLite/GameData/QuestNodePrototypes/GDEQ1120_BP.cfg,GDEQ1120_BP_ToggleLairActivity,GDEQ1120_BP,ToggleLairActivity,,,F0DD4B794F1A5D17A0213A82AB3A2519,,,,,false,true,1,GameLite/GameData/SpawnActorPrototypes/WorldMap_WP/F0DD4B794F1A5D17A0213A82AB3A2519.cfg,WorldMap_WP,NodePrototypeVersion=2
Base,GameLite/GameData/QuestNodePrototypes/GDEQ1120_BP.cfg,GDEQ1120_BP_ToggleLairActivity_1,GDEQ1120_BP,ToggleLairActivity,,,F0DD4B794F1A5D17A0213A82AB3A2519,,,,,true,false,1,GameLite/GameData/SpawnActorPrototypes/WorldMap_WP/F0DD4B794F1A5D17A0213A82AB3A2519.cfg,WorldMap_WP,NodePrototypeVersion=1
Base,GameLite/GameData/QuestNodePrototypes/GDEQ1121_BP.cfg,GDEQ1121_BP_ToggleLairActivity,GDEQ1121_BP,ToggleLairActivity,,,923A9BF74E3B0EB4E7CD3A9E0464F57B,,,,,true,false,3,GameLite/GameData/SpawnActorPrototypes/WorldMap_WP/923A9BF74E3B0EB4E7CD3A9E0464F57B.cfg,WorldMap_WP,NodePrototypeVersion=1
Base,GameLite/GameData/QuestNodePrototypes/GDEQ1303_01_BP.cfg,GDEQ1303_01_BP_ToggleLairActivity,GDEQ1303_01_BP,ToggleLairActivity,,,CB2982034A4C6CFFEF260BA9988DB630,,,,,true,false,0,GameLite/GameData/SpawnActorPrototypes/WorldMap_WP/CB2982034A4C6CFFEF260BA9988DB630.cfg,WorldMap_WP,NodePrototypeVersion=2;Launchers=
Base,GameLite/GameData/QuestNodePrototypes/GDEQ1303_01_BP.cfg,GDEQ1303_01_BP_ToggleLairActivity_1,GDEQ1303_01_BP,ToggleLairActivity,,,12D3DEE040AE59619EDEC994F4559095,,,,,true,false,1,GameLite/GameData/SpawnActorPrototypes/WorldMap_WP/12D3DEE040AE59619EDEC994F4559095.cfg,WorldMap_WP,NodePrototypeVersion=1
Base,GameLite/GameData/QuestNodePrototypes/GDEQ1706_BP.cfg,GDEQ1706_BP_ToggleLairActivity,GDEQ1706_BP,ToggleLairActivity,,,2BC98D504156EAC8D3C9719FF89666E3,,,,,false,false,1,GameLite/GameData/SpawnActorPrototypes/WorldMap_WP/2BC98D504156EAC8D3C9719FF89666E3.cfg,WorldMap_WP,NodePrototypeVersion=1
Base,GameLite/GameData/QuestNodePrototypes/GDEQ1706_BP.cfg,GDEQ1706_BP_ToggleLairActivity_1,GDEQ1706_BP,ToggleLairActivity,,,C2F7EB16425CF36447D7C4AB81AAC9E0,,,,,false,false,1,GameLite/GameData/SpawnActorPrototypes/WorldMap_WP/C2F7EB16425CF36447D7C4AB81AAC9E0.cfg,WorldMap_WP,NodePrototypeVersion=1
Base,GameLite/GameData/QuestNodePrototypes/GDEQ1909_BP.cfg,GDEQ1909_BP_ToggleLairActivity,GDEQ1909_BP,ToggleLairActivity,,,0961230049493DE1BCE228AC1EC0DE16,,,,,true,false,1,GameLite/GameData/SpawnActorPrototypes/WorldMap_WP/0961230049493DE1BCE228AC1EC0DE16.cfg,WorldMap_WP,NodePrototypeVersion=2
Base,GameLite/GameData/QuestNodePrototypes/GDEQ1911_BP.cfg,GDEQ1911_BP_ToggleLairActivity,GDEQ1911_BP,ToggleLairActivity,,,7E5B893548F2C3C158B3E89F95F656CF,,,,,true,false,1,GameLite/GameData/SpawnActorPrototypes/WorldMap_WP/7E5B893548F2C3C158B3E89F95F656CF.cfg,WorldMap_WP,
Base,GameLite/GameData/QuestNodePrototypes/GDEQ2107_BP.cfg,GDEQ2107_BP_ToggleLairActivity_Activate,GDEQ2107_BP,ToggleLairActivity,,,C5D054424312F7E0EF1211B42D1BA45E,,,,,true,false,1,GameLite/GameData/SpawnActorPrototypes/WorldMap_WP/C5D054424312F7E0EF1211B42D1BA45E.cfg,WorldMap_WP,NodePrototypeVersion=1
Base,GameLite/GameData/QuestNodePrototypes/GDEQ2107_BP.cfg,GDEQ2107_BP_ToggleLairActivity_Deactivate,GDEQ2107_BP,ToggleLairActivity,,,C5D054424312F7E0EF1211B42D1BA45E,,,,,false,false,1,GameLite/GameData/SpawnActorPrototypes/WorldMap_WP/C5D054424312F7E0EF1211B42D1BA45E.cfg,WorldMap_WP,NodePrototypeVersion=1
Base,GameLite/GameData/QuestNodePrototypes/GDEQ2409_BP.cfg,GDEQ2409_BP_ToggleLairActivity,GDEQ2409_BP,ToggleLairActivity,,,380514B84DF95A3E611C9D9E7E3A4C51,,,,,true,false,2,GameLite/GameData/SpawnActorPrototypes/WorldMap_WP/380514B84DF95A3E611C9D9E7E3A4C51.cfg,WorldMap_WP,
Base,GameLite/GameData/QuestNodePrototypes/GDEQ2910_BP.cfg,GDEQ2910_BP_ToggleLairActivity,GDEQ2910_BP,ToggleLairActivity,,,88DD8D0242040DD435375BA0147A3052,,,,,true,false,1,GameLite/GameData/SpawnActorPrototypes/WorldMap_WP/88DD8D0242040DD435375BA0147A3052.cfg,WorldMap_WP,NodePrototypeVersion=1
Base,GameLite/GameData/QuestNodePrototypes/GDEQ2910_BP.cfg,GDEQ2910_BP_ToggleLairActivity_1,GDEQ2910_BP,ToggleLairActivity,,,88DD8D0242040DD435375BA0147A3052,,,,,true,false,2,GameLite/GameData/SpawnActorPrototypes/WorldMap_WP/88DD8D0242040DD435375BA0147A3052.cfg,WorldMap_WP,NodePrototypeVersion=1
Base,GameLite/GameData/QuestNodePrototypes/GDEQ_Template_ActivateLair_BP.cfg,GDEQ_Template_ActivateLair_BP_ToggleLairActivity,GDEQ_Template_ActivateLair_BP,ToggleLairActivity,,,E99E9CF6426C44DCC6106BB79E0EAB87,,,,,true,false,1,,,
Base,GameLite/GameData/QuestNodePrototypes/Garbage_L_Depo_Camp.cfg,Garbage_L_Depo_Camp_ToggleLairActivity_DepoBandits,Garbage_L_Depo_Camp,ToggleLairActivity,,,F4B0122C474BAA578B22CF89EB800E0B,,,,,false,false,4,GameLite/GameData/SpawnActorPrototypes/WorldMap_WP/F4B0122C474BAA578B22CF89EB800E0B.cfg,WorldMap_WP,NodePrototypeVersion=1
Base,GameLite/GameData/QuestNodePrototypes/Garbage_L_Depo_Camp.cfg,Garbage_L_Depo_Camp_ToggleLairActivity_DepoVarta,Garbage_L_Depo_Camp,ToggleLairActivity,,,426CD3964862052EE08179A5DB041859,,,,,false,false,3,GameLite/GameData/SpawnActorPrototypes/WorldMap_WP/426CD3964862052EE08179A5DB041859.cfg,WorldMap_WP,NodePrototypeVersion=1
Base,GameLite/GameData/QuestNodePrototypes/Garbage_L_Factory_Camp.cfg,Garbage_L_Factory_Camp_ToggleLairActivity_BanditsMainOff,Garbage_L_Factory_Camp,ToggleLairActivity,,,9555BF804C0CEC396FDC688C4730F34A,,,,,false,true,1,GameLite/GameData/SpawnActorPrototypes/WorldMap_WP/9555BF804C0CEC396FDC688C4730F34A.cfg,WorldMap_WP,NodePrototypeVersion=1
Base,GameLite/GameData/QuestNodePrototypes/Garbage_L_Factory_Camp.cfg,Garbage_L_Factory_Camp_ToggleLairActivity_BanditsOn,Garbage_L_Factory_Camp,ToggleLairActivity,,,9555BF804C0CEC396FDC688C4730F34A,,,,,true,false,1,GameLite/GameData/SpawnActorPrototypes/WorldMap_WP/9555BF804C0CEC396FDC688C4730F34A.cfg,WorldMap_WP,NodePrototypeVersion=1
Base,GameLite/GameData/QuestNodePrototypes/Garbage_L_Factory_Camp.cfg,Garbage_L_Factory_Camp_ToggleLairActivity_BanditsSouthOff,Garbage_L_Factory_Camp,ToggleLairActivity,,,9D12071F4CFADB5D57B8648EEA903E38,,,,,false,true,1,,,NodePrototypeVersion=1
Base,GameLite/GameData/QuestNodePrototypes/Garbage_L_Factory_Camp.cfg,Garbage_L_Factory_Camp_ToggleLairActivity_BanditsSouthOn,Garbage_L_Factory_Camp,ToggleLairActivity,,,9D12071F4CFADB5D57B8648EEA903E38,,,,,true,false,1,,,NodePrototypeVersion=1
Base,GameLite/GameData/QuestNodePrototypes/Garbage_L_Factory_Camp.cfg,Garbage_L_Factory_Camp_ToggleLairActivity_BoarsOff,Garbage_L_Factory_Camp,ToggleLairActivity,,,DAD9966A4309A82EF590F091928F3B19,,,,,false,true,1,GameLite/GameData/SpawnActorPrototypes/WorldMap_WP/DAD9966A4309A82EF590F091928F3B19.cfg,WorldMap_WP,NodePrototypeVersion=1
Base,GameLite/GameData/QuestNodePrototypes/Garbage_L_Factory_Camp.cfg,Garbage_L_Factory_Camp_ToggleLairActivity_Burer,Garbage_L_Factory_Camp,ToggleLairActivity,,,748D3B894FD76D98A002BDBA2302497C,,,,,false,true,1,GameLite/GameData/SpawnActorPrototypes/WorldMap_WP/748D3B894FD76D98A002BDBA2302497C.cfg,WorldMap_WP,NodePrototypeVersion=1
Base,GameLite/GameData/QuestNodePrototypes/Garbage_L_Factory_Camp.cfg,Garbage_L_Factory_Camp_ToggleLairActivity_Burer1,Garbage_L_Factory_Camp,ToggleLairActivity,,,748D3B894FD76D98A002BDBA2302497C,,,,,true,false,1,GameLite/GameData/SpawnActorPrototypes/WorldMap_WP/748D3B894FD76D98A002BDBA2302497C.cfg,WorldMap_WP,NodePrototypeVersion=1
Base,GameLite/GameData/QuestNodePrototypes/Garbage_L_Factory_Camp.cfg,Garbage_L_Factory_Camp_ToggleLairActivity_Zombie,Garbage_L_Factory_Camp,ToggleLairActivity,,,F146B0A445A00CCF56CC139C2F4748A0,,,,,true,false,1,GameLite/GameData/SpawnActorPrototypes/WorldMap_WP/F146B0A445A00CCF56CC139C2F4748A0.cfg,WorldMap_WP,NodePrototypeVersion=1
Base,GameLite/GameData/QuestNodePrototypes/Garbage_L_Svora_Camp.cfg,Garbage_L_Svora_Camp_ToggleLairActivity_BanditsOff,Garbage_L_Svora_Camp,ToggleLairActivity,,,913172664E4AE654DB0EF8B4A72A185B,,,,,false,true,1,GameLite/GameData/SpawnActorPrototypes/WorldMap_WP/913172664E4AE654DB0EF8B4A72A185B.cfg,WorldMap_WP,NodePrototypeVersion=1
Base,GameLite/GameData/QuestNodePrototypes/Garbage_L_Svora_Camp.cfg,Garbage_L_Svora_Camp_ToggleLairActivity_BanditsOn,Garbage_L_Svora_Camp,ToggleLairActivity,,,913172664E4AE654DB0EF8B4A72A185B,,,,,true,false,1,GameLite/GameData/SpawnActorPrototypes/WorldMap_WP/913172664E4AE654DB0EF8B4A72A185B.cfg,WorldMap_WP,NodePrototypeVersion=2
Base,GameLite/GameData/QuestNodePrototypes/Garbage_L_Voentorg_Camp.cfg,Garbage_L_Voentorg_Camp_ToggleLairActivity_BanditsOff,Garbage_L_Voentorg_Camp,ToggleLairActivity,,,FBF33E574BB156F9E692EF82DD8AF99F,,,,,false,true,1,GameLite/GameData/SpawnActorPrototypes/WorldMap_WP/FBF33E574BB156F9E692EF82DD8AF99F.cfg,WorldMap_WP,NodePrototypeVersion=1
Base,GameLite/GameData/QuestNodePrototypes/Garbage_L_Voentorg_Camp.cfg,Garbage_L_Voentorg_Camp_ToggleLairActivity_BanditsOn,Garbage_L_Voentorg_Camp,ToggleLairActivity,,,FBF33E574BB156F9E692EF82DD8AF99F,,,,,true,false,1,GameLite/GameData/SpawnActorPrototypes/WorldMap_WP/FBF33E574BB156F9E692EF82DD8AF99F.cfg,WorldMap_WP,NodePrototypeVersion=2
Base,GameLite/GameData/QuestNodePrototypes/Garbage_L_Voentorg_Camp.cfg,Garbage_L_Voentorg_Camp_ToggleLairActivity_BloodsuckerOff,Garbage_L_Voentorg_Camp,ToggleLairActivity,,,5202CA634FF6586117EC3A8FDD0C96C2,,,,,false,true,1,,,NodePrototypeVersion=1
Base,GameLite/GameData/QuestNodePrototypes/Garbage_L_Voentorg_Camp.cfg,Garbage_L_Voentorg_Camp_ToggleLairActivity_BloodsuckerOn,Garbage_L_Voentorg_Camp,ToggleLairActivity,,,5202CA634FF6586117EC3A8FDD0C96C2,,,,,true,false,1,,,NodePrototypeVersion=2
Base,GameLite/GameData/QuestNodePrototypes/Himzavod_Hub.cfg,Himzavod_Hub_ToggleLairActivity,Himzavod_Hub,ToggleLairActivity,,,E547E7F04AB63D737C2AC2B3A321396F,,,,,false,true,1,GameLite/GameData/SpawnActorPrototypes/WorldMap_WP/E547E7F04AB63D737C2AC2B3A321396F.cfg,WorldMap_WP,NodePrototypeVersion=1
Base,GameLite/GameData/QuestNodePrototypes/Himzavod_Hub.cfg,Himzavod_Hub_ToggleLairActivity_1,Himzavod_Hub,ToggleLairActivity,,,68CDD5A04042043E33342A87282E1D22,,,,,false,true,1,GameLite/GameData/SpawnActorPrototypes/WorldMap_WP/68CDD5A04042043E33342A87282E1D22.cfg,WorldMap_WP,NodePrototypeVersion=1
Base,GameLite/GameData/QuestNodePrototypes/Himzavod_Hub.cfg,Himzavod_Hub_ToggleLairActivity_2,Himzavod_Hub,ToggleLairActivity,,,5E56F1594C1BC31FFBFA8B9F1275CBA6,,,,,false,true,1,GameLite/GameData/SpawnActorPrototypes/WorldMap_WP/5E56F1594C1BC31FFBFA8B9F1275CBA6.cfg,WorldMap_WP,NodePrototypeVersion=1
Base,GameLite/GameData/QuestNodePrototypes/Himzavod_Hub.cfg,Himzavod_Hub_ToggleLairActivity_3,Himzavod_Hub,ToggleLairActivity,,,E547E7F04AB63D737C2AC2B3A321396F,,,,,true,false,1,GameLite/GameData/SpawnActorPrototypes/WorldMap_WP/E547E7F04AB63D737C2AC2B3A321396F.cfg,WorldMap_WP,NodePrototypeVersion=1
Base,GameLite/GameData/QuestNodePrototypes/Himzavod_Hub.cfg,Himzavod_Hub_ToggleLairActivity_4,Himzavod_Hub,ToggleLairActivity,,,68CDD5A04042043E33342A87282E1D22,,,,,true,false,1,GameLite/GameData/SpawnActorPrototypes/WorldMap_WP/68CDD5A04042043E33342A87282E1D22.cfg,WorldMap_WP,NodePrototypeVersion=1
Base,GameLite/GameData/QuestNodePrototypes/Himzavod_Hub.cfg,Himzavod_Hub_ToggleLairActivity_5,Himzavod_Hub,ToggleLairActivity,,,5E56F1594C1BC31FFBFA8B9F1275CBA6,,,,,true,false,1,GameLite/GameData/SpawnActorPrototypes/WorldMap_WP/5E56F1594C1BC31FFBFA8B9F1275CBA6.cfg,WorldMap_WP,NodePrototypeVersion=1
Base,GameLite/GameData/QuestNodePrototypes/Himzavod_Hub.cfg,Himzavod_Hub_ToggleLairActivity_6,Himzavod_Hub,ToggleLairActivity,,,D99C208343B1DD8FFE1890A2BB09D49A,,,,,false,true,1,GameLite/GameData/SpawnActorPrototypes/WorldMap_WP/D99C208343B1DD8FFE1890A2BB09D49A.cfg,WorldMap_WP,NodePrototypeVersion=1
Base,GameLite/GameData/QuestNodePrototypes/Himzavod_Hub.cfg,Himzavod_Hub_ToggleLairActivity_7,Himzavod_Hub,ToggleLairActivity,,,D99C208343B1DD8FFE1890A2BB09D49A,,,,,true,false,1,GameLite/GameData/SpawnActorPrototypes/WorldMap_WP/D99C208343B1DD8FFE1890A2BB09D49A.cfg,WorldMap_WP,NodePrototypeVersion=1
Base,GameLite/GameData/QuestNodePrototypes/IKARCamp_Hub.cfg,IKARCamp_Hub_ToggleLairActivity,IKARCamp_Hub,ToggleLairActivity,,,1A2AD448471F69126C00A492E4E461CD,,,,,false,true,1,GameLite/GameData/SpawnActorPrototypes/WorldMap_WP/1A2AD448471F69126C00A492E4E461CD.cfg,WorldMap_WP,NodePrototypeVersion=1
Base,GameLite/GameData/QuestNodePrototypes/IKARCamp_Hub.cfg,IKARCamp_Hub_ToggleLairActivity_1,IKARCamp_Hub,ToggleLairActivity,,,38D7AC6A4A174BAA000AF5ADD2D0AA58,,,,,false,true,1,GameLite/GameData/SpawnActorPrototypes/WorldMap_WP/38D7AC6A4A174BAA000AF5ADD2D0AA58.cfg,WorldMap_WP,NodePrototypeVersion=1
Base,GameLite/GameData/QuestNodePrototypes/IKARCamp_Hub.cfg,IKARCamp_Hub_ToggleLairActivity_2,IKARCamp_Hub,ToggleLairActivity,,,3085E7794D0A55A9281505B597C74ED1,,,,,true,true,2,GameLite/GameData/SpawnActorPrototypes/WorldMap_WP/3085E7794D0A55A9281505B597C74ED1.cfg,WorldMap_WP,NodePrototypeVersion=1
Base,GameLite/GameData/QuestNodePrototypes/IKARCamp_Hub.cfg,IKARCamp_Hub_ToggleLairActivity_3,IKARCamp_Hub,ToggleLairActivity,,,46C61A5E4E02DCB2C3CF67884D0C0013,,,,,true,true,1,GameLite/GameData/SpawnActorPrototypes/WorldMap_WP/46C61A5E4E02DCB2C3CF67884D0C0013.cfg,WorldMap_WP,NodePrototypeVersion=1
Base,GameLite/GameData/QuestNodePrototypes/IKARCamp_Hub.cfg,IKARCamp_Hub_ToggleLairActivity_4,IKARCamp_Hub,ToggleLairActivity,,,38D7AC6A4A174BAA000AF5ADD2D0AA58,,,,,false,true,1,GameLite/GameData/SpawnActorPrototypes/WorldMap_WP/38D7AC6A4A174BAA000AF5ADD2D0AA58.cfg,WorldMap_WP,NodePrototypeVersion=1
Base,GameLite/GameData/QuestNodePrototypes/IKARCamp_Hub.cfg,IKARCamp_Hub_ToggleLairActivity_5,IKARCamp_Hub,ToggleLairActivity,,,2D2922F543E89A08DCA05A9C0693A74B,,,,,false,true,1,GameLite/GameData/SpawnActorPrototypes/WorldMap_WP/2D2922F543E89A08DCA05A9C0693A74B.cfg,WorldMap_WP,NodePrototypeVersion=1
Base,GameLite/GameData/QuestNodePrototypes/IKARCamp_Hub.cfg,IKARCamp_Hub_ToggleLairActivity_6,IKARCamp_Hub,ToggleLairActivity,,,36425F0E47172BE66DC59FB404B4A241,,,,,false,true,1,GameLite/GameData/SpawnActorPrototypes/WorldMap_WP/36425F0E47172BE66DC59FB404B4A241.cfg,WorldMap_WP,NodePrototypeVersion=1
Base,GameLite/GameData/QuestNodePrototypes/IKARCamp_Hub.cfg,IKARCamp_Hub_ToggleLairActivity_FixPart2_STD127808_1,IKARCamp_Hub,ToggleLairActivity,,,3085E7794D0A55A9281505B597C74ED1,,,,,true,false,2,GameLite/GameData/SpawnActorPrototypes/WorldMap_WP/3085E7794D0A55A9281505B597C74ED1.cfg,WorldMap_WP,NodePrototypeVersion=2
Base,GameLite/GameData/QuestNodePrototypes/IKARCamp_Hub.cfg,IKARCamp_Hub_ToggleLairActivity_Mutants_Off,IKARCamp_Hub,ToggleLairActivity,,,3085E7794D0A55A9281505B597C74ED1,,,,,false,true,1,GameLite/GameData/SpawnActorPrototypes/WorldMap_WP/3085E7794D0A55A9281505B597C74ED1.cfg,WorldMap_WP,NodePrototypeVersion=1
Base,GameLite/GameData/QuestNodePrototypes/IKARCamp_Hub.cfg,IKARCamp_Hub_ToggleLairActivity_Zombies_Off,IKARCamp_Hub,ToggleLairActivity,,,46C61A5E4E02DCB2C3CF67884D0C0013,,,,,false,true,1,GameLite/GameData/SpawnActorPrototypes/WorldMap_WP/46C61A5E4E02DCB2C3CF67884D0C0013.cfg,WorldMap_WP,NodePrototypeVersion=1
Base,GameLite/GameData/QuestNodePrototypes/Kazkovy_Hub.cfg,Kazkovy_Hub_ToggleLairActivity,Kazkovy_Hub,ToggleLairActivity,,,CFDBF2314E2017A395BBB59D7D0199E8,,,,,false,true,1,GameLite/GameData/SpawnActorPrototypes/WorldMap_WP/CFDBF2314E2017A395BBB59D7D0199E8.cfg,WorldMap_WP,NodePrototypeVersion=2
Base,GameLite/GameData/QuestNodePrototypes/Kazkovy_Hub.cfg,Kazkovy_Hub_ToggleLairActivity_1,Kazkovy_Hub,ToggleLairActivity,,,ED2BA9F24E8469D0C3DD11B8096C1589,,,,,true,false,1,GameLite/GameData/SpawnActorPrototypes/WorldMap_WP/ED2BA9F24E8469D0C3DD11B8096C1589.cfg,WorldMap_WP,NodePrototypeVersion=4
Base,GameLite/GameData/QuestNodePrototypes/Kazkovy_Hub.cfg,Kazkovy_Hub_ToggleLairActivity_2,Kazkovy_Hub,ToggleLairActivity,,,B75F75C5405011FB840A19AB5A6DB261,,,,,true,false,1,GameLite/GameData/SpawnActorPrototypes/WorldMap_WP/B75F75C5405011FB840A19AB5A6DB261.cfg,WorldMap_WP,NodePrototypeVersion=3
Base,GameLite/GameData/QuestNodePrototypes/Kazkovy_Hub.cfg,Kazkovy_Hub_ToggleLairActivity_3,Kazkovy_Hub,ToggleLairActivity,,,B75F75C5405011FB840A19AB5A6DB261,,,,,false,true,1,GameLite/GameData/SpawnActorPrototypes/WorldMap_WP/B75F75C5405011FB840A19AB5A6DB261.cfg,WorldMap_WP,NodePrototypeVersion=1
Base,GameLite/GameData/QuestNodePrototypes/Kazkovy_Hub.cfg,Kazkovy_Hub_ToggleLairActivity_4,Kazkovy_Hub,ToggleLairActivity,,,CFDBF2314E2017A395BBB59D7D0199E8,,,,,true,false,1,GameLite/GameData/SpawnActorPrototypes/WorldMap_WP/CFDBF2314E2017A395BBB59D7D0199E8.cfg,WorldMap_WP,NodePrototypeVersion=3
Base,GameLite/GameData/QuestNodePrototypes/Malahit_Hub.cfg,Malahit_Hub_ToggleLairActivity,Malahit_Hub,ToggleLairActivity,,,64275430439C645A1CBD11BDBF8E31A5,,,,,false,true,1,GameLite/GameData/SpawnActorPrototypes/WorldMap_WP/64275430439C645A1CBD11BDBF8E31A5.cfg,WorldMap_WP,NodePrototypeVersion=1
Base,GameLite/GameData/QuestNodePrototypes/Malahit_Hub.cfg,Malahit_Hub_ToggleLairActivity_1,Malahit_Hub,ToggleLairActivity,,,3E7FDB354035DBC0BB39CDB83C797209,,,,,false,true,1,GameLite/GameData/SpawnActorPrototypes/WorldMap_WP/3E7FDB354035DBC0BB39CDB83C797209.cfg,WorldMap_WP,NodePrototypeVersion=1
Base,GameLite/GameData/QuestNodePrototypes/Malahit_Hub.cfg,Malahit_Hub_ToggleLairActivity_10,Malahit_Hub,ToggleLairActivity,,,6E6849424DC9FC712443F19843A9C29F,,,,,false,true,1,GameLite/GameData/SpawnActorPrototypes/WorldMap_WP/6E6849424DC9FC712443F19843A9C29F.cfg,WorldMap_WP,NodePrototypeVersion=1
Base,GameLite/GameData/QuestNodePrototypes/Malahit_Hub.cfg,Malahit_Hub_ToggleLairActivity_11,Malahit_Hub,ToggleLairActivity,,,6E6849424DC9FC712443F19843A9C29F,,,,,false,true,1,GameLite/GameData/SpawnActorPrototypes/WorldMap_WP/6E6849424DC9FC712443F19843A9C29F.cfg,WorldMap_WP,NodePrototypeVersion=1
Base,GameLite/GameData/QuestNodePrototypes/Malahit_Hub.cfg,Malahit_Hub_ToggleLairActivity_12,Malahit_Hub,ToggleLairActivity,,,F6011ADD4223CE5008FC3FBD15AA15EA,,,,,false,true,1,GameLite/GameData/SpawnActorPrototypes/WorldMap_WP/F6011ADD4223CE5008FC3FBD15AA15EA.cfg,WorldMap_WP,NodePrototypeVersion=1
Base,GameLite/GameData/QuestNodePrototypes/Malahit_Hub.cfg,Malahit_Hub_ToggleLairActivity_2,Malahit_Hub,ToggleLairActivity,,,6E6849424DC9FC712443F19843A9C29F,,,,,true,false,0,GameLite/GameData/SpawnActorPrototypes/WorldMap_WP/6E6849424DC9FC712443F19843A9C29F.cfg,WorldMap_WP,NodePrototypeVersion=2;Launchers=
Base,GameLite/GameData/QuestNodePrototypes/Malahit_Hub.cfg,Malahit_Hub_ToggleLairActivity_3,Malahit_Hub,ToggleLairActivity,,,F6011ADD4223CE5008FC3FBD15AA15EA,,,,,true,false,0,GameLite/GameData/SpawnActorPrototypes/WorldMap_WP/F6011ADD4223CE5008FC3FBD15AA15EA.cfg,WorldMap_WP,NodePrototypeVersion=2;Launchers=
Base,GameLite/GameData/QuestNodePrototypes/Malahit_Hub.cfg,Malahit_Hub_ToggleLairActivity_4,Malahit_Hub,ToggleLairActivity,,,E28D96344F7401A9661F02B8CD028D4A,,,,,false,true,1,GameLite/GameData/SpawnActorPrototypes/WorldMap_WP/E28D96344F7401A9661F02B8CD028D4A.cfg,WorldMap_WP,NodePrototypeVersion=1
Base,GameLite/GameData/QuestNodePrototypes/Malahit_Hub.cfg,Malahit_Hub_ToggleLairActivity_5,Malahit_Hub,ToggleLairActivity,,,AD2305C94E040C8ED4679BA13DD4726D,,,,,false,true,1,GameLite/GameData/SpawnActorPrototypes/WorldMap_WP/AD2305C94E040C8ED4679BA13DD4726D.cfg,WorldMap_WP,NodePrototypeVersion=1
Base,GameLite/GameData/QuestNodePrototypes/Malahit_Hub.cfg,Malahit_Hub_ToggleLairActivity_6,Malahit_Hub,ToggleLairActivity,,,6D043AED4DD707B599814CB3E5243237,,,,,false,true,1,GameLite/GameData/SpawnActorPrototypes/WorldMap_WP/6D043AED4DD707B599814CB3E5243237.cfg,WorldMap_WP,NodePrototypeVersion=1
Base,GameLite/GameData/QuestNodePrototypes/Malahit_Hub.cfg,Malahit_Hub_ToggleLairActivity_7,Malahit_Hub,ToggleLairActivity,,,3E7FDB354035DBC0BB39CDB83C797209,,,,,true,false,1,GameLite/GameData/SpawnActorPrototypes/WorldMap_WP/3E7FDB354035DBC0BB39CDB83C797209.cfg,WorldMap_WP,NodePrototypeVersion=1
Base,GameLite/GameData/QuestNodePrototypes/Malahit_Hub.cfg,Malahit_Hub_ToggleLairActivity_8,Malahit_Hub,ToggleLairActivity,,,460EB6C04467C46E18E216BFFFD300A2,,,,,true,false,1,GameLite/GameData/SpawnActorPrototypes/WorldMap_WP/460EB6C04467C46E18E216BFFFD300A2.cfg,WorldMap_WP,NodePrototypeVersion=1
Base,GameLite/GameData/QuestNodePrototypes/Malahit_Hub.cfg,Malahit_Hub_ToggleLairActivity_9,Malahit_Hub,ToggleLairActivity,,,F6011ADD4223CE5008FC3FBD15AA15EA,,,,,false,true,1,GameLite/GameData/SpawnActorPrototypes/WorldMap_WP/F6011ADD4223CE5008FC3FBD15AA15EA.cfg,WorldMap_WP,NodePrototypeVersion=1
Base,GameLite/GameData/QuestNodePrototypes/Malahit_Hub.cfg,Malahit_Hub_ToggleLairActivity_SherifVarta,Malahit_Hub,ToggleLairActivity,,,DF4276A3477C984052B3A7AFF9D7ADD4,,,,,false,true,1,,,NodePrototypeVersion=1
Base,GameLite/GameData/QuestNodePrototypes/Malahit_Hub.cfg,Malahit_Hub_ToggleLairActivity_SherifVarta_2,Malahit_Hub,ToggleLairActivity,,,FEDE67BE487BBB7E0FD9DE95120C67F9,,,,,false,true,1,,,NodePrototypeVersion=1
Base,GameLite/GameData/QuestNodePrototypes/NoonBase_Hub.cfg,NoonBase_Hub_ToggleLairActivity,NoonBase_Hub,ToggleLairActivity,,,4C541B6F42230CE4AFB31C8702CCB6F1,,,,,false,true,1,GameLite/GameData/SpawnActorPrototypes/WorldMap_WP/4C541B6F42230CE4AFB31C8702CCB6F1.cfg,WorldMap_WP,NodePrototypeVersion=1
Base,GameLite/GameData/QuestNodePrototypes/NoonBase_Hub.cfg,NoonBase_Hub_ToggleLairActivity_1,NoonBase_Hub,ToggleLairActivity,,,DD6E36704D3822838F98C7BAA11978FF,,,,,false,true,1,GameLite/GameData/SpawnActorPrototypes/WorldMap_WP/DD6E36704D3822838F98C7BAA11978FF.cfg,WorldMap_WP,NodePrototypeVersion=1
Base,GameLite/GameData/QuestNodePrototypes/NoonBase_Hub.cfg,NoonBase_Hub_ToggleLairActivity_10,NoonBase_Hub,ToggleLairActivity,,,D0AAEBDF4E59E95456FEEB9592278892,,,,,false,true,1,GameLite/GameData/SpawnActorPrototypes/WorldMap_WP/D0AAEBDF4E59E95456FEEB9592278892.cfg,WorldMap_WP,NodePrototypeVersion=1
Base,GameLite/GameData/QuestNodePrototypes/NoonBase_Hub.cfg,NoonBase_Hub_ToggleLairActivity_11,NoonBase_Hub,ToggleLairActivity,,,376CF1EC435B03A53E384AA824ACE5AB,,,,,false,true,1,GameLite/GameData/SpawnActorPrototypes/WorldMap_WP/376CF1EC435B03A53E384AA824ACE5AB.cfg,WorldMap_WP,NodePrototypeVersion=1
Base,GameLite/GameData/QuestNodePrototypes/NoonBase_Hub.cfg,NoonBase_Hub_ToggleLairActivity_12,NoonBase_Hub,ToggleLairActivity,,,0D1F817A4F04B74A978E148542E57B2F,,,,,true,false,1,GameLite/GameData/SpawnActorPrototypes/WorldMap_WP/0D1F817A4F04B74A978E148542E57B2F.cfg,WorldMap_WP,NodePrototypeVersion=1
Base,GameLite/GameData/QuestNodePrototypes/NoonBase_Hub.cfg,NoonBase_Hub_ToggleLairActivity_13,NoonBase_Hub,ToggleLairActivity,,,B498F5F74DC837BB8D9693BEA1E7760B,,,,,false,true,1,GameLite/GameData/SpawnActorPrototypes/WorldMap_WP/B498F5F74DC837BB8D9693BEA1E7760B.cfg,WorldMap_WP,NodePrototypeVersion=1
Base,GameLite/GameData/QuestNodePrototypes/NoonBase_Hub.cfg,NoonBase_Hub_ToggleLairActivity_14,NoonBase_Hub,ToggleLairActivity,,,B40B50144D7C4523D2F91085C1D78D93,,,,,true,false,1,GameLite/GameData/SpawnActorPrototypes/WorldMap_WP/B40B50144D7C4523D2F91085C1D78D93.cfg,WorldMap_WP,NodePrototypeVersion=1
Base,GameLite/GameData/QuestNodePrototypes/NoonBase_Hub.cfg,NoonBase_Hub_ToggleLairActivity_16,NoonBase_Hub,ToggleLairActivity,,,28BF3E5945D050A78B6924B8CF56EBEC,,,,,false,true,1,GameLite/GameData/SpawnActorPrototypes/WorldMap_WP/28BF3E5945D050A78B6924B8CF56EBEC.cfg,WorldMap_WP,NodePrototypeVersion=1
Base,GameLite/GameData/QuestNodePrototypes/NoonBase_Hub.cfg,NoonBase_Hub_ToggleLairActivity_2,NoonBase_Hub,ToggleLairActivity,,,4926E9234F53D13036E3FD9C81611D0D,,,,,false,true,1,GameLite/GameData/SpawnActorPrototypes/WorldMap_WP/4926E9234F53D13036E3FD9C81611D0D.cfg,WorldMap_WP,NodePrototypeVersion=1
Base,GameLite/GameData/QuestNodePrototypes/NoonBase_Hub.cfg,NoonBase_Hub_ToggleLairActivity_3,NoonBase_Hub,ToggleLairActivity,,,B8ADBE4C41F4CAB93F28C4B12D65BF0B,,,,,false,true,1,GameLite/GameData/SpawnActorPrototypes/WorldMap_WP/B8ADBE4C41F4CAB93F28C4B12D65BF0B.cfg,WorldMap_WP,NodePrototypeVersion=1
Base,GameLite/GameData/QuestNodePrototypes/NoonBase_Hub.cfg,NoonBase_Hub_ToggleLairActivity_4,NoonBase_Hub,ToggleLairActivity,,,A829B7844462E06892AC589D1B15008D,,,,,false,true,1,GameLite/GameData/SpawnActorPrototypes/WorldMap_WP/A829B7844462E06892AC589D1B15008D.cfg,WorldMap_WP,NodePrototypeVersion=1
Base,GameLite/GameData/QuestNodePrototypes/NoonBase_Hub.cfg,NoonBase_Hub_ToggleLairActivity_5,NoonBase_Hub,ToggleLairActivity,,,B0325BCC4D7CD9488617DB9D4516BABB,,,,,false,true,1,GameLite/GameData/SpawnActorPrototypes/WorldMap_WP/B0325BCC4D7CD9488617DB9D4516BABB.cfg,WorldMap_WP,NodePrototypeVersion=1
Base,GameLite/GameData/QuestNodePrototypes/NoonBase_Hub.cfg,NoonBase_Hub_ToggleLairActivity_6,NoonBase_Hub,ToggleLairActivity,,,409FCB2D4D81894F2A6B0499448E827B,,,,,false,true,1,GameLite/GameData/SpawnActorPrototypes/WorldMap_WP/409FCB2D4D81894F2A6B0499448E827B.cfg,WorldMap_WP,NodePrototypeVersion=1
Base,GameLite/GameData/QuestNodePrototypes/NoonBase_Hub.cfg,NoonBase_Hub_ToggleLairActivity_7,NoonBase_Hub,ToggleLairActivity,,,0E6CA02D4FBA015301DC33B7EC9D6B4F,,,,,true,false,1,,,NodePrototypeVersion=1
Base,GameLite/GameData/QuestNodePrototypes/NoonBase_Hub.cfg,NoonBase_Hub_ToggleLairActivity_8,NoonBase_Hub,ToggleLairActivity,,,0E6CA02D4FBA015301DC33B7EC9D6B4F,,,,,false,true,1,,,NodePrototypeVersion=1
Base,GameLite/GameData/QuestNodePrototypes/NoonBase_Hub.cfg,NoonBase_Hub_ToggleLairActivity_9,NoonBase_Hub,ToggleLairActivity,,,D0AAEBDF4E59E95456FEEB9592278892,,,,,true,false,1,GameLite/GameData/SpawnActorPrototypes/WorldMap_WP/D0AAEBDF4E59E95456FEEB9592278892.cfg,WorldMap_WP,NodePrototypeVersion=1
Base,GameLite/GameData/QuestNodePrototypes/Promzona_L.cfg,Promzona_L_ToggleLairActivity_Despawn,Promzona_L,ToggleLairActivity,,,5DF735EF497493E2BC1E3C99095A8438,,,,,false,true,2,GameLite/GameData/SpawnActorPrototypes/WorldMap_WP/5DF735EF497493E2BC1E3C99095A8438.cfg,WorldMap_WP,NodePrototypeVersion=1
Base,GameLite/GameData/QuestNodePrototypes/QTC.cfg,QTC_ForceDespawnLair_1,QTC,ToggleLairActivity,,,1EBDA5934B12C1CF0738498BAB417457,,,,,false,true,1,GameLite/GameData/SpawnActorPrototypes/QuestToolCombatTestMap_Deprecated/1EBDA5934B12C1CF0738498BAB417457.cfg,QuestToolCombatTestMap_Deprecated,NodePrototypeVersion=1
Base,GameLite/GameData/QuestNodePrototypes/QTC.cfg,QTC_LairActivated_2,QTC,ToggleLairActivity,,,1EBDA5934B12C1CF0738498BAB417457,,,,,true,false,1,GameLite/GameData/SpawnActorPrototypes/QuestToolCombatTestMap_Deprecated/1EBDA5934B12C1CF0738498BAB417457.cfg,QuestToolCombatTestMap_Deprecated,NodePrototypeVersion=1
Base,GameLite/GameData/QuestNodePrototypes/QTC.cfg,QTC_LairActivated_4,QTC,ToggleLairActivity,,,1EBDA5934B12C1CF0738498BAB417457,,,,,true,false,1,GameLite/GameData/SpawnActorPrototypes/QuestToolCombatTestMap_Deprecated/1EBDA5934B12C1CF0738498BAB417457.cfg,QuestToolCombatTestMap_Deprecated,NodePrototypeVersion=1
Base,GameLite/GameData/QuestNodePrototypes/QTC.cfg,QTC_LairDeactivated_4,QTC,ToggleLairActivity,,,1EBDA5934B12C1CF0738498BAB417457,,,,,false,false,1,GameLite/GameData/SpawnActorPrototypes/QuestToolCombatTestMap_Deprecated/1EBDA5934B12C1CF0738498BAB417457.cfg,QuestToolCombatTestMap_Deprecated,NodePrototypeVersion=1
Base,GameLite/GameData/QuestNodePrototypes/QTC.cfg,QTC_ProtectLairNPCSquadItem_BP_NPCPlaceholder188,QTC,ProtectLairNPCSquadItem,,,78D6874D4CF687B6211AECA49267F1E8,,,,,,,1,GameLite/GameData/SpawnActorPrototypes/QuestToolCombatTestMap_WP/78D6874D4CF687B6211AECA49267F1E8.cfg,QuestToolCombatTestMap_WP,NodePrototypeVersion=1
Base,GameLite/GameData/QuestNodePrototypes/QTC.cfg,QTC_ProtectLairNPCSquadItem_BP_SquadPlaceholder57,QTC,ProtectLairNPCSquadItem,,,44569875498762D0960C7A8F1E4FB93D,,,,,,,1,GameLite/GameData/SpawnActorPrototypes/QuestToolCombatTestMap_WP/44569875498762D0960C7A8F1E4FB93D.cfg,QuestToolCombatTestMap_WP,NodePrototypeVersion=1
Base,GameLite/GameData/QuestNodePrototypes/QTC.cfg,QTC_ToggleLairActivity,QTC,ToggleLairActivity,,,E12BE16641C1B1EDD1501AAE43D65583,,,,,true,false,1,GameLite/GameData/SpawnActorPrototypes/QuestToolCombatTestMap_WP/E12BE16641C1B1EDD1501AAE43D65583.cfg,QuestToolCombatTestMap_WP,NodePrototypeVersion=1
Base,GameLite/GameData/QuestNodePrototypes/QTC.cfg,QTC_ToggleLairActivity_1,QTC,ToggleLairActivity,,,E12BE16641C1B1EDD1501AAE43D65583,,,,,false,true,1,GameLite/GameData/SpawnActorPrototypes/QuestToolCombatTestMap_WP/E12BE16641C1B1EDD1501AAE43D65583.cfg,QuestToolCombatTestMap_WP,NodePrototypeVersion=1
Base,GameLite/GameData/QuestNodePrototypes/RSQ01_C01.cfg,RSQ01_C01_ProtectLairNPCSquadItem_BP_DeadBodyMilitaryCourier,RSQ01_C01,ProtectLairNPCSquadItem,,,2F20910D46EFCCF359016684B238E6EF,,,,,,,2,GameLite/GameData/SpawnActorPrototypes/WorldMap_WP/RSQ01_LogicLevel_WP/2F20910D46EFCCF359016684B238E6EF.cfg,WorldMap_WP/RSQ01_LogicLevel_WP,NodePrototypeVersion=2
Base,GameLite/GameData/QuestNodePrototypes/RSQ01_C01.cfg,RSQ01_C01_ProtectLairNPCSquadItem_BP_DeadBodyMilitaryCourier2,RSQ01_C01,ProtectLairNPCSquadItem,,,D53FF5CF463756BBBB4A91B116395CA4,,,,,,,1,GameLite/GameData/SpawnActorPrototypes/WorldMap_WP/RSQ01_LogicLevel_WP/D53FF5CF463756BBBB4A91B116395CA4.cfg,WorldMap_WP/RSQ01_LogicLevel_WP,NodePrototypeVersion=1
Base,GameLite/GameData/QuestNodePrototypes/RSQ01_C06.cfg,RSQ01_C06_ProtectLairNPCSquadItem_BP_DeadNewbie_1,RSQ01_C06,ProtectLairNPCSquadItem,,,0C18CBB8410D93A7090FFABE81B0C55D,,,,,,,1,GameLite/GameData/SpawnActorPrototypes/WorldMap_WP/RSQ01_LogicLevel_WP/0C18CBB8410D93A7090FFABE81B0C55D.cfg,WorldMap_WP/RSQ01_LogicLevel_WP,NodePrototypeVersion=1
Base,GameLite/GameData/QuestNodePrototypes/RSQ01_C06.cfg,RSQ01_C06_ProtectLairNPCSquadItem_BP_DeadNewbie_2,RSQ01_C06,ProtectLairNPCSquadItem,,,CD9CF5EF402BBA5135FC2FAFCAF259F6,,,,,,,1,GameLite/GameData/SpawnActorPrototypes/WorldMap_WP/RSQ01_LogicLevel_WP/CD9CF5EF402BBA5135FC2FAFCAF259F6.cfg,WorldMap_WP/RSQ01_LogicLevel_WP,NodePrototypeVersion=1
Base,GameLite/GameData/QuestNodePrototypes/RSQ01_C06.cfg,RSQ01_C06_ProtectLairNPCSquadItem_BP_DeadNewbie_3,RSQ01_C06,ProtectLairNPCSquadItem,,,6704D2334BFE011CB192A6837B50219B,,,,,,,1,GameLite/GameData/SpawnActorPrototypes/WorldMap_WP/RSQ01_LogicLevel_WP/6704D2334BFE011CB192A6837B50219B.cfg,WorldMap_WP/RSQ01_LogicLevel_WP,NodePrototypeVersion=1
Base,GameLite/GameData/QuestNodePrototypes/RSQ04_C10.cfg,RSQ04_C10_ProtectLairNPCSquadItem_BP_NPCPlaceholder_RSQ04_C10,RSQ04_C10,ProtectLairNPCSquadItem,,,576E3A7743203608F370779D6B525B8A,,,,,,,1,GameLite/GameData/SpawnActorPrototypes/WorldMap_WP/RSQ04_LogicLevel_WP/576E3A7743203608F370779D6B525B8A.cfg,WorldMap_WP/RSQ04_LogicLevel_WP,NodePrototypeVersion=1
Base,GameLite/GameData/QuestNodePrototypes/RSQ04_C10.cfg,RSQ04_C10_ProtectLairNPCSquadItem_BP_SquadPlaceholder_RSQ04_C10,RSQ04_C10,ProtectLairNPCSquadItem,,,623E1A0843DC112F0CB9F689D81B00AC,,,,,,,1,GameLite/GameData/SpawnActorPrototypes/WorldMap_WP/RSQ04_LogicLevel_WP/623E1A0843DC112F0CB9F689D81B00AC.cfg,WorldMap_WP/RSQ04_LogicLevel_WP,NodePrototypeVersion=1
Base,GameLite/GameData/QuestNodePrototypes/RSQ07_C01_K_Z.cfg,RSQ07_C01_K_Z_ToggleLairActivity,RSQ07_C01_K_Z,ToggleLairActivity,,,FA99D30246EE05104D7B36B3263FC7CB,,,,,false,true,1,GameLite/GameData/SpawnActorPrototypes/WorldMap_WP/FA99D30246EE05104D7B36B3263FC7CB.cfg,WorldMap_WP,NodePrototypeVersion=1
Base,GameLite/GameData/QuestNodePrototypes/RSQ07_C01_K_Z.cfg,RSQ07_C01_K_Z_ToggleLairActivity_1,RSQ07_C01_K_Z,ToggleLairActivity,,,FA99D30246EE05104D7B36B3263FC7CB,,,,,true,false,2,GameLite/GameData/SpawnActorPrototypes/WorldMap_WP/FA99D30246EE05104D7B36B3263FC7CB.cfg,WorldMap_WP,NodePrototypeVersion=1
Base,GameLite/GameData/QuestNodePrototypes/RSQ07_C04_K_B.cfg,RSQ07_C04_K_B_ToggleLairActivity,RSQ07_C04_K_B,ToggleLairActivity,,,AAA3518743688335F477918FF79FF669,,,,,false,true,1,GameLite/GameData/SpawnActorPrototypes/WorldMap_WP/AAA3518743688335F477918FF79FF669.cfg,WorldMap_WP,NodePrototypeVersion=1
Base,GameLite/GameData/QuestNodePrototypes/RSQ07_C04_K_B.cfg,RSQ07_C04_K_B_ToggleLairActivity_1,RSQ07_C04_K_B,ToggleLairActivity,,,AAA3518743688335F477918FF79FF669,,,,,true,false,2,GameLite/GameData/SpawnActorPrototypes/WorldMap_WP/AAA3518743688335F477918FF79FF669.cfg,WorldMap_WP,NodePrototypeVersion=1
Base,GameLite/GameData/QuestNodePrototypes/RSQ07_C09_S_P.cfg,RSQ07_C09_S_P_ProtectLairNPCSquadItem_BP_ItemPlaceholder_S_P_C09,RSQ07_C09_S_P,ProtectLairNPCSquadItem,,,9985DFD0432FF89CB625E58BF38B4AD3,,,,,,,1,GameLite/GameData/SpawnActorPrototypes/WorldMap_WP/RSQ07_LogicLevel_WP/9985DFD0432FF89CB625E58BF38B4AD3.cfg,WorldMap_WP/RSQ07_LogicLevel_WP,NodePrototypeVersion=1
Base,GameLite/GameData/QuestNodePrototypes/RSQ10_C09_S_P.cfg,RSQ10_C09_S_P_ProtectLairNPCSquadItem_BP_SquadPlaceholder_S_P_C09_V1,RSQ10_C09_S_P,ProtectLairNPCSquadItem,,,5721FE5B4AD1AFC618528E809530B427,,,,,,,1,GameLite/GameData/SpawnActorPrototypes/WorldMap_WP/RSQ10_LogicLevel_WP/5721FE5B4AD1AFC618528E809530B427.cfg,WorldMap_WP/RSQ10_LogicLevel_WP,NodePrototypeVersion=1
Base,GameLite/GameData/QuestNodePrototypes/RSQ10_C09_S_P.cfg,RSQ10_C09_S_P_ProtectLairNPCSquadItem_BP_SquadPlaceholder_S_P_C09_V2,RSQ10_C09_S_P,ProtectLairNPCSquadItem,,,67AE587B46ED3436A4ED9480CE4FE95D,,,,,,,1,GameLite/GameData/SpawnActorPrototypes/WorldMap_WP/RSQ10_LogicLevel_WP/67AE587B46ED3436A4ED9480CE4FE95D.cfg,WorldMap_WP/RSQ10_LogicLevel_WP,NodePrototypeVersion=1
Base,GameLite/GameData/QuestNodePrototypes/SEQ01.cfg,SEQ01_ProtectLairNPCSquadItem_not_set!,SEQ01,ProtectLairNPCSquadItem,,,FFACCCAB4810C3C83D5AFD8635CA9913,,,,,,,1,GameLite/GameData/SpawnActorPrototypes/WorldMap_WP/SEQ01_LogicLevel_WP/FFACCCAB4810C3C83D5AFD8635CA9913.cfg,WorldMap_WP/SEQ01_LogicLevel_WP,
Base,GameLite/GameData/QuestNodePrototypes/SEQ03.cfg,SEQ03_ProtectLairNPCSquadItem_BP_DeadBody_SEQ03,SEQ03,ProtectLairNPCSquadItem,,,5EFB04224B75F171ECF1F99D94BDDA81,,,,,,,1,GameLite/GameData/SpawnActorPrototypes/WorldMap_WP/SEQ03_LogicLevel_WP/5EFB04224B75F171ECF1F99D94BDDA81.cfg,WorldMap_WP/SEQ03_LogicLevel_WP,NodePrototypeVersion=1
Base,GameLite/GameData/QuestNodePrototypes/SEQ04.cfg,SEQ04_ProtectLairNPCSquadItem_BP_DeadBody_Scientist_SEQ04,SEQ04,ProtectLairNPCSquadItem,,,C3375E954A1C2805E922F2B5281DF98A,,,,,,,1,GameLite/GameData/SpawnActorPrototypes/WorldMap_WP/SEQ04_LogicLevel_WP/C3375E954A1C2805E922F2B5281DF98A.cfg,WorldMap_WP/SEQ04_LogicLevel_WP,NodePrototypeVersion=1
Base,GameLite/GameData/QuestNodePrototypes/SEQ05.cfg,SEQ05_ProtectLairNPCSquadItem_BP_DeadBody_SEQ05,SEQ05,ProtectLairNPCSquadItem,,,F3CAE7F7456E16F76C6F7FA48176990C,,,,,,,1,GameLite/GameData/SpawnActorPrototypes/WorldMap_WP/SEQ05_LogicLevel_WP/F3CAE7F7456E16F76C6F7FA48176990C.cfg,WorldMap_WP/SEQ05_LogicLevel_WP,NodePrototypeVersion=1
Base,GameLite/GameData/QuestNodePrototypes/SEQ06.cfg,SEQ06_ProtectLairNPCSquadItem_BP_NPC_Stalker_SEQ06,SEQ06,ProtectLairNPCSquadItem,,,DD6B063F43C098BF5DD58594418B269D,,,,,,,1,GameLite/GameData/SpawnActorPrototypes/WorldMap_WP/SEQ06_LogicLevel_WP/DD6B063F43C098BF5DD58594418B269D.cfg,WorldMap_WP/SEQ06_LogicLevel_WP,NodePrototypeVersion=1
Base,GameLite/GameData/QuestNodePrototypes/SEQ06_P.cfg,SEQ06_P_ToggleLairActivity,SEQ06_P,ToggleLairActivity,,,09D3CC394214DCD41E8648A3E9A5E542,,,,,false,true,2,GameLite/GameData/SpawnActorPrototypes/WorldMap_WP/09D3CC394214DCD41E8648A3E9A5E542.cfg,WorldMap_WP,NodePrototypeVersion=1
Base,GameLite/GameData/QuestNodePrototypes/SEQ06_P.cfg,SEQ06_P_ToggleLairActivity_1,SEQ06_P,ToggleLairActivity,,,09D3CC394214DCD41E8648A3E9A5E542,,,,,true,false,1,GameLite/GameData/SpawnActorPrototypes/WorldMap_WP/09D3CC394214DCD41E8648A3E9A5E542.cfg,WorldMap_WP,NodePrototypeVersion=1
Base,GameLite/GameData/QuestNodePrototypes/SEQ08.cfg,SEQ08_ProtectLairNPCSquadItem_BP_DeadBody_SEQ08,SEQ08,ProtectLairNPCSquadItem,,,CEC86E4841E6EECECA610D84734935A9,,,,,,,1,GameLite/GameData/SpawnActorPrototypes/WorldMap_WP/SEQ08_LogicLevel_WP/CEC86E4841E6EECECA610D84734935A9.cfg,WorldMap_WP/SEQ08_LogicLevel_WP,
Base,GameLite/GameData/QuestNodePrototypes/SQ02.cfg,SQ02_ProtectNPC_Pomor,SQ02,ProtectLairNPCSquadItem,,,1652EC744CE8BA330DDF59977ED55B32,,,,,,,1,GameLite/GameData/SpawnActorPrototypes/WorldMap_WP/SQ02_LogicLevel_WP/1652EC744CE8BA330DDF59977ED55B32.cfg,WorldMap_WP/SQ02_LogicLevel_WP,NodePrototypeVersion=1
Base,GameLite/GameData/QuestNodePrototypes/SQ03.cfg,SQ03_ProtectLairNPC_Subota,SQ03,ProtectLairNPCSquadItem,,,C6922EF14C984B24EE363D9C4D1839EA,,,,,,,2,GameLite/GameData/SpawnActorPrototypes/WorldMap_WP/SQ03_LogicLevel_WP/C6922EF14C984B24EE363D9C4D1839EA.cfg,WorldMap_WP/SQ03_LogicLevel_WP,NodePrototypeVersion=1
Base,GameLite/GameData/QuestNodePrototypes/SQ03_P.cfg,SQ03_P_ProtectNPC,SQ03_P,ProtectLairNPCSquadItem,,,9E213A4943FC0BFE67A6A4A644D96792,,,,,,,1,GameLite/GameData/SpawnActorPrototypes/WorldMap_WP/SQ03_LogicLevel_WP/9E213A4943FC0BFE67A6A4A644D96792.cfg,WorldMap_WP/SQ03_LogicLevel_WP,NodePrototypeVersion=1
Base,GameLite/GameData/QuestNodePrototypes/SQ03_P.cfg,SQ03_P_ProtectNPC_1,SQ03_P,ProtectLairNPCSquadItem,,,F7C3910A4CC1EFA4178EB8B088534FCB,,,,,,,1,GameLite/GameData/SpawnActorPrototypes/WorldMap_WP/SQ03_LogicLevel_WP/F7C3910A4CC1EFA4178EB8B088534FCB.cfg,WorldMap_WP/SQ03_LogicLevel_WP,NodePrototypeVersion=1
Base,GameLite/GameData/QuestNodePrototypes/SQ03_P.cfg,SQ03_P_ProtectNPC_2,SQ03_P,ProtectLairNPCSquadItem,,,C6922EF14C984B24EE363D9C4D1839EA,,,,,,,1,GameLite/GameData/SpawnActorPrototypes/WorldMap_WP/SQ03_LogicLevel_WP/C6922EF14C984B24EE363D9C4D1839EA.cfg,WorldMap_WP/SQ03_LogicLevel_WP,NodePrototypeVersion=1
Base,GameLite/GameData/QuestNodePrototypes/SQ05.cfg,SQ05_ToggleLairActivity,SQ05,ToggleLairActivity,,,D572E86F4731BBEA4FF886B31CA49E99,,,,,false,true,1,GameLite/GameData/SpawnActorPrototypes/WorldMap_WP/D572E86F4731BBEA4FF886B31CA49E99.cfg,WorldMap_WP,NodePrototypeVersion=1
Base,GameLite/GameData/QuestNodePrototypes/SQ05_OWL.cfg,SQ05_OWL_ToggleLairActivity,SQ05_OWL,ToggleLairActivity,,,D572E86F4731BBEA4FF886B31CA49E99,,,,,true,false,1,GameLite/GameData/SpawnActorPrototypes/WorldMap_WP/D572E86F4731BBEA4FF886B31CA49E99.cfg,WorldMap_WP,NodePrototypeVersion=1
Base,GameLite/GameData/QuestNodePrototypes/SQ05_OWL.cfg,SQ05_OWL_ToggleLairActivity_Boiler,SQ05_OWL,ToggleLairActivity,,,D572E86F4731BBEA4FF886B31CA49E99,,,,,false,true,2,GameLite/GameData/SpawnActorPrototypes/WorldMap_WP/D572E86F4731BBEA4FF886B31CA49E99.cfg,WorldMap_WP,NodePrototypeVersion=1
Base,GameLite/GameData/QuestNodePrototypes/SQ06.cfg,SQ06_ToggleLairActivity,SQ06,ToggleLairActivity,,,5F5186214B87C4D2E76C15BD7664896A,,,,,true,false,1,GameLite/GameData/SpawnActorPrototypes/WorldMap_WP/5F5186214B87C4D2E76C15BD7664896A.cfg,WorldMap_WP,NodePrototypeVersion=1
Base,GameLite/GameData/QuestNodePrototypes/SQ100_Volhov_Ambush.cfg,SQ100_Volhov_Ambush_ToggleLairActivity,SQ100_Volhov_Ambush,ToggleLairActivity,,,28F5D2B7494994A098203CA367870351,,,,,false,true,1,GameLite/GameData/SpawnActorPrototypes/WorldMap_WP/28F5D2B7494994A098203CA367870351.cfg,WorldMap_WP,NodePrototypeVersion=1
Base,GameLite/GameData/QuestNodePrototypes/SQ101_C01.cfg,SQ101_C01_ToggleLairActivity,SQ101_C01,ToggleLairActivity,,,C9A7D0A2419B92AB0129ACAD57BEF509,,,,,false,true,1,GameLite/GameData/SpawnActorPrototypes/WorldMap_WP/C9A7D0A2419B92AB0129ACAD57BEF509.cfg,WorldMap_WP,NodePrototypeVersion=1
Base,GameLite/GameData/QuestNodePrototypes/SQ101_C01.cfg,SQ101_C01_ToggleLairActivity_1,SQ101_C01,ToggleLairActivity,,,CFBB5D4C4F29D322C346E3BE2F2DDB40,,,,,false,true,1,GameLite/GameData/SpawnActorPrototypes/WorldMap_WP/CFBB5D4C4F29D322C346E3BE2F2DDB40.cfg,WorldMap_WP,NodePrototypeVersion=1
Base,GameLite/GameData/QuestNodePrototypes/SQ101_C01.cfg,SQ101_C01_ToggleLairActivity_2,SQ101_C01,ToggleLairActivity,,,C9A7D0A2419B92AB0129ACAD57BEF509,,,,,true,false,1,GameLite/GameData/SpawnActorPrototypes/WorldMap_WP/C9A7D0A2419B92AB0129ACAD57BEF509.cfg,WorldMap_WP,NodePrototypeVersion=1
Base,GameLite/GameData/QuestNodePrototypes/SQ101_C01.cfg,SQ101_C01_ToggleLairActivity_3,SQ101_C01,ToggleLairActivity,,,CFBB5D4C4F29D322C346E3BE2F2DDB40,,,,,true,false,1,GameLite/GameData/SpawnActorPrototypes/WorldMap_WP/CFBB5D4C4F29D322C346E3BE2F2DDB40.cfg,WorldMap_WP,NodePrototypeVersion=1
Base,GameLite/GameData/QuestNodePrototypes/SQ103_P.cfg,SQ103_P_ToggleLairActivity,SQ103_P,ToggleLairActivity,,,B5D4C3B74242E8219335EE9CC7C58B92,,,,,false,false,1,GameLite/GameData/SpawnActorPrototypes/WorldMap_WP/B5D4C3B74242E8219335EE9CC7C58B92.cfg,WorldMap_WP,NodePrototypeVersion=1
Base,GameLite/GameData/QuestNodePrototypes/SQ103_P.cfg,SQ103_P_ToggleLairActivity_1,SQ103_P,ToggleLairActivity,,,C78B5F4B4F599F319839D5BDAA271845,,,,,false,false,1,,,NodePrototypeVersion=1
Base,GameLite/GameData/QuestNodePrototypes/SQ103_P.cfg,SQ103_P_ToggleLairActivity_2,SQ103_P,ToggleLairActivity,,,B5D4C3B74242E8219335EE9CC7C58B92,,,,,true,false,1,GameLite/GameData/SpawnActorPrototypes/WorldMap_WP/B5D4C3B74242E8219335EE9CC7C58B92.cfg,WorldMap_WP,NodePrototypeVersion=1
Base,GameLite/GameData/QuestNodePrototypes/SQ103_P.cfg,SQ103_P_ToggleLairActivity_3,SQ103_P,ToggleLairActivity,,,C78B5F4B4F599F319839D5BDAA271845,,,,,true,false,1,,,NodePrototypeVersion=1
Base,GameLite/GameData/QuestNodePrototypes/SQ10_P.cfg,SQ10_P_Protect_HogsSquad,SQ10_P,ProtectLairNPCSquadItem,,,9519D8F84A38FC21676E1CB78156E474,,,,,,,2,GameLite/GameData/SpawnActorPrototypes/WorldMap_WP/SQ10_LogicLevel_WP/9519D8F84A38FC21676E1CB78156E474.cfg,WorldMap_WP/SQ10_LogicLevel_WP,NodePrototypeVersion=1
Base,GameLite/GameData/QuestNodePrototypes/SQ10_P.cfg,SQ10_P_Protect_Jamper,SQ10_P,ProtectLairNPCSquadItem,,,AD0A988342B4B1B64C6B509300987A54,,,,,,,2,GameLite/GameData/SpawnActorPrototypes/WorldMap_WP/SQ10_LogicLevel_WP/AD0A988342B4B1B64C6B509300987A54.cfg,WorldMap_WP/SQ10_LogicLevel_WP,NodePrototypeVersion=1
Base,GameLite/GameData/QuestNodePrototypes/SQ10_P.cfg,SQ10_P_Protect_Siniay,SQ10_P,ProtectLairNPCSquadItem,,,F4159C6F480A373749B18E8D57659DB9,,,,,,,2,GameLite/GameData/SpawnActorPrototypes/WorldMap_WP/SQ10_LogicLevel_WP/F4159C6F480A373749B18E8D57659DB9.cfg,WorldMap_WP/SQ10_LogicLevel_WP,NodePrototypeVersion=1
Base,GameLite/GameData/QuestNodePrototypes/SQ10_P.cfg,SQ10_P_ToggleLairActivity_BurerAfterQuest_Activate,SQ10_P,ToggleLairActivity,,,1F21F6B94E21E04F6909018A9AEFA94D,,,,,true,false,2,GameLite/GameData/SpawnActorPrototypes/WorldMap_WP/1F21F6B94E21E04F6909018A9AEFA94D.cfg,WorldMap_WP,NodePrototypeVersion=1
Base,GameLite/GameData/QuestNodePrototypes/SQ10_P.cfg,SQ10_P_ToggleLairActivity_BurerAfterQuest_Despawn,SQ10_P,ToggleLairActivity,,,1F21F6B94E21E04F6909018A9AEFA94D,,,,,false,true,1,GameLite/GameData/SpawnActorPrototypes/WorldMap_WP/1F21F6B94E21E04F6909018A9AEFA94D.cfg,WorldMap_WP,NodePrototypeVersion=1
Base,GameLite/GameData/QuestNodePrototypes/SQ10_P.cfg,SQ10_P_ToggleLairActivity_Monolith_Activate,SQ10_P,ToggleLairActivity,,,9674CE364637214E6322C280FF11B5F4,,,,,true,false,1,,,NodePrototypeVersion=1
Base,GameLite/GameData/QuestNodePrototypes/SQ10_P.cfg,SQ10_P_ToggleLairActivity_Monolith_Despawn,SQ10_P,ToggleLairActivity,,,9674CE364637214E6322C280FF11B5F4,,,,,false,true,1,,,NodePrototypeVersion=1
Base,GameLite/GameData/QuestNodePrototypes/SQ10_P.cfg,SQ10_P_ToggleLairActivity_Noon_Despawn,SQ10_P,ToggleLairActivity,,,EA01EF9641A5E084B5EAA3B69BCEE342,,,,,false,true,1,,,NodePrototypeVersion=1
Base,GameLite/GameData/QuestNodePrototypes/SQ10_P.cfg,SQ10_P_ToggleLairActivity_Zombie_Activate,SQ10_P,ToggleLairActivity,,,86BE9DDC47151597BCDADA85F7C96D2D,,,,,true,false,2,,,NodePrototypeVersion=1
Base,GameLite/GameData/QuestNodePrototypes/SQ10_P.cfg,SQ10_P_ToggleLairActivity_Zombie_Despawn,SQ10_P,ToggleLairActivity,,,86BE9DDC47151597BCDADA85F7C96D2D,,,,,false,true,1,,,NodePrototypeVersion=1
Base,GameLite/GameData/QuestNodePrototypes/SQ10_P.cfg,SQ10_P_ToggleLairActivity_Zombie_Despawn_1,SQ10_P,ToggleLairActivity,,,86BE9DDC47151597BCDADA85F7C96D2D,,,,,false,true,1,,,NodePrototypeVersion=1
Base,GameLite/GameData/QuestNodePrototypes/SQ13_OWL.cfg,SQ13_OWL_ProtectLairNPCSquadItem_Artefact,SQ13_OWL,ProtectLairNPCSquadItem,,,131961C44AC63FB0EF6E17BDD9B894CE,,,,,,,1,GameLite/GameData/SpawnActorPrototypes/WorldMap_WP/SQ13_LogicLevel_WP/131961C44AC63FB0EF6E17BDD9B894CE.cfg,WorldMap_WP/SQ13_LogicLevel_WP,NodePrototypeVersion=1
Base,GameLite/GameData/QuestNodePrototypes/SQ13_OWL.cfg,SQ13_OWL_ProtectLairNPCSquadItem_BP_NPC_Matiush,SQ13_OWL,ProtectLairNPCSquadItem,,,B65CEEE64B2EF4E36EA410A21E3E7F19,,,,,,,2,GameLite/GameData/SpawnActorPrototypes/Himzavod_Hub_LogicLevek.cfg,,NodePrototypeVersion=1
Base,GameLite/GameData/QuestNodePrototypes/SQ13_OWL.cfg,SQ13_OWL_ProtectLairNPCSquadItem_BudakGun,SQ13_OWL,ProtectLairNPCSquadItem,,,FE9919E042A05E472AF40AAB83E4E396,,,,,,,2,GameLite/GameData/SpawnActorPrototypes/WorldMap_WP/SQ13_LogicLevel_WP/FE9919E042A05E472AF40AAB83E4E396.cfg,WorldMap_WP/SQ13_LogicLevel_WP,NodePrototypeVersion=1
Base,GameLite/GameData/QuestNodePrototypes/SQ13_OWL.cfg,SQ13_OWL_ProtectLairNPCSquadItem_Budnik,SQ13_OWL,ProtectLairNPCSquadItem,,,E547600B477AD8FC147E48BEC8733386,,,,,,,2,GameLite/GameData/SpawnActorPrototypes/WorldMap_WP/SQ13_LogicLevel_WP/E547600B477AD8FC147E48BEC8733386.cfg,WorldMap_WP/SQ13_LogicLevel_WP,NodePrototypeVersion=1
Base,GameLite/GameData/QuestNodePrototypes/SQ18.cfg,SQ18_ToggleLairActivity_Kolhoz_Bandits_Despawn,SQ18,ToggleLairActivity,,,0ECBEA5D43EDD967B1453BA1719B3CC7,,,,,false,true,1,GameLite/GameData/SpawnActorPrototypes/WorldMap_WP/0ECBEA5D43EDD967B1453BA1719B3CC7.cfg,WorldMap_WP,NodePrototypeVersion=1
Base,GameLite/GameData/QuestNodePrototypes/SQ18_P.cfg,SQ18_P_ToggleLairActivity_Kolhoz_Bandits_Activate,SQ18_P,ToggleLairActivity,,,0ECBEA5D43EDD967B1453BA1719B3CC7,,,,,true,false,1,GameLite/GameData/SpawnActorPrototypes/WorldMap_WP/0ECBEA5D43EDD967B1453BA1719B3CC7.cfg,WorldMap_WP,NodePrototypeVersion=1
Base,GameLite/GameData/QuestNodePrototypes/SQ20.cfg,SQ20_ProtectLairNPCSquadItem_Enemy,SQ20,ProtectLairNPCSquadItem,,,04EE20EF4FE244310EF2798D878D2C6B,,,,,,,1,GameLite/GameData/SpawnActorPrototypes/WorldMap_WP/SQ20_LogicLevel/04EE20EF4FE244310EF2798D878D2C6B.cfg,WorldMap_WP/SQ20_LogicLevel,NodePrototypeVersion=1
Base,GameLite/GameData/QuestNodePrototypes/SQ20.cfg,SQ20_ProtectLairNPCSquadItem_Enemy_1,SQ20,ProtectLairNPCSquadItem,,,F262C3704B247D93E2AA96A65FC5E257,,,,,,,1,GameLite/GameData/SpawnActorPrototypes/WorldMap_WP/SQ20_LogicLevel/F262C3704B247D93E2AA96A65FC5E257.cfg,WorldMap_WP/SQ20_LogicLevel,NodePrototypeVersion=1
Base,GameLite/GameData/QuestNodePrototypes/SQ20.cfg,SQ20_ProtectLairNPCSquadItem_Enemy_2,SQ20,ProtectLairNPCSquadItem,,,2AFD11254749E057C6CADD9E115B4041,,,,,,,1,GameLite/GameData/SpawnActorPrototypes/WorldMap_WP/SQ20_LogicLevel/2AFD11254749E057C6CADD9E115B4041.cfg,WorldMap_WP/SQ20_LogicLevel,NodePrototypeVersion=1
Base,GameLite/GameData/QuestNodePrototypes/SQ20.cfg,SQ20_ProtectLairNPCSquadItem_Enemy_3,SQ20,ProtectLairNPCSquadItem,,,1EDF05B149E7CC0B194DE98457AE7D55,,,,,,,1,GameLite/GameData/SpawnActorPrototypes/WorldMap_WP/SQ20_LogicLevel/1EDF05B149E7CC0B194DE98457AE7D55.cfg,WorldMap_WP/SQ20_LogicLevel,NodePrototypeVersion=1
Base,GameLite/GameData/QuestNodePrototypes/SQ20.cfg,SQ20_ProtectLairNPCSquadItem_Enemy_4,SQ20,ProtectLairNPCSquadItem,,,7FEC5AF942CF267670F8E4B389E434FC,,,,,,,1,GameLite/GameData/SpawnActorPrototypes/WorldMap_WP/SQ20_LogicLevel/7FEC5AF942CF267670F8E4B389E434FC.cfg,WorldMap_WP/SQ20_LogicLevel,NodePrototypeVersion=1
Base,GameLite/GameData/QuestNodePrototypes/SQ81_OWL.cfg,SQ81_OWL_ToggleLairActivity_portovie_krani_bandits,SQ81_OWL,ToggleLairActivity,,,0226552A445292DAD9A06D9F06EB09FE,,,,,true,false,1,GameLite/GameData/SpawnActorPrototypes/WorldMap_WP/0226552A445292DAD9A06D9F06EB09FE.cfg,WorldMap_WP,NodePrototypeVersion=1
Base,GameLite/GameData/QuestNodePrototypes/SQ81_OWL.cfg,SQ81_OWL_ToggleLairActivity_portovie_krani_bandits_1,SQ81_OWL,ToggleLairActivity,,,0226552A445292DAD9A06D9F06EB09FE,,,,,false,true,1,GameLite/GameData/SpawnActorPrototypes/WorldMap_WP/0226552A445292DAD9A06D9F06EB09FE.cfg,WorldMap_WP,NodePrototypeVersion=1
Base,GameLite/GameData/QuestNodePrototypes/SQ88.cfg,SQ88_ProtectLairNPCSquadItem_BP_DeadBod_SQ88_Machek,SQ88,ProtectLairNPCSquadItem,,,010CD9BD45828AB2B6783E859C61721F,,,,,,,1,GameLite/GameData/SpawnActorPrototypes/WorldMap_WP/SQ88_LogicLevel_WP/010CD9BD45828AB2B6783E859C61721F.cfg,WorldMap_WP/SQ88_LogicLevel_WP,NodePrototypeVersion=1
Base,GameLite/GameData/QuestNodePrototypes/SQ88.cfg,SQ88_ProtectLairNPCSquadItem_BP_DeadBod_SQ88_Poluyanov,SQ88,ProtectLairNPCSquadItem,,,C7CE29B9475E8058C877B1B30B4D049E,,,,,,,1,GameLite/GameData/SpawnActorPrototypes/WorldMap_WP/SQ88_LogicLevel_WP/C7CE29B9475E8058C877B1B30B4D049E.cfg,WorldMap_WP/SQ88_LogicLevel_WP,NodePrototypeVersion=1
Base,GameLite/GameData/QuestNodePrototypes/SQ88.cfg,SQ88_ToggleLairActivity_Zombie,SQ88,ToggleLairActivity,,,1D7A94F3484626E57CCD09BE4A13F1DE,,,,,false,true,3,GameLite/GameData/SpawnActorPrototypes/WorldMap_WP/1D7A94F3484626E57CCD09BE4A13F1DE.cfg,WorldMap_WP,NodePrototypeVersion=6
Base,GameLite/GameData/QuestNodePrototypes/SQ88_C01.cfg,SQ88_C01_ToggleLairActivity_Dogs_GP,SQ88_C01,ToggleLairActivity,,,31E008C64EFC876BE2FE2DB392105DB0,,,,,false,true,1,GameLite/GameData/SpawnActorPrototypes/WorldMap_WP/31E008C64EFC876BE2FE2DB392105DB0.cfg,WorldMap_WP,NodePrototypeVersion=1
Base,GameLite/GameData/QuestNodePrototypes/SQ88_P.cfg,SQ88_P_ProtectLairNPCSquadItem_BP_DeadBod_SQ88_Machek,SQ88_P,ProtectLairNPCSquadItem,,,010CD9BD45828AB2B6783E859C61721F,,,,,,,1,GameLite/GameData/SpawnActorPrototypes/WorldMap_WP/SQ88_LogicLevel_WP/010CD9BD45828AB2B6783E859C61721F.cfg,WorldMap_WP/SQ88_LogicLevel_WP,NodePrototypeVersion=1
Base,GameLite/GameData/QuestNodePrototypes/SQ88_P.cfg,SQ88_P_ToggleLairActivity_Dogs,SQ88_P,ToggleLairActivity,,,31E008C64EFC876BE2FE2DB392105DB0,,,,,true,false,2,GameLite/GameData/SpawnActorPrototypes/WorldMap_WP/31E008C64EFC876BE2FE2DB392105DB0.cfg,WorldMap_WP,NodePrototypeVersion=1
Base,GameLite/GameData/QuestNodePrototypes/SQ88_P.cfg,SQ88_P_ToggleLairActivity_Dogs_GP,SQ88_P,ToggleLairActivity,,,31E008C64EFC876BE2FE2DB392105DB0,,,,,true,false,1,GameLite/GameData/SpawnActorPrototypes/WorldMap_WP/31E008C64EFC876BE2FE2DB392105DB0.cfg,WorldMap_WP,NodePrototypeVersion=1
Base,GameLite/GameData/QuestNodePrototypes/SQ88_P.cfg,SQ88_P_ToggleLairActivity_Dogs_Off,SQ88_P,ToggleLairActivity,,,31E008C64EFC876BE2FE2DB392105DB0,,,,,false,true,1,GameLite/GameData/SpawnActorPrototypes/WorldMap_WP/31E008C64EFC876BE2FE2DB392105DB0.cfg,WorldMap_WP,NodePrototypeVersion=1
Base,GameLite/GameData/QuestNodePrototypes/SQ88_P.cfg,SQ88_P_ToggleLairActivity_Dogs_QuestCompleted,SQ88_P,ToggleLairActivity,,,31E008C64EFC876BE2FE2DB392105DB0,,,,,true,false,1,GameLite/GameData/SpawnActorPrototypes/WorldMap_WP/31E008C64EFC876BE2FE2DB392105DB0.cfg,WorldMap_WP,NodePrototypeVersion=1
Base,GameLite/GameData/QuestNodePrototypes/SQ88_P.cfg,SQ88_P_ToggleLairActivity_Neutrals,SQ88_P,ToggleLairActivity,,,923A9BF74E3B0EB4E7CD3A9E0464F57B,,,,,true,false,1,GameLite/GameData/SpawnActorPrototypes/WorldMap_WP/923A9BF74E3B0EB4E7CD3A9E0464F57B.cfg,WorldMap_WP,NodePrototypeVersion=1
Base,GameLite/GameData/QuestNodePrototypes/SQ88_P.cfg,SQ88_P_ToggleLairActivity_Neutrals_Off,SQ88_P,ToggleLairActivity,,,923A9BF74E3B0EB4E7CD3A9E0464F57B,,,,,false,true,0,GameLite/GameData/SpawnActorPrototypes/WorldMap_WP/923A9BF74E3B0EB4E7CD3A9E0464F57B.cfg,WorldMap_WP,NodePrototypeVersion=1;Launchers=
Base,GameLite/GameData/QuestNodePrototypes/SQ88_P.cfg,SQ88_P_ToggleLairActivity_Neutrals_QuestCompleted,SQ88_P,ToggleLairActivity,,,923A9BF74E3B0EB4E7CD3A9E0464F57B,,,,,true,false,1,GameLite/GameData/SpawnActorPrototypes/WorldMap_WP/923A9BF74E3B0EB4E7CD3A9E0464F57B.cfg,WorldMap_WP,NodePrototypeVersion=1
Base,GameLite/GameData/QuestNodePrototypes/SQ88_P.cfg,SQ88_P_ToggleLairActivity_Zombie,SQ88_P,ToggleLairActivity,,,1D7A94F3484626E57CCD09BE4A13F1DE,,,,,true,false,1,GameLite/GameData/SpawnActorPrototypes/WorldMap_WP/1D7A94F3484626E57CCD09BE4A13F1DE.cfg,WorldMap_WP,NodePrototypeVersion=1
Base,GameLite/GameData/QuestNodePrototypes/SQ88_P.cfg,SQ88_P_ToggleLairActivity_Zombie_QuestCompleted,SQ88_P,ToggleLairActivity,,,1D7A94F3484626E57CCD09BE4A13F1DE,,,,,true,false,1,GameLite/GameData/SpawnActorPrototypes/WorldMap_WP/1D7A94F3484626E57CCD09BE4A13F1DE.cfg,WorldMap_WP,NodePrototypeVersion=1
Base,GameLite/GameData/QuestNodePrototypes/SQ89.cfg,SQ89_ToggleLairActivity,SQ89,ToggleLairActivity,,,B9B251DE41C653CC2181519D4E680186,,,,,false,true,2,GameLite/GameData/SpawnActorPrototypes/WorldMap_WP/B9B251DE41C653CC2181519D4E680186.cfg,WorldMap_WP,NodePrototypeVersion=1
Base,GameLite/GameData/QuestNodePrototypes/SQ89.cfg,SQ89_ToggleLairActivity_Farm,SQ89,ToggleLairActivity,,,B9B251DE41C653CC2181519D4E680186,,,,,true,false,2,GameLite/GameData/SpawnActorPrototypes/WorldMap_WP/B9B251DE41C653CC2181519D4E680186.cfg,WorldMap_WP,NodePrototypeVersion=1
Base,GameLite/GameData/QuestNodePrototypes/SQ89_P.cfg,SQ89_P_ToggleLairActivity,SQ89_P,ToggleLairActivity,,,75DF8D774BA01139D35EC6866C6CB1B1,,,,,false,true,3,GameLite/GameData/SpawnActorPrototypes/WorldMap_WP/75DF8D774BA01139D35EC6866C6CB1B1.cfg,WorldMap_WP,NodePrototypeVersion=2
Base,GameLite/GameData/QuestNodePrototypes/SQ89_P.cfg,SQ89_P_ToggleLairActivity_1,SQ89_P,ToggleLairActivity,,,75DF8D774BA01139D35EC6866C6CB1B1,,,,,true,false,1,GameLite/GameData/SpawnActorPrototypes/WorldMap_WP/75DF8D774BA01139D35EC6866C6CB1B1.cfg,WorldMap_WP,NodePrototypeVersion=1
Base,GameLite/GameData/QuestNodePrototypes/SQ90.cfg,SQ90_ProtectLairNPCSquadItem_BP_DeadBody_SQ90_NotZazim,SQ90,ProtectLairNPCSquadItem,,,3557C9D941FE188EC2023F854F855C66,,,,,,,1,GameLite/GameData/SpawnActorPrototypes/WorldMap_WP/SQ90_LogicLevel_WP/3557C9D941FE188EC2023F854F855C66.cfg,WorldMap_WP/SQ90_LogicLevel_WP,NodePrototypeVersion=1
Base,GameLite/GameData/QuestNodePrototypes/SQ90.cfg,SQ90_ToggleLairActivity_Sklad_conteinerov,SQ90,ToggleLairActivity,,,7D36A2C14609FE7FE1B483BDF343115B,,,,,false,true,1,GameLite/GameData/SpawnActorPrototypes/WorldMap_WP/7D36A2C14609FE7FE1B483BDF343115B.cfg,WorldMap_WP,NodePrototypeVersion=1
Base,GameLite/GameData/QuestNodePrototypes/SQ90.cfg,SQ90_ToggleLairActivity_Stayanka_tehniki,SQ90,ToggleLairActivity,,,771E5D5B411D4B50A02B788EE7568C51,,,,,false,true,1,GameLite/GameData/SpawnActorPrototypes/WorldMap_WP/771E5D5B411D4B50A02B788EE7568C51.cfg,WorldMap_WP,NodePrototypeVersion=1
Base,GameLite/GameData/QuestNodePrototypes/SQ90_P.cfg,SQ90_P_ToggleLairActivity_Sklad_conteinerov_Activate,SQ90_P,ToggleLairActivity,,,7D36A2C14609FE7FE1B483BDF343115B,,,,,true,false,1,GameLite/GameData/SpawnActorPrototypes/WorldMap_WP/7D36A2C14609FE7FE1B483BDF343115B.cfg,WorldMap_WP,NodePrototypeVersion=1
Base,GameLite/GameData/QuestNodePrototypes/SQ90_P.cfg,SQ90_P_ToggleLairActivity_Stayanka_tehniki_Activate,SQ90_P,ToggleLairActivity,,,771E5D5B411D4B50A02B788EE7568C51,,,,,true,false,1,GameLite/GameData/SpawnActorPrototypes/WorldMap_WP/771E5D5B411D4B50A02B788EE7568C51.cfg,WorldMap_WP,NodePrototypeVersion=1
Base,GameLite/GameData/QuestNodePrototypes/SQ91.cfg,SQ91_ToggleLairActivity,SQ91,ToggleLairActivity,,,919DCCC2407D8FF9A17A2EA287288B89,,,,,false,true,1,GameLite/GameData/SpawnActorPrototypes/WorldMap_WP/919DCCC2407D8FF9A17A2EA287288B89.cfg,WorldMap_WP,NodePrototypeVersion=1
Base,GameLite/GameData/QuestNodePrototypes/SQ91.cfg,SQ91_ToggleLairActivity_1,SQ91,ToggleLairActivity,,,B700DE6441DC129BEAEF5A954CBE900D,,,,,false,true,1,GameLite/GameData/SpawnActorPrototypes/WorldMap_WP/B700DE6441DC129BEAEF5A954CBE900D.cfg,WorldMap_WP,NodePrototypeVersion=1
Base,GameLite/GameData/QuestNodePrototypes/SQ91_P.cfg,SQ91_P_ToggleLairActivity,SQ91_P,ToggleLairActivity,,,B700DE6441DC129BEAEF5A954CBE900D,,,,,true,false,1,GameLite/GameData/SpawnActorPrototypes/WorldMap_WP/B700DE6441DC129BEAEF5A954CBE900D.cfg,WorldMap_WP,NodePrototypeVersion=1
Base,GameLite/GameData/QuestNodePrototypes/SQ91_P.cfg,SQ91_P_ToggleLairActivity_1,SQ91_P,ToggleLairActivity,,,919DCCC2407D8FF9A17A2EA287288B89,,,,,true,false,1,GameLite/GameData/SpawnActorPrototypes/WorldMap_WP/919DCCC2407D8FF9A17A2EA287288B89.cfg,WorldMap_WP,NodePrototypeVersion=1
Base,GameLite/GameData/QuestNodePrototypes/SQ91_P.cfg,SQ91_P_ToggleLairActivity_2,SQ91_P,ToggleLairActivity,,,B700DE6441DC129BEAEF5A954CBE900D,,,,,false,true,1,GameLite/GameData/SpawnActorPrototypes/WorldMap_WP/B700DE6441DC129BEAEF5A954CBE900D.cfg,WorldMap_WP,NodePrototypeVersion=1
Base,GameLite/GameData/QuestNodePrototypes/SQ91_P.cfg,SQ91_P_ToggleLairActivity_Duty,SQ91_P,ToggleLairActivity,,,919DCCC2407D8FF9A17A2EA287288B89,,,,,false,true,1,GameLite/GameData/SpawnActorPrototypes/WorldMap_WP/919DCCC2407D8FF9A17A2EA287288B89.cfg,WorldMap_WP,NodePrototypeVersion=1
Base,GameLite/GameData/QuestNodePrototypes/SQ92.cfg,SQ92_ToggleLairActivity,SQ92,ToggleLairActivity,,,982422FD441955B40BEE2C87CB4CC0F4,,,,,false,true,1,GameLite/GameData/SpawnActorPrototypes/WorldMap_WP/982422FD441955B40BEE2C87CB4CC0F4.cfg,WorldMap_WP,NodePrototypeVersion=1
Base,GameLite/GameData/QuestNodePrototypes/SQ92.cfg,SQ92_ToggleLairActivity_1,SQ92,ToggleLairActivity,,,0A7B05034BC1226444B22EAB7868FA8A,,,,,false,true,1,GameLite/GameData/SpawnActorPrototypes/WorldMap_WP/0A7B05034BC1226444B22EAB7868FA8A.cfg,WorldMap_WP,NodePrototypeVersion=1
Base,GameLite/GameData/QuestNodePrototypes/SQ92_P.cfg,SQ92_P_ToggleLairActivity,SQ92_P,ToggleLairActivity,,,982422FD441955B40BEE2C87CB4CC0F4,,,,,true,false,1,GameLite/GameData/SpawnActorPrototypes/WorldMap_WP/982422FD441955B40BEE2C87CB4CC0F4.cfg,WorldMap_WP,NodePrototypeVersion=1
Base,GameLite/GameData/QuestNodePrototypes/SQ92_P.cfg,SQ92_P_ToggleLairActivity_2,SQ92_P,ToggleLairActivity,,,0A7B05034BC1226444B22EAB7868FA8A,,,,,true,false,1,GameLite/GameData/SpawnActorPrototypes/WorldMap_WP/0A7B05034BC1226444B22EAB7868FA8A.cfg,WorldMap_WP,NodePrototypeVersion=1
Base,GameLite/GameData/QuestNodePrototypes/SQ94.cfg,SQ94_ToggleLairActivity,SQ94,ToggleLairActivity,,,3860A58D49243330DACB9784022D82DC,,,,,false,true,1,GameLite/GameData/SpawnActorPrototypes/WorldMap_WP/3860A58D49243330DACB9784022D82DC.cfg,WorldMap_WP,NodePrototypeVersion=1
Base,GameLite/GameData/QuestNodePrototypes/SQ94.cfg,SQ94_ToggleLairActivity_1,SQ94,ToggleLairActivity,,,3860A58D49243330DACB9784022D82DC,,,,,true,false,2,GameLite/GameData/SpawnActorPrototypes/WorldMap_WP/3860A58D49243330DACB9784022D82DC.cfg,WorldMap_WP,NodePrototypeVersion=1
Base,GameLite/GameData/QuestNodePrototypes/SQ94.cfg,SQ94_ToggleLairActivity_Burer_activate,SQ94,ToggleLairActivity,,,DAC3CF04420AF7FD7EFC588E51564951,,,,,true,false,2,GameLite/GameData/SpawnActorPrototypes/WorldMap_WP/DAC3CF04420AF7FD7EFC588E51564951.cfg,WorldMap_WP,NodePrototypeVersion=1
Base,GameLite/GameData/QuestNodePrototypes/SQ94.cfg,SQ94_ToggleLairActivity_Burer_deactivate,SQ94,ToggleLairActivity,,,DAC3CF04420AF7FD7EFC588E51564951,,,,,false,true,1,GameLite/GameData/SpawnActorPrototypes/WorldMap_WP/DAC3CF04420AF7FD7EFC588E51564951.cfg,WorldMap_WP,NodePrototypeVersion=1
Base,GameLite/GameData/QuestNodePrototypes/SQ94.cfg,SQ94_ToggleLairActivity_Deactivate_CampfireGonta,SQ94,ToggleLairActivity,,,D3CD68614C376D0C0E7EDD8056463190,,,,,false,true,1,GameLite/GameData/SpawnActorPrototypes/WorldMap_WP/D3CD68614C376D0C0E7EDD8056463190.cfg,WorldMap_WP,NodePrototypeVersion=1
Base,GameLite/GameData/QuestNodePrototypes/SQ94.cfg,SQ94_ToggleLairActivity_Dogs_activate,SQ94,ToggleLairActivity,,,B3831AC34577433791000F81FC7635FA,,,,,true,false,2,GameLite/GameData/SpawnActorPrototypes/WorldMap_WP/B3831AC34577433791000F81FC7635FA.cfg,WorldMap_WP,NodePrototypeVersion=1
Base,GameLite/GameData/QuestNodePrototypes/SQ94.cfg,SQ94_ToggleLairActivity_Dogs_deactivate,SQ94,ToggleLairActivity,,,B3831AC34577433791000F81FC7635FA,,,,,false,true,1,GameLite/GameData/SpawnActorPrototypes/WorldMap_WP/B3831AC34577433791000F81FC7635FA.cfg,WorldMap_WP,NodePrototypeVersion=1
Base,GameLite/GameData/QuestNodePrototypes/SQ94.cfg,SQ94_ToggleLairActivity_Fleshes_activate,SQ94,ToggleLairActivity,,,820601ED4419458EF865DF923866FFE2,,,,,true,false,2,GameLite/GameData/SpawnActorPrototypes/WorldMap_WP/820601ED4419458EF865DF923866FFE2.cfg,WorldMap_WP,NodePrototypeVersion=1
Base,GameLite/GameData/QuestNodePrototypes/SQ94.cfg,SQ94_ToggleLairActivity_Fleshes_deactivate,SQ94,ToggleLairActivity,,,820601ED4419458EF865DF923866FFE2,,,,,false,true,1,GameLite/GameData/SpawnActorPrototypes/WorldMap_WP/820601ED4419458EF865DF923866FFE2.cfg,WorldMap_WP,NodePrototypeVersion=1
Base,GameLite/GameData/QuestNodePrototypes/SQ94_P.cfg,SQ94_P_ToggleLairActivity_Burer_activate,SQ94_P,ToggleLairActivity,,,DAC3CF04420AF7FD7EFC588E51564951,,,,,true,false,1,GameLite/GameData/SpawnActorPrototypes/WorldMap_WP/DAC3CF04420AF7FD7EFC588E51564951.cfg,WorldMap_WP,NodePrototypeVersion=1
Base,GameLite/GameData/QuestNodePrototypes/SQ94_P.cfg,SQ94_P_ToggleLairActivity_Deactivate_CampfireGonta,SQ94_P,ToggleLairActivity,,,D3CD68614C376D0C0E7EDD8056463190,,,,,true,false,1,GameLite/GameData/SpawnActorPrototypes/WorldMap_WP/D3CD68614C376D0C0E7EDD8056463190.cfg,WorldMap_WP,NodePrototypeVersion=1
Base,GameLite/GameData/QuestNodePrototypes/SQ94_P.cfg,SQ94_P_ToggleLairActivity_STD127376,SQ94_P,ToggleLairActivity,,,D3CD68614C376D0C0E7EDD8056463190,,,,,false,false,1,GameLite/GameData/SpawnActorPrototypes/WorldMap_WP/D3CD68614C376D0C0E7EDD8056463190.cfg,WorldMap_WP,NodePrototypeVersion=1
Base,GameLite/GameData/QuestNodePrototypes/SQ95_P.cfg,SQ95_P_ToggleLairActivity,SQ95_P,ToggleLairActivity,,,3F6B5BB54CE870C00056E7851CB8BD7F,,,,,false,true,1,GameLite/GameData/SpawnActorPrototypes/WorldMap_WP/3F6B5BB54CE870C00056E7851CB8BD7F.cfg,WorldMap_WP,NodePrototypeVersion=1
Base,GameLite/GameData/QuestNodePrototypes/SQ95_P.cfg,SQ95_P_ToggleLairActivity_1,SQ95_P,ToggleLairActivity,,,3F6B5BB54CE870C00056E7851CB8BD7F,,,,,true,false,1,GameLite/GameData/SpawnActorPrototypes/WorldMap_WP/3F6B5BB54CE870C00056E7851CB8BD7F.cfg,WorldMap_WP,NodePrototypeVersion=1
Base,GameLite/GameData/QuestNodePrototypes/SQ96_P.cfg,SQ96_P_ToggleLairActivity_Activate,SQ96_P,ToggleLairActivity,,,3909CC074247E6520A2E529FAEEB6E58,,,,,true,false,1,GameLite/GameData/SpawnActorPrototypes/WorldMap_WP/3909CC074247E6520A2E529FAEEB6E58.cfg,WorldMap_WP,NodePrototypeVersion=2
Base,GameLite/GameData/QuestNodePrototypes/SQ96_P.cfg,SQ96_P_ToggleLairActivity_Despawn,SQ96_P,ToggleLairActivity,,,3909CC074247E6520A2E529FAEEB6E58,,,,,false,true,1,GameLite/GameData/SpawnActorPrototypes/WorldMap_WP/3909CC074247E6520A2E529FAEEB6E58.cfg,WorldMap_WP,NodePrototypeVersion=1
Base,GameLite/GameData/QuestNodePrototypes/SQ96_P.cfg,SQ96_P_ToggleLairActivity_NearBarge_Activate,SQ96_P,ToggleLairActivity,,,9782642A42D4E1CD1E3EBF8D7002AD96,,,,,true,false,1,GameLite/GameData/SpawnActorPrototypes/WorldMap_WP/9782642A42D4E1CD1E3EBF8D7002AD96.cfg,WorldMap_WP,NodePrototypeVersion=1
Base,GameLite/GameData/QuestNodePrototypes/SQ96_P.cfg,SQ96_P_ToggleLairActivity_NearBarge_Deactivate,SQ96_P,ToggleLairActivity,,,9782642A42D4E1CD1E3EBF8D7002AD96,,,,,false,true,1,GameLite/GameData/SpawnActorPrototypes/WorldMap_WP/9782642A42D4E1CD1E3EBF8D7002AD96.cfg,WorldMap_WP,NodePrototypeVersion=1
Base,GameLite/GameData/QuestNodePrototypes/SQ99_P.cfg,SQ99_P_ToggleLairActivity,SQ99_P,ToggleLairActivity,,,7952708C41CD7C12DC59DB8F3CD42078,,,,,false,true,1,GameLite/GameData/SpawnActorPrototypes/WorldMap_WP/7952708C41CD7C12DC59DB8F3CD42078.cfg,WorldMap_WP,NodePrototypeVersion=3
Base,GameLite/GameData/QuestNodePrototypes/SQ99_P.cfg,SQ99_P_ToggleLairActivity_1,SQ99_P,ToggleLairActivity,,,7952708C41CD7C12DC59DB8F3CD42078,,,,,true,false,1,GameLite/GameData/SpawnActorPrototypes/WorldMap_WP/7952708C41CD7C12DC59DB8F3CD42078.cfg,WorldMap_WP,NodePrototypeVersion=1
Base,GameLite/GameData/QuestNodePrototypes/Shevchenko_Hub.cfg,Shevchenko_Hub_ToggleLairActivity,Shevchenko_Hub,ToggleLairActivity,,,FB6F53394C77D22ADCB59E958E357440,,,,,false,true,1,GameLite/GameData/SpawnActorPrototypes/WorldMap_WP/FB6F53394C77D22ADCB59E958E357440.cfg,WorldMap_WP,NodePrototypeVersion=1
Base,GameLite/GameData/QuestNodePrototypes/Shevchenko_Hub.cfg,Shevchenko_Hub_ToggleLairActivity_1,Shevchenko_Hub,ToggleLairActivity,,,07585DCF48C85B8020AE809A5D938046,,,,,true,false,1,GameLite/GameData/SpawnActorPrototypes/WorldMap_WP/07585DCF48C85B8020AE809A5D938046.cfg,WorldMap_WP,NodePrototypeVersion=1
Base,GameLite/GameData/QuestNodePrototypes/Shevchenko_Hub.cfg,Shevchenko_Hub_ToggleLairActivity_2,Shevchenko_Hub,ToggleLairActivity,,,DB1CE8284B20E43A6791FB84ECA4AF6F,,,,,false,true,1,GameLite/GameData/SpawnActorPrototypes/WorldMap_WP/DB1CE8284B20E43A6791FB84ECA4AF6F.cfg,WorldMap_WP,NodePrototypeVersion=1
Base,GameLite/GameData/QuestNodePrototypes/Shevchenko_Hub.cfg,Shevchenko_Hub_ToggleLairActivity_3,Shevchenko_Hub,ToggleLairActivity,,,9A2941F543420FB3FC76BDB8441B0987,,,,,false,true,1,GameLite/GameData/SpawnActorPrototypes/WorldMap_WP/9A2941F543420FB3FC76BDB8441B0987.cfg,WorldMap_WP,NodePrototypeVersion=1
Base,GameLite/GameData/QuestNodePrototypes/Skadovsk_Hub.cfg,Skadovsk_Hub_ToggleLairActivity,Skadovsk_Hub,ToggleLairActivity,,,775662AF477FD92F841D6E94A8BD2181,,,,,true,false,1,GameLite/GameData/SpawnActorPrototypes/WorldMap_WP/775662AF477FD92F841D6E94A8BD2181.cfg,WorldMap_WP,NodePrototypeVersion=1
Base,GameLite/GameData/QuestNodePrototypes/Skadovsk_Hub.cfg,Skadovsk_Hub_ToggleLairActivity_1,Skadovsk_Hub,ToggleLairActivity,,,775662AF477FD92F841D6E94A8BD2181,,,,,true,false,1,GameLite/GameData/SpawnActorPrototypes/WorldMap_WP/775662AF477FD92F841D6E94A8BD2181.cfg,WorldMap_WP,NodePrototypeVersion=1
Base,GameLite/GameData/QuestNodePrototypes/SmallZone_L.cfg,SmallZone_L_ToggleLairActivity_Sphere_Off,SmallZone_L,ToggleLairActivity,,,8B156558463CD76E943A96BF0CDD0AEA,,,,,false,true,1,,,NodePrototypeVersion=1
Base,GameLite/GameData/QuestNodePrototypes/SmallZone_L_KPPZapad_Camp.cfg,SmallZone_L_KPPZapad_Camp_ToggleLairActivity_VartaLairActivate,SmallZone_L_KPPZapad_Camp,ToggleLairActivity,,,FF4A3A094F994EBC175606AA29C66433,,,,,true,false,2,GameLite/GameData/SpawnActorPrototypes/WorldMap_WP/FF4A3A094F994EBC175606AA29C66433.cfg,WorldMap_WP,NodePrototypeVersion=1
Base,GameLite/GameData/QuestNodePrototypes/Swamp_L_E05_MQ01.cfg,Swamp_L_E05_MQ01_ToggleLairActivity_ventvihod_bloodsucker_Activate,Swamp_L_E05_MQ01,ToggleLairActivity,,,A93E7D6E41854A93091462B385C7FCD8,,,,,true,false,1,GameLite/GameData/SpawnActorPrototypes/WorldMap_WP/A93E7D6E41854A93091462B385C7FCD8.cfg,WorldMap_WP,NodePrototypeVersion=1
Base,GameLite/GameData/QuestNodePrototypes/Swamp_L_E05_MQ01.cfg,Swamp_L_E05_MQ01_ToggleLairActivity_zapravka_snork_Activate,Swamp_L_E05_MQ01,ToggleLairActivity,,,40294F0944B3F7DECDEB5FB92D433FC4,,,,,true,false,1,GameLite/GameData/SpawnActorPrototypes/WorldMap_WP/40294F0944B3F7DECDEB5FB92D433FC4.cfg,WorldMap_WP,NodePrototypeVersion=1
Base,GameLite/GameData/QuestNodePrototypes/Swamp_L_E05_MQ01.cfg,Swamp_L_E05_MQ01_ToggleLairActivity_zapravka_snork_Despawn,Swamp_L_E05_MQ01,ToggleLairActivity,,,40294F0944B3F7DECDEB5FB92D433FC4,,,,,false,true,1,GameLite/GameData/SpawnActorPrototypes/WorldMap_WP/40294F0944B3F7DECDEB5FB92D433FC4.cfg,WorldMap_WP,NodePrototypeVersion=1
Base,GameLite/GameData/QuestNodePrototypes/Swamp_L_E05_MQ03.cfg,Swamp_L_E05_MQ03_ToggleLairActivity_Cat_Church,Swamp_L_E05_MQ03,ToggleLairActivity,,,C3E3F068493C3E7546E4B9A13A994E87,,,,,true,false,1,GameLite/GameData/SpawnActorPrototypes/WorldMap_WP/C3E3F068493C3E7546E4B9A13A994E87.cfg,WorldMap_WP,NodePrototypeVersion=1
Base,GameLite/GameData/QuestNodePrototypes/Swamp_L_E05_MQ03.cfg,Swamp_L_E05_MQ03_ToggleLairActivity_PumpStation_Bandits,Swamp_L_E05_MQ03,ToggleLairActivity,,,10ABBB82497A5365649A0CBCE89C9E35,,,,,true,false,1,GameLite/GameData/SpawnActorPrototypes/WorldMap_WP/10ABBB82497A5365649A0CBCE89C9E35.cfg,WorldMap_WP,NodePrototypeVersion=1
Base,GameLite/GameData/QuestNodePrototypes/Swamp_L_E05_MQ03.cfg,Swamp_L_E05_MQ03_ToggleLairActivity_TeleportHut_Bloodsuckers,Swamp_L_E05_MQ03,ToggleLairActivity,,,DE676E5A4D66DAB876CEBC838FFA6665,,,,,true,false,1,GameLite/GameData/SpawnActorPrototypes/WorldMap_WP/DE676E5A4D66DAB876CEBC838FFA6665.cfg,WorldMap_WP,NodePrototypeVersion=1
Base,GameLite/GameData/QuestNodePrototypes/Swamp_L_E05_MQ03.cfg,Swamp_L_E05_MQ03_ToggleLairActivity_snork_cave,Swamp_L_E05_MQ03,ToggleLairActivity,,,4678A8A24CF1AAF843B150AEA4BE8554,,,,,true,false,1,GameLite/GameData/SpawnActorPrototypes/WorldMap_WP/4678A8A24CF1AAF843B150AEA4BE8554.cfg,WorldMap_WP,NodePrototypeVersion=1
Base,GameLite/GameData/QuestNodePrototypes/Terricon_Hub.cfg,Terricon_Hub_ToggleLairActivity,Terricon_Hub,ToggleLairActivity,,,DBAC845F4CCC1AEE5F60E6BC5D360283,,,,,true,false,2,GameLite/GameData/SpawnActorPrototypes/WorldMap_WP/DBAC845F4CCC1AEE5F60E6BC5D360283.cfg,WorldMap_WP,NodePrototypeVersion=1
Base,GameLite/GameData/QuestNodePrototypes/Terricon_Hub.cfg,Terricon_Hub_ToggleLairActivity_1,Terricon_Hub,ToggleLairActivity,,,DBAC845F4CCC1AEE5F60E6BC5D360283,,,,,false,true,2,GameLite/GameData/SpawnActorPrototypes/WorldMap_WP/DBAC845F4CCC1AEE5F60E6BC5D360283.cfg,WorldMap_WP,NodePrototypeVersion=1
Base,GameLite/GameData/QuestNodePrototypes/Yanov_Hub.cfg,Yanov_Hub_ToggleLairActivity,Yanov_Hub,ToggleLairActivity,,,726424A34DFD261DACC182BC6032EFA7,,,,,false,true,1,GameLite/GameData/SpawnActorPrototypes/WorldMap_WP/726424A34DFD261DACC182BC6032EFA7.cfg,WorldMap_WP,NodePrototypeVersion=1
Base,GameLite/GameData/QuestNodePrototypes/Yanov_Hub.cfg,Yanov_Hub_ToggleLairActivity_1,Yanov_Hub,ToggleLairActivity,,,9201E62B45DB1D3BF47EFF8EA692E963,,,,,false,true,1,GameLite/GameData/SpawnActorPrototypes/WorldMap_WP/9201E62B45DB1D3BF47EFF8EA692E963.cfg,WorldMap_WP,NodePrototypeVersion=1
Base,GameLite/GameData/QuestNodePrototypes/Yanov_Hub.cfg,Yanov_Hub_ToggleLairActivity_2,Yanov_Hub,ToggleLairActivity,,,5AE2028F4C434C2F8A0BE890439AF7DD,,,,,false,true,1,GameLite/GameData/SpawnActorPrototypes/WorldMap_WP/5AE2028F4C434C2F8A0BE890439AF7DD.cfg,WorldMap_WP,NodePrototypeVersion=1
Base,GameLite/GameData/QuestNodePrototypes/Yanov_Hub.cfg,Yanov_Hub_ToggleLairActivity_3,Yanov_Hub,ToggleLairActivity,,,726424A34DFD261DACC182BC6032EFA7,,,,,true,false,1,GameLite/GameData/SpawnActorPrototypes/WorldMap_WP/726424A34DFD261DACC182BC6032EFA7.cfg,WorldMap_WP,NodePrototypeVersion=1
Base,GameLite/GameData/QuestNodePrototypes/Yanov_Hub.cfg,Yanov_Hub_ToggleLairActivity_4,Yanov_Hub,ToggleLairActivity,,,9201E62B45DB1D3BF47EFF8EA692E963,,,,,true,false,1,GameLite/GameData/SpawnActorPrototypes/WorldMap_WP/9201E62B45DB1D3BF47EFF8EA692E963.cfg,WorldMap_WP,NodePrototypeVersion=1
Base,GameLite/GameData/QuestNodePrototypes/Yanov_Hub.cfg,Yanov_Hub_ToggleLairActivity_5,Yanov_Hub,ToggleLairActivity,,,5AE2028F4C434C2F8A0BE890439AF7DD,,,,,true,false,1,GameLite/GameData/SpawnActorPrototypes/WorldMap_WP/5AE2028F4C434C2F8A0BE890439AF7DD.cfg,WorldMap_WP,NodePrototypeVersion=1
Base,GameLite/GameData/QuestNodePrototypes/Zalesie_Hub.cfg,Zalesie_Hub_ToggleLairActivity,Zalesie_Hub,ToggleLairActivity,,,D0EA64D441AB2ADA2D2FA89F7F33DF1A,,,,,false,true,1,GameLite/GameData/SpawnActorPrototypes/WorldMap_WP/D0EA64D441AB2ADA2D2FA89F7F33DF1A.cfg,WorldMap_WP,NodePrototypeVersion=1
Base,GameLite/GameData/QuestNodePrototypes/Zalesie_Hub.cfg,Zalesie_Hub_ToggleLairActivity_1,Zalesie_Hub,ToggleLairActivity,,,D0EA64D441AB2ADA2D2FA89F7F33DF1A,,,,,false,true,1,GameLite/GameData/SpawnActorPrototypes/WorldMap_WP/D0EA64D441AB2ADA2D2FA89F7F33DF1A.cfg,WorldMap_WP,NodePrototypeVersion=2
Base,GameLite/GameData/QuestNodePrototypes/Zalesie_Hub.cfg,Zalesie_Hub_ToggleLairActivity_10,Zalesie_Hub,ToggleLairActivity,,,E0AF93DE4374FD279D4C6DA13BBEFE4B,,,,,false,true,1,GameLite/GameData/SpawnActorPrototypes/WorldMap_WP/E0AF93DE4374FD279D4C6DA13BBEFE4B.cfg,WorldMap_WP,NodePrototypeVersion=2
Base,GameLite/GameData/QuestNodePrototypes/Zalesie_Hub.cfg,Zalesie_Hub_ToggleLairActivity_11,Zalesie_Hub,ToggleLairActivity,,,D3DF49C048809839216053A65E26FFD9,,,,,false,true,1,GameLite/GameData/SpawnActorPrototypes/WorldMap_WP/D3DF49C048809839216053A65E26FFD9.cfg,WorldMap_WP,NodePrototypeVersion=2
Base,GameLite/GameData/QuestNodePrototypes/Zalesie_Hub.cfg,Zalesie_Hub_ToggleLairActivity_12,Zalesie_Hub,ToggleLairActivity,,,470BDF2241A1D97325889299AB204504,,,,,false,true,1,GameLite/GameData/SpawnActorPrototypes/WorldMap_WP/470BDF2241A1D97325889299AB204504.cfg,WorldMap_WP,NodePrototypeVersion=2
Base,GameLite/GameData/QuestNodePrototypes/Zalesie_Hub.cfg,Zalesie_Hub_ToggleLairActivity_13,Zalesie_Hub,ToggleLairActivity,,,67DAD7974E52D02625DD58B42F2F90CD,,,,,true,false,1,GameLite/GameData/SpawnActorPrototypes/WorldMap_WP/67DAD7974E52D02625DD58B42F2F90CD.cfg,WorldMap_WP,NodePrototypeVersion=1
Base,GameLite/GameData/QuestNodePrototypes/Zalesie_Hub.cfg,Zalesie_Hub_ToggleLairActivity_2,Zalesie_Hub,ToggleLairActivity,,,609C7B0B47B4419F1AE063B98BA152B3,,,,,true,false,1,GameLite/GameData/SpawnActorPrototypes/WorldMap_WP/609C7B0B47B4419F1AE063B98BA152B3.cfg,WorldMap_WP,NodePrototypeVersion=1
Base,GameLite/GameData/QuestNodePrototypes/Zalesie_Hub.cfg,Zalesie_Hub_ToggleLairActivity_3,Zalesie_Hub,ToggleLairActivity,,,9EF70D664EB9D3F613F48DB7C03DFE69,,,,,false,true,1,GameLite/GameData/SpawnActorPrototypes/WorldMap_WP/9EF70D664EB9D3F613F48DB7C03DFE69.cfg,WorldMap_WP,NodePrototypeVersion=1
Base,GameLite/GameData/QuestNodePrototypes/Zalesie_Hub.cfg,Zalesie_Hub_ToggleLairActivity_4,Zalesie_Hub,ToggleLairActivity,,,E0AF93DE4374FD279D4C6DA13BBEFE4B,,,,,false,true,1,GameLite/GameData/SpawnActorPrototypes/WorldMap_WP/E0AF93DE4374FD279D4C6DA13BBEFE4B.cfg,WorldMap_WP,NodePrototypeVersion=1
Base,GameLite/GameData/QuestNodePrototypes/Zalesie_Hub.cfg,Zalesie_Hub_ToggleLairActivity_5,Zalesie_Hub,ToggleLairActivity,,,D3DF49C048809839216053A65E26FFD9,,,,,false,true,1,GameLite/GameData/SpawnActorPrototypes/WorldMap_WP/D3DF49C048809839216053A65E26FFD9.cfg,WorldMap_WP,NodePrototypeVersion=1
Base,GameLite/GameData/QuestNodePrototypes/Zalesie_Hub.cfg,Zalesie_Hub_ToggleLairActivity_6,Zalesie_Hub,ToggleLairActivity,,,470BDF2241A1D97325889299AB204504,,,,,false,true,1,GameLite/GameData/SpawnActorPrototypes/WorldMap_WP/470BDF2241A1D97325889299AB204504.cfg,WorldMap_WP,NodePrototypeVersion=1
Base,GameLite/GameData/QuestNodePrototypes/Zalesie_Hub.cfg,Zalesie_Hub_ToggleLairActivity_7,Zalesie_Hub,ToggleLairActivity,,,9EF70D664EB9D3F613F48DB7C03DFE69,,,,,true,false,1,GameLite/GameData/SpawnActorPrototypes/WorldMap_WP/9EF70D664EB9D3F613F48DB7C03DFE69.cfg,WorldMap_WP,NodePrototypeVersion=1
Base,GameLite/GameData/QuestNodePrototypes/Zalesie_Hub.cfg,Zalesie_Hub_ToggleLairActivity_8,Zalesie_Hub,ToggleLairActivity,,,E0AF93DE4374FD279D4C6DA13BBEFE4B,,,,,true,false,1,GameLite/GameData/SpawnActorPrototypes/WorldMap_WP/E0AF93DE4374FD279D4C6DA13BBEFE4B.cfg,WorldMap_WP,NodePrototypeVersion=1
Base,GameLite/GameData/QuestNodePrototypes/Zalesie_Hub.cfg,Zalesie_Hub_ToggleLairActivity_9,Zalesie_Hub,ToggleLairActivity,,,9EF70D664EB9D3F613F48DB7C03DFE69,,,,,false,true,1,GameLite/GameData/SpawnActorPrototypes/WorldMap_WP/9EF70D664EB9D3F613F48DB7C03DFE69.cfg,WorldMap_WP,NodePrototypeVersion=2
Base,GameLite/GameData/QuestNodePrototypes/Zalesie_Hub.cfg,Zalesie_Hub_ToggleLairActivity_VartaOff,Zalesie_Hub,ToggleLairActivity,,,609C7B0B47B4419F1AE063B98BA152B3,,,,,false,true,2,GameLite/GameData/SpawnActorPrototypes/WorldMap_WP/609C7B0B47B4419F1AE063B98BA152B3.cfg,WorldMap_WP,NodePrototypeVersion=2
Base,GameLite/GameData/QuestNodePrototypes/Zalesie_Hub.cfg,Zalesie_Hub_ToggleLairActivity_Wildlife,Zalesie_Hub,ToggleLairActivity,,,67DAD7974E52D02625DD58B42F2F90CD,,,,,true,false,1,GameLite/GameData/SpawnActorPrototypes/WorldMap_WP/67DAD7974E52D02625DD58B42F2F90CD.cfg,WorldMap_WP,NodePrototypeVersion=1
Base,GameLite/GameData/QuestNodePrototypes/Zalesie_Hub.cfg,Zalesie_Hub_ToggleLairActivity_Wildlife_1,Zalesie_Hub,ToggleLairActivity,,,67DAD7974E52D02625DD58B42F2F90CD,,,,,false,true,1,GameLite/GameData/SpawnActorPrototypes/WorldMap_WP/67DAD7974E52D02625DD58B42F2F90CD.cfg,WorldMap_WP,NodePrototypeVersion=3
Base,GameLite/GameData/QuestNodePrototypes/lairs.cfg,lairs_ToggleLairActivity,lairs,ToggleLairActivity,,,,,,,,false,true,1,,,
Base,GameLite/GameData/QuestNodePrototypes/lairs.cfg,lairs_ToggleLairActivity_1,lairs,ToggleLairActivity,,,,,,,,true,false,1,,,
DLC1,DLCGameData/DLC1/QuestNodePrototypes.cfg,DLC01_ANCQ_CNPP_08_P_ToggleLairActivity,DLC01_ANCQ_CNPP_08_P,ToggleLairActivity,,,6D9A188640EC6A276FD35BAE27CDBE2B,,,,,true,false,1,DLCGameData/DLC1/SpawnActorPrototypes.cfg,WorldMap_WP,NodePrototypeVersion=1
DLC1,DLCGameData/DLC1/QuestNodePrototypes.cfg,DLC01_ANCQ_CNPP_08_ToggleLairActivity,DLC01_ANCQ_CNPP_08,ToggleLairActivity,,,6D9A188640EC6A276FD35BAE27CDBE2B,,,,,false,true,1,DLCGameData/DLC1/SpawnActorPrototypes.cfg,WorldMap_WP,NodePrototypeVersion=1
DLC1,DLCGameData/DLC1/QuestNodePrototypes.cfg,DLC01_ANCQ_IF_08_ToggleLairActivity_Snork_Activate,DLC01_ANCQ_IF_08,ToggleLairActivity,,,4081E1D74336F8857413F397A22B28FF,,,,,true,false,2,DLCGameData/DLC1/SpawnActorPrototypes.cfg,WorldMap_WP,NodePrototypeVersion=1
DLC1,DLCGameData/DLC1/QuestNodePrototypes.cfg,DLC01_ANCQ_IF_08_ToggleLairActivity_Snork_Deactivate,DLC01_ANCQ_IF_08,ToggleLairActivity,,,4081E1D74336F8857413F397A22B28FF,,,,,false,false,1,DLCGameData/DLC1/SpawnActorPrototypes.cfg,WorldMap_WP,NodePrototypeVersion=1
DLC1,DLCGameData/DLC1/QuestNodePrototypes.cfg,DLC01_CNPP_Duty_Hub_ToggleLairActivity,DLC01_CNPP_Duty_Hub,ToggleLairActivity,,,2FFDA9654651AFDD0DEC0F9B1CD19BAC,,,,,true,false,1,DLCGameData/DLC1/SpawnActorPrototypes.cfg,WorldMap_WP,NodePrototypeVersion=1
DLC1,DLCGameData/DLC1/QuestNodePrototypes.cfg,DLC01_CNPP_Duty_Hub_ToggleLairActivity_1,DLC01_CNPP_Duty_Hub,ToggleLairActivity,,,EA65C9F147A0BD8F802C41A4E04DEA31,,,,,true,false,2,DLCGameData/DLC1/SpawnActorPrototypes.cfg,WorldMap_WP,NodePrototypeVersion=1
DLC1,DLCGameData/DLC1/QuestNodePrototypes.cfg,DLC01_CNPP_Duty_Hub_ToggleLairActivity_2,DLC01_CNPP_Duty_Hub,ToggleLairActivity,,,D2E9BD554266CB88190DF382A4C08AD3,,,,,true,false,1,DLCGameData/DLC1/SpawnActorPrototypes.cfg,WorldMap_WP,NodePrototypeVersion=1
DLC1,DLCGameData/DLC1/QuestNodePrototypes.cfg,DLC01_CNPP_Duty_Hub_ToggleLairActivity_3,DLC01_CNPP_Duty_Hub,ToggleLairActivity,,,1BA8DFF1455438DFD28886AE92755E6E,,,,,true,false,1,DLCGameData/DLC1/SpawnActorPrototypes.cfg,WorldMap_WP,NodePrototypeVersion=1
DLC1,DLCGameData/DLC1/QuestNodePrototypes.cfg,DLC01_CNPP_Duty_Hub_ToggleLairActivity_4,DLC01_CNPP_Duty_Hub,ToggleLairActivity,,,D180310348EC79F1C964AE9E2FD67FAE,,,,,true,false,1,DLCGameData/DLC1/SpawnActorPrototypes.cfg,WorldMap_WP,NodePrototypeVersion=1
DLC1,DLCGameData/DLC1/QuestNodePrototypes.cfg,DLC01_CNPP_Duty_Hub_ToggleLairActivity_Alife_ON,DLC01_CNPP_Duty_Hub,ToggleLairActivity,,,EA65C9F147A0BD8F802C41A4E04DEA31,,,,,true,false,2,DLCGameData/DLC1/SpawnActorPrototypes.cfg,WorldMap_WP,NodePrototypeVersion=1
DLC1,DLCGameData/DLC1/QuestNodePrototypes.cfg,DLC01_CNPP_Freedom_Hub_ToggleLairActivity,DLC01_CNPP_Freedom_Hub,ToggleLairActivity,,,E63F1ED04E2240AE7228A7973F94909B,,,,,true,false,1,DLCGameData/DLC1/SpawnActorPrototypes.cfg,WorldMap_WP,NodePrototypeVersion=1
DLC1,DLCGameData/DLC1/QuestNodePrototypes.cfg,DLC01_CNPP_Freedom_Hub_ToggleLairActivity_1,DLC01_CNPP_Freedom_Hub,ToggleLairActivity,,,969627C64C91ADCA9977939AA07D1580,,,,,true,false,1,DLCGameData/DLC1/SpawnActorPrototypes.cfg,WorldMap_WP,NodePrototypeVersion=1
DLC1,DLCGameData/DLC1/QuestNodePrototypes.cfg,DLC01_CNPP_Freedom_Hub_ToggleLairActivity_2,DLC01_CNPP_Freedom_Hub,ToggleLairActivity,,,8A5E8B4945C7D929AD58C8965902396A,,,,,true,false,1,DLCGameData/DLC1/SpawnActorPrototypes.cfg,WorldMap_WP,NodePrototypeVersion=1
DLC1,DLCGameData/DLC1/QuestNodePrototypes.cfg,DLC01_CNPP_Freedom_Hub_ToggleLairActivity_3,DLC01_CNPP_Freedom_Hub,ToggleLairActivity,,,6F43AFFC4B1EA4519918BD9766F102CB,,,,,true,false,1,DLCGameData/DLC1/SpawnActorPrototypes.cfg,WorldMap_WP,NodePrototypeVersion=1
DLC1,DLCGameData/DLC1/QuestNodePrototypes.cfg,DLC01_CNPP_Freedom_Hub_ToggleLairActivity_4,DLC01_CNPP_Freedom_Hub,ToggleLairActivity,,,CEEEB4A24D3F4B15EF25FCB736D55457,,,,,true,false,1,DLCGameData/DLC1/SpawnActorPrototypes.cfg,WorldMap_WP,NodePrototypeVersion=1
DLC1,DLCGameData/DLC1/QuestNodePrototypes.cfg,DLC01_CNPP_SQ_L_ToggleLairActivity_RatsLair_Activate,DLC01_CNPP_SQ_L,ToggleLairActivity,,,4DA8312C43B2AFE86D7D3D9E579F9F7F,,,,,true,false,1,DLCGameData/DLC1/SpawnActorPrototypes.cfg,WorldMap_WP,NodePrototypeVersion=1
DLC1,DLCGameData/DLC1/QuestNodePrototypes.cfg,DLC01_CNPP_SQ_L_ToggleLairActivity_RatsLair_Despawn,DLC01_CNPP_SQ_L,ToggleLairActivity,,,4DA8312C43B2AFE86D7D3D9E579F9F7F,,,,,false,true,1,DLCGameData/DLC1/SpawnActorPrototypes.cfg,WorldMap_WP,NodePrototypeVersion=1
DLC1,DLCGameData/DLC1/QuestNodePrototypes.cfg,DLC01_EQ02_ToggleLairActivity_SouthEast_Militaies_Deactivate,DLC01_EQ02,ToggleLairActivity,,,A68AE165480442238F6710957CD35BBA,,,,,false,true,1,DLCGameData/DLC1/SpawnActorPrototypes.cfg,WorldMap_WP,NodePrototypeVersion=1
DLC1,DLCGameData/DLC1/QuestNodePrototypes.cfg,DLC01_EQ04_ToggleLairActivity,DLC01_EQ04,ToggleLairActivity,,,5202CA634FF6586117EC3A8FDD0C96C2,,,,,false,false,0,,,NodePrototypeVersion=2;Launchers=
DLC1,DLCGameData/DLC1/QuestNodePrototypes.cfg,DLC01_EQ05_P_ToggleLairActivity_Activate,DLC01_EQ05_P,ToggleLairActivity,,,3FE86A93499A033DF1420BA3582653D0,,,,,true,false,6,GameLite/GameData/SpawnActorPrototypes/WorldMap_WP/3FE86A93499A033DF1420BA3582653D0.cfg,WorldMap_WP,NodePrototypeVersion=1
DLC1,DLCGameData/DLC1/QuestNodePrototypes.cfg,DLC01_EQ05_P_ToggleLairActivity_Despawn,DLC01_EQ05_P,ToggleLairActivity,,,3FE86A93499A033DF1420BA3582653D0,,,,,false,true,3,GameLite/GameData/SpawnActorPrototypes/WorldMap_WP/3FE86A93499A033DF1420BA3582653D0.cfg,WorldMap_WP,NodePrototypeVersion=2
DLC1,DLCGameData/DLC1/QuestNodePrototypes.cfg,DLC01_EQ05_ToggleLairActivity_Activate,DLC01_EQ05,ToggleLairActivity,,,3FE86A93499A033DF1420BA3582653D0,,,,,true,false,1,GameLite/GameData/SpawnActorPrototypes/WorldMap_WP/3FE86A93499A033DF1420BA3582653D0.cfg,WorldMap_WP,NodePrototypeVersion=1
DLC1,DLCGameData/DLC1/QuestNodePrototypes.cfg,DLC01_FactionWars_CNPP_C01_FWChangePreset_War_BeyondTheHorizon,DLC01_FactionWars_CNPP_C01,FWChangePreset,,,,,6C7D96DC42856ACB0662B6A247720DC1,,War_BeyondTheHorizon,,,1,DLCGameData/DLC1/SpawnActorPrototypes.cfg,WorldMap_WP,NodePrototypeVersion=1
DLC1,DLCGameData/DLC1/QuestNodePrototypes.cfg,DLC01_FactionWars_CNPP_C01_FWChangePreset_War_ForDuty,DLC01_FactionWars_CNPP_C01,FWChangePreset,,,,,6C7D96DC42856ACB0662B6A247720DC1,,War_ForDuty,,,1,DLCGameData/DLC1/SpawnActorPrototypes.cfg,WorldMap_WP,NodePrototypeVersion=1
DLC1,DLCGameData/DLC1/QuestNodePrototypes.cfg,DLC01_FactionWars_CNPP_C01_FWChangePreset_War_ForFreedom,DLC01_FactionWars_CNPP_C01,FWChangePreset,,,,,6C7D96DC42856ACB0662B6A247720DC1,,War_ForFreedom,,,1,DLCGameData/DLC1/SpawnActorPrototypes.cfg,WorldMap_WP,NodePrototypeVersion=1
DLC1,DLCGameData/DLC1/QuestNodePrototypes.cfg,DLC01_FactionWars_CNPP_FWChangePreset_Off,DLC01_FactionWars_CNPP,FWChangePreset,,,,,6C7D96DC42856ACB0662B6A247720DC1,,Off,,,1,DLCGameData/DLC1/SpawnActorPrototypes.cfg,WorldMap_WP,NodePrototypeVersion=1
DLC1,DLCGameData/DLC1/QuestNodePrototypes.cfg,DLC01_FactionWars_CNPP_FWChangePreset_Off_Duty,DLC01_FactionWars_CNPP,FWChangePreset,,,,,6C7D96DC42856ACB0662B6A247720DC1,,Off,,,1,DLCGameData/DLC1/SpawnActorPrototypes.cfg,WorldMap_WP,NodePrototypeVersion=1
DLC1,DLCGameData/DLC1/QuestNodePrototypes.cfg,DLC01_FactionWars_CNPP_FWChangePreset_Off_Freedom,DLC01_FactionWars_CNPP,FWChangePreset,,,,,6C7D96DC42856ACB0662B6A247720DC1,,Off,,,1,DLCGameData/DLC1/SpawnActorPrototypes.cfg,WorldMap_WP,NodePrototypeVersion=1
DLC1,DLCGameData/DLC1/QuestNodePrototypes.cfg,DLC01_FactionWars_CNPP_FWChangePreset_War_BeyondTheHorizon,DLC01_FactionWars_CNPP,FWChangePreset,,,,,6C7D96DC42856ACB0662B6A247720DC1,,War_BeyondTheHorizon,,,1,DLCGameData/DLC1/SpawnActorPrototypes.cfg,WorldMap_WP,NodePrototypeVersion=1
DLC1,DLCGameData/DLC1/QuestNodePrototypes.cfg,DLC01_FactionWars_CNPP_FWChangePreset_War_ForDuty,DLC01_FactionWars_CNPP,FWChangePreset,,,,,6C7D96DC42856ACB0662B6A247720DC1,,War_ForDuty,,,1,DLCGameData/DLC1/SpawnActorPrototypes.cfg,WorldMap_WP,NodePrototypeVersion=1
DLC1,DLCGameData/DLC1/QuestNodePrototypes.cfg,DLC01_FactionWars_CNPP_FWChangePreset_War_ForFreedom,DLC01_FactionWars_CNPP,FWChangePreset,,,,,6C7D96DC42856ACB0662B6A247720DC1,,War_ForFreedom,,,1,DLCGameData/DLC1/SpawnActorPrototypes.cfg,WorldMap_WP,NodePrototypeVersion=1
DLC1,DLCGameData/DLC1/QuestNodePrototypes.cfg,DLC01_FactionWars_CNPP_FWChangePreset_War_LastStage_ForDuty,DLC01_FactionWars_CNPP,FWChangePreset,,,,,6C7D96DC42856ACB0662B6A247720DC1,,War_LastStage_ForDuty,,,1,DLCGameData/DLC1/SpawnActorPrototypes.cfg,WorldMap_WP,NodePrototypeVersion=1
DLC1,DLCGameData/DLC1/QuestNodePrototypes.cfg,DLC01_FactionWars_CNPP_FWChangePreset_War_LastStage_ForFreedom,DLC01_FactionWars_CNPP,FWChangePreset,,,,,6C7D96DC42856ACB0662B6A247720DC1,,War_LastStage_ForFreedom,,,1,DLCGameData/DLC1/SpawnActorPrototypes.cfg,WorldMap_WP,NodePrototypeVersion=1
DLC1,DLCGameData/DLC1/QuestNodePrototypes.cfg,DLC01_FactionWars_CNPP_If_Duty_380_32,DLC01_FactionWars_CNPP,If,IsLairOwnedByFaction,,,E27C26DE4204AE6FC15D9ABA8531890C,,FW_Duty,,,,2,DLCGameData/DLC1/SpawnActorPrototypes.cfg,WorldMap_WP,NodePrototypeVersion=1;Repeatable=true;Conditions.[0].[0].ConditionType=EQuestConditionType::IsLairOwnedByFaction;Conditions.[0].[0].ConditionComparance=EConditionComparance::Equal;Conditions.[0].[0].TargetLairPlaceholder=E27C26DE4204AE6FC15D9ABA8531890C;Conditions.[0].[0].Faction=FW_Duty
DLC1,DLCGameData/DLC1/QuestNodePrototypes.cfg,DLC01_FactionWars_CNPP_If_Duty_380_33,DLC01_FactionWars_CNPP,If,IsLairOwnedByFaction,,,387BC6F2439700ADEF3DDD8CB38D3FC1,,FW_Duty,,,,2,DLCGameData/DLC1/SpawnActorPrototypes.cfg,WorldMap_WP,NodePrototypeVersion=1;Repeatable=true;Conditions.[0].[0].ConditionType=EQuestConditionType::IsLairOwnedByFaction;Conditions.[0].[0].ConditionComparance=EConditionComparance::Equal;Conditions.[0].[0].TargetLairPlaceholder=387BC6F2439700ADEF3DDD8CB38D3FC1;Conditions.[0].[0].Faction=FW_Duty
DLC1,DLCGameData/DLC1/QuestNodePrototypes.cfg,DLC01_FactionWars_CNPP_If_Duty_380_36,DLC01_FactionWars_CNPP,If,IsLairOwnedByFaction,,,ED54CA2F483A85A5D573B58D0C2792DC,,FW_Duty,,,,2,DLCGameData/DLC1/SpawnActorPrototypes.cfg,WorldMap_WP,NodePrototypeVersion=1;Repeatable=true;Conditions.[0].[0].ConditionType=EQuestConditionType::IsLairOwnedByFaction;Conditions.[0].[0].ConditionComparance=EConditionComparance::Equal;Conditions.[0].[0].TargetLairPlaceholder=ED54CA2F483A85A5D573B58D0C2792DC;Conditions.[0].[0].Faction=FW_Duty
DLC1,DLCGameData/DLC1/QuestNodePrototypes.cfg,DLC01_FactionWars_CNPP_If_Duty_380_37,DLC01_FactionWars_CNPP,If,IsLairOwnedByFaction,,,90AD095943092A73572969BB19F1397B,,FW_Duty,,,,2,DLCGameData/DLC1/SpawnActorPrototypes.cfg,WorldMap_WP,NodePrototypeVersion=1;Repeatable=true;Conditions.[0].[0].ConditionType=EQuestConditionType::IsLairOwnedByFaction;Conditions.[0].[0].ConditionComparance=EConditionComparance::Equal;Conditions.[0].[0].TargetLairPlaceholder=90AD095943092A73572969BB19F1397B;Conditions.[0].[0].Faction=FW_Duty
DLC1,DLCGameData/DLC1/QuestNodePrototypes.cfg,DLC01_FactionWars_CNPP_If_Duty_380_38,DLC01_FactionWars_CNPP,If,IsLairOwnedByFaction,,,0D1C8544420E4DF98318779E6E2CFA2A,,FW_Duty,,,,2,DLCGameData/DLC1/SpawnActorPrototypes.cfg,WorldMap_WP,NodePrototypeVersion=1;Repeatable=true;Conditions.[0].[0].ConditionType=EQuestConditionType::IsLairOwnedByFaction;Conditions.[0].[0].ConditionComparance=EConditionComparance::Equal;Conditions.[0].[0].TargetLairPlaceholder=0D1C8544420E4DF98318779E6E2CFA2A;Conditions.[0].[0].Faction=FW_Duty
DLC1,DLCGameData/DLC1/QuestNodePrototypes.cfg,DLC01_FactionWars_CNPP_If_Duty_380_39_Duty,DLC01_FactionWars_CNPP,If,IsLairOwnedByFaction,,,4FA09809466E067BEC9A97898163DAF3,,FW_Duty,,,,2,DLCGameData/DLC1/SpawnActorPrototypes.cfg,WorldMap_WP,NodePrototypeVersion=1;Repeatable=true;Conditions.[0].[0].ConditionType=EQuestConditionType::IsLairOwnedByFaction;Conditions.[0].[0].ConditionComparance=EConditionComparance::Equal;Conditions.[0].[0].TargetLairPlaceholder=4FA09809466E067BEC9A97898163DAF3;Conditions.[0].[0].Faction=FW_Duty
DLC1,DLCGameData/DLC1/QuestNodePrototypes.cfg,DLC01_FactionWars_CNPP_If_Duty_Stage1_Finish,DLC01_FactionWars_CNPP,If,IsLairOwnedByFaction|GlobalVariable,,,E27C26DE4204AE6FC15D9ABA8531890C|4FA09809466E067BEC9A97898163DAF3,,FW_Duty,,,,2,DLCGameData/DLC1/SpawnActorPrototypes.cfg,WorldMap_WP,NodePrototypeVersion=1;Repeatable=true;Conditions.[0].[0].ConditionType=EQuestConditionType::IsLairOwnedByFaction;Conditions.[0].[0].ConditionComparance=EConditionComparance::Equal;Conditions.[0].[0].TargetLairPlaceholder=E27C26DE4204AE6FC15D9ABA8531890C;Conditions.[0].[0].Faction=FW_Duty;Conditions.[1].[0].ConditionType=EQuestConditionType::IsLairOwnedByFaction;Conditions.[1].[0].ConditionComparance=EConditionComparance::Equal;Conditions.[1].[0].TargetLairPlaceholder=4FA09809466E067BEC9A97898163DAF3;Conditions.[1].[0].Faction=FW_Duty;Conditions.[2].[0].ConditionType=EQuestConditionType::GlobalVariable;Conditions.[2].[0].ConditionComparance=EConditionComparance::Equal;Conditions.[2].[0].GlobalVariablePrototypeSID=DLC01_MainBranch;Conditions.[2].[0].ChangeValueMode=EChangeValueMode::Set;Conditions.[2].[0].VariableValue=2
DLC1,DLCGameData/DLC1/QuestNodePrototypes.cfg,DLC01_FactionWars_CNPP_If_Duty_Stage2_Finish,DLC01_FactionWars_CNPP,If,IsLairOwnedByFaction|GlobalVariable,,,387BC6F2439700ADEF3DDD8CB38D3FC1|0D1C8544420E4DF98318779E6E2CFA2A|90AD095943092A73572969BB19F1397B,,FW_Duty,,,,3,DLCGameData/DLC1/SpawnActorPrototypes.cfg,WorldMap_WP,NodePrototypeVersion=1;Repeatable=true;Conditions.[0].[0].ConditionType=EQuestConditionType::IsLairOwnedByFaction;Conditions.[0].[0].ConditionComparance=EConditionComparance::Equal;Conditions.[0].[0].TargetLairPlaceholder=387BC6F2439700ADEF3DDD8CB38D3FC1;Conditions.[0].[0].Faction=FW_Duty;Conditions.[1].[0].ConditionType=EQuestConditionType::IsLairOwnedByFaction;Conditions.[1].[0].ConditionComparance=EConditionComparance::Equal;Conditions.[1].[0].TargetLairPlaceholder=0D1C8544420E4DF98318779E6E2CFA2A;Conditions.[1].[0].Faction=FW_Duty;Conditions.[2].[0].ConditionType=EQuestConditionType::IsLairOwnedByFaction;Conditions.[2].[0].ConditionComparance=EConditionComparance::Equal;Conditions.[2].[0].TargetLairPlaceholder=90AD095943092A73572969BB19F1397B;Conditions.[2].[0].Faction=FW_Duty;Conditions.[3].[0].ConditionType=EQuestConditionType::GlobalVariable;Conditions.[3].[0].ConditionComparance=EConditionComparance::Equal;Conditions.[3].[0].GlobalVariablePrototypeSID=DLC01_MainBranch;Conditions.[3].[0].ChangeValueMode=EChangeValueMode::Set;Conditions.[3].[0].VariableValue=2
DLC1,DLCGameData/DLC1/QuestNodePrototypes.cfg,DLC01_FactionWars_CNPP_If_Duty_Stage3_Finish,DLC01_FactionWars_CNPP,If,IsLairOwnedByFaction|GlobalVariable,,,ED54CA2F483A85A5D573B58D0C2792DC,,FW_Duty,,,,1,DLCGameData/DLC1/SpawnActorPrototypes.cfg,WorldMap_WP,NodePrototypeVersion=1;Repeatable=true;Conditions.[0].[0].ConditionType=EQuestConditionType::IsLairOwnedByFaction;Conditions.[0].[0].ConditionComparance=EConditionComparance::Equal;Conditions.[0].[0].TargetLairPlaceholder=ED54CA2F483A85A5D573B58D0C2792DC;Conditions.[0].[0].Faction=FW_Duty;Conditions.[1].[0].ConditionType=EQuestConditionType::GlobalVariable;Conditions.[1].[0].ConditionComparance=EConditionComparance::Equal;Conditions.[1].[0].GlobalVariablePrototypeSID=DLC01_MainBranch;Conditions.[1].[0].ChangeValueMode=EChangeValueMode::Set;Conditions.[1].[0].VariableValue=2
DLC1,DLCGameData/DLC1/QuestNodePrototypes.cfg,DLC01_FactionWars_CNPP_If_Freedom_380_32,DLC01_FactionWars_CNPP,If,IsLairOwnedByFaction,,,E21DC5334E97BEF937DF6B89A2852581,,FW_Freedom,,,,2,DLCGameData/DLC1/SpawnActorPrototypes.cfg,WorldMap_WP,NodePrototypeVersion=1;Repeatable=true;Conditions.[0].[0].ConditionType=EQuestConditionType::IsLairOwnedByFaction;Conditions.[0].[0].ConditionComparance=EConditionComparance::Equal;Conditions.[0].[0].TargetLairPlaceholder=E21DC5334E97BEF937DF6B89A2852581;Conditions.[0].[0].Faction=FW_Freedom
DLC1,DLCGameData/DLC1/QuestNodePrototypes.cfg,DLC01_FactionWars_CNPP_If_Freedom_380_33,DLC01_FactionWars_CNPP,If,IsLairOwnedByFaction,,,DA24AE244E665ED6A09F9886B4C1E14B,,FW_Freedom,,,,2,DLCGameData/DLC1/SpawnActorPrototypes.cfg,WorldMap_WP,NodePrototypeVersion=1;Repeatable=true;Conditions.[0].[0].ConditionType=EQuestConditionType::IsLairOwnedByFaction;Conditions.[0].[0].ConditionComparance=EConditionComparance::Equal;Conditions.[0].[0].TargetLairPlaceholder=DA24AE244E665ED6A09F9886B4C1E14B;Conditions.[0].[0].Faction=FW_Freedom
DLC1,DLCGameData/DLC1/QuestNodePrototypes.cfg,DLC01_FactionWars_CNPP_If_Freedom_380_36,DLC01_FactionWars_CNPP,If,IsLairOwnedByFaction,,,CCB290D94BBA82D0388581BFAB9FBEA4,,FW_Freedom,,,,2,DLCGameData/DLC1/SpawnActorPrototypes.cfg,WorldMap_WP,NodePrototypeVersion=1;Repeatable=true;Conditions.[0].[0].ConditionType=EQuestConditionType::IsLairOwnedByFaction;Conditions.[0].[0].ConditionComparance=EConditionComparance::Equal;Conditions.[0].[0].TargetLairPlaceholder=CCB290D94BBA82D0388581BFAB9FBEA4;Conditions.[0].[0].Faction=FW_Freedom
DLC1,DLCGameData/DLC1/QuestNodePrototypes.cfg,DLC01_FactionWars_CNPP_If_Freedom_380_37,DLC01_FactionWars_CNPP,If,IsLairOwnedByFaction,,,24F196164C3134F4012649AF22807F68,,FW_Freedom,,,,2,DLCGameData/DLC1/SpawnActorPrototypes.cfg,WorldMap_WP,NodePrototypeVersion=1;Repeatable=true;Conditions.[0].[0].ConditionType=EQuestConditionType::IsLairOwnedByFaction;Conditions.[0].[0].ConditionComparance=EConditionComparance::Equal;Conditions.[0].[0].TargetLairPlaceholder=24F196164C3134F4012649AF22807F68;Conditions.[0].[0].Faction=FW_Freedom
DLC1,DLCGameData/DLC1/QuestNodePrototypes.cfg,DLC01_FactionWars_CNPP_If_Freedom_380_38,DLC01_FactionWars_CNPP,If,IsLairOwnedByFaction,,,9BFE5B1A4963D059ED3A8C8EADD70E35,,FW_Freedom,,,,2,DLCGameData/DLC1/SpawnActorPrototypes.cfg,WorldMap_WP,NodePrototypeVersion=1;Repeatable=true;Conditions.[0].[0].ConditionType=EQuestConditionType::IsLairOwnedByFaction;Conditions.[0].[0].ConditionComparance=EConditionComparance::Equal;Conditions.[0].[0].TargetLairPlaceholder=9BFE5B1A4963D059ED3A8C8EADD70E35;Conditions.[0].[0].Faction=FW_Freedom
DLC1,DLCGameData/DLC1/QuestNodePrototypes.cfg,DLC01_FactionWars_CNPP_If_Freedom_380_39,DLC01_FactionWars_CNPP,If,IsLairOwnedByFaction,,,252CC7D34121F145B85D37A3CDCD8FF2,,FW_Freedom,,,,2,DLCGameData/DLC1/SpawnActorPrototypes.cfg,WorldMap_WP,NodePrototypeVersion=1;Repeatable=true;Conditions.[0].[0].ConditionType=EQuestConditionType::IsLairOwnedByFaction;Conditions.[0].[0].ConditionComparance=EConditionComparance::Equal;Conditions.[0].[0].TargetLairPlaceholder=252CC7D34121F145B85D37A3CDCD8FF2;Conditions.[0].[0].Faction=FW_Freedom
DLC1,DLCGameData/DLC1/QuestNodePrototypes.cfg,DLC01_FactionWars_CNPP_If_Freedom_Stage1_Finish,DLC01_FactionWars_CNPP,If,IsLairOwnedByFaction|GlobalVariable,,,CCB290D94BBA82D0388581BFAB9FBEA4,,FW_Freedom,,,,1,DLCGameData/DLC1/SpawnActorPrototypes.cfg,WorldMap_WP,NodePrototypeVersion=1;Repeatable=true;Conditions.[0].[0].ConditionType=EQuestConditionType::IsLairOwnedByFaction;Conditions.[0].[0].ConditionComparance=EConditionComparance::Equal;Conditions.[0].[0].TargetLairPlaceholder=CCB290D94BBA82D0388581BFAB9FBEA4;Conditions.[0].[0].Faction=FW_Freedom;Conditions.[1].[0].ConditionType=EQuestConditionType::GlobalVariable;Conditions.[1].[0].ConditionComparance=EConditionComparance::Equal;Conditions.[1].[0].GlobalVariablePrototypeSID=DLC01_MainBranch;Conditions.[1].[0].ChangeValueMode=EChangeValueMode::Set;Conditions.[1].[0].VariableValue=1
DLC1,DLCGameData/DLC1/QuestNodePrototypes.cfg,DLC01_FactionWars_CNPP_If_Freedom_Stage2_Finish,DLC01_FactionWars_CNPP,If,IsLairOwnedByFaction|GlobalVariable,,,24F196164C3134F4012649AF22807F68|DA24AE244E665ED6A09F9886B4C1E14B|9BFE5B1A4963D059ED3A8C8EADD70E35,,FW_Freedom,,,,3,DLCGameData/DLC1/SpawnActorPrototypes.cfg,WorldMap_WP,NodePrototypeVersion=1;Repeatable=true;Conditions.[0].[0].ConditionType=EQuestConditionType::IsLairOwnedByFaction;Conditions.[0].[0].ConditionComparance=EConditionComparance::Equal;Conditions.[0].[0].TargetLairPlaceholder=24F196164C3134F4012649AF22807F68;Conditions.[0].[0].Faction=FW_Freedom;Conditions.[1].[0].ConditionType=EQuestConditionType::IsLairOwnedByFaction;Conditions.[1].[0].ConditionComparance=EConditionComparance::Equal;Conditions.[1].[0].TargetLairPlaceholder=DA24AE244E665ED6A09F9886B4C1E14B;Conditions.[1].[0].Faction=FW_Freedom;Conditions.[2].[0].ConditionType=EQuestConditionType::IsLairOwnedByFaction;Conditions.[2].[0].ConditionComparance=EConditionComparance::Equal;Conditions.[2].[0].TargetLairPlaceholder=9BFE5B1A4963D059ED3A8C8EADD70E35;Conditions.[2].[0].Faction=FW_Freedom;Conditions.[3].[0].ConditionType=EQuestConditionType::GlobalVariable;Conditions.[3].[0].ConditionComparance=EConditionComparance::Equal;Conditions.[3].[0].GlobalVariablePrototypeSID=DLC01_MainBranch;Conditions.[3].[0].ChangeValueMode=EChangeValueMode::Set;Conditions.[3].[0].VariableValue=1
DLC1,DLCGameData/DLC1/QuestNodePrototypes.cfg,DLC01_FactionWars_CNPP_If_Freedom_Stage3_Finish,DLC01_FactionWars_CNPP,If,IsLairOwnedByFaction|GlobalVariable,,,E21DC5334E97BEF937DF6B89A2852581|252CC7D34121F145B85D37A3CDCD8FF2,,FW_Freedom,,,,2,DLCGameData/DLC1/SpawnActorPrototypes.cfg,WorldMap_WP,NodePrototypeVersion=1;Repeatable=true;Conditions.[0].[0].ConditionType=EQuestConditionType::IsLairOwnedByFaction;Conditions.[0].[0].ConditionComparance=EConditionComparance::Equal;Conditions.[0].[0].TargetLairPlaceholder=E21DC5334E97BEF937DF6B89A2852581;Conditions.[0].[0].Faction=FW_Freedom;Conditions.[1].[0].ConditionType=EQuestConditionType::IsLairOwnedByFaction;Conditions.[1].[0].ConditionComparance=EConditionComparance::Equal;Conditions.[1].[0].TargetLairPlaceholder=252CC7D34121F145B85D37A3CDCD8FF2;Conditions.[1].[0].Faction=FW_Freedom;Conditions.[2].[0].ConditionType=EQuestConditionType::GlobalVariable;Conditions.[2].[0].ConditionComparance=EConditionComparance::Equal;Conditions.[2].[0].GlobalVariablePrototypeSID=DLC01_MainBranch;Conditions.[2].[0].ChangeValueMode=EChangeValueMode::Set;Conditions.[2].[0].VariableValue=1
DLC1,DLCGameData/DLC1/QuestNodePrototypes.cfg,DLC01_FactionWars_CNPP_OnLairOwnershipHasChangedEvent_DutyMain,DLC01_FactionWars_CNPP,OnLairOwnershipHasChangedEvent,,OnLairOwnershipHasChanged,81EF5E7E49FE5B760C8D158BC20F31A0,,,,,,,0,DLCGameData/DLC1/SpawnActorPrototypes.cfg,WorldMap_WP,NodePrototypeVersion=1;LaunchOnQuestStart=true;TrackBeforeActive=false
DLC1,DLCGameData/DLC1/QuestNodePrototypes.cfg,DLC01_FactionWars_CNPP_OnLairOwnershipHasChangedEvent_Duty_380_32,DLC01_FactionWars_CNPP,OnLairOwnershipHasChangedEvent,,OnLairOwnershipHasChanged,E27C26DE4204AE6FC15D9ABA8531890C,,,,,,,0,DLCGameData/DLC1/SpawnActorPrototypes.cfg,WorldMap_WP,NodePrototypeVersion=1;Repeatable=true;LaunchOnQuestStart=true;TrackBeforeActive=false
DLC1,DLCGameData/DLC1/QuestNodePrototypes.cfg,DLC01_FactionWars_CNPP_OnLairOwnershipHasChangedEvent_Duty_380_32_Stage1_Finish,DLC01_FactionWars_CNPP,OnLairOwnershipHasChangedEvent,,OnLairOwnershipHasChanged,E27C26DE4204AE6FC15D9ABA8531890C,,,,,,,0,DLCGameData/DLC1/SpawnActorPrototypes.cfg,WorldMap_WP,NodePrototypeVersion=1;Repeatable=true;LaunchOnQuestStart=true;TrackBeforeActive=false
DLC1,DLCGameData/DLC1/QuestNodePrototypes.cfg,DLC01_FactionWars_CNPP_OnLairOwnershipHasChangedEvent_Duty_380_33,DLC01_FactionWars_CNPP,OnLairOwnershipHasChangedEvent,,OnLairOwnershipHasChanged,387BC6F2439700ADEF3DDD8CB38D3FC1,,,,,,,0,DLCGameData/DLC1/SpawnActorPrototypes.cfg,WorldMap_WP,NodePrototypeVersion=1;Repeatable=true;LaunchOnQuestStart=true;TrackBeforeActive=false
DLC1,DLCGameData/DLC1/QuestNodePrototypes.cfg,DLC01_FactionWars_CNPP_OnLairOwnershipHasChangedEvent_Duty_380_33_Stage2_Finished,DLC01_FactionWars_CNPP,OnLairOwnershipHasChangedEvent,,OnLairOwnershipHasChanged,0D1C8544420E4DF98318779E6E2CFA2A,,,,,,,0,DLCGameData/DLC1/SpawnActorPrototypes.cfg,WorldMap_WP,NodePrototypeVersion=1;Repeatable=true;LaunchOnQuestStart=true;TrackBeforeActive=false
DLC1,DLCGameData/DLC1/QuestNodePrototypes.cfg,DLC01_FactionWars_CNPP_OnLairOwnershipHasChangedEvent_Duty_380_36,DLC01_FactionWars_CNPP,OnLairOwnershipHasChangedEvent,,OnLairOwnershipHasChanged,ED54CA2F483A85A5D573B58D0C2792DC,,,,,,,0,DLCGameData/DLC1/SpawnActorPrototypes.cfg,WorldMap_WP,NodePrototypeVersion=1;LaunchOnQuestStart=true;TrackBeforeActive=false
DLC1,DLCGameData/DLC1/QuestNodePrototypes.cfg,DLC01_FactionWars_CNPP_OnLairOwnershipHasChangedEvent_Duty_380_36_Stage3_Finished,DLC01_FactionWars_CNPP,OnLairOwnershipHasChangedEvent,,OnLairOwnershipHasChanged,ED54CA2F483A85A5D573B58D0C2792DC,,,,,,,0,DLCGameData/DLC1/SpawnActorPrototypes.cfg,WorldMap_WP,NodePrototypeVersion=1;Repeatable=true;LaunchOnQuestStart=true;TrackBeforeActive=false
DLC1,DLCGameData/DLC1/QuestNodePrototypes.cfg,DLC01_FactionWars_CNPP_OnLairOwnershipHasChangedEvent_Duty_380_37,DLC01_FactionWars_CNPP,OnLairOwnershipHasChangedEvent,,OnLairOwnershipHasChanged,90AD095943092A73572969BB19F1397B,,,,,,,0,DLCGameData/DLC1/SpawnActorPrototypes.cfg,WorldMap_WP,NodePrototypeVersion=1;Repeatable=true;LaunchOnQuestStart=true;TrackBeforeActive=false
DLC1,DLCGameData/DLC1/QuestNodePrototypes.cfg,DLC01_FactionWars_CNPP_OnLairOwnershipHasChangedEvent_Duty_380_37_Stage2_Finished,DLC01_FactionWars_CNPP,OnLairOwnershipHasChangedEvent,,OnLairOwnershipHasChanged,387BC6F2439700ADEF3DDD8CB38D3FC1,,,,,,,0,DLCGameData/DLC1/SpawnActorPrototypes.cfg,WorldMap_WP,NodePrototypeVersion=1;Repeatable=true;LaunchOnQuestStart=true;TrackBeforeActive=false
DLC1,DLCGameData/DLC1/QuestNodePrototypes.cfg,DLC01_FactionWars_CNPP_OnLairOwnershipHasChangedEvent_Duty_380_38,DLC01_FactionWars_CNPP,OnLairOwnershipHasChangedEvent,,OnLairOwnershipHasChanged,0D1C8544420E4DF98318779E6E2CFA2A,,,,,,,0,DLCGameData/DLC1/SpawnActorPrototypes.cfg,WorldMap_WP,NodePrototypeVersion=1;Repeatable=true;LaunchOnQuestStart=true;TrackBeforeActive=false
DLC1,DLCGameData/DLC1/QuestNodePrototypes.cfg,DLC01_FactionWars_CNPP_OnLairOwnershipHasChangedEvent_Duty_380_38_Stage2_Finished,DLC01_FactionWars_CNPP,OnLairOwnershipHasChangedEvent,,OnLairOwnershipHasChanged,90AD095943092A73572969BB19F1397B,,,,,,,0,DLCGameData/DLC1/SpawnActorPrototypes.cfg,WorldMap_WP,NodePrototypeVersion=1;Repeatable=true;LaunchOnQuestStart=true;TrackBeforeActive=false
DLC1,DLCGameData/DLC1/QuestNodePrototypes.cfg,DLC01_FactionWars_CNPP_OnLairOwnershipHasChangedEvent_Duty_380_39,DLC01_FactionWars_CNPP,OnLairOwnershipHasChangedEvent,,OnLairOwnershipHasChanged,4FA09809466E067BEC9A97898163DAF3,,,,,,,0,DLCGameData/DLC1/SpawnActorPrototypes.cfg,WorldMap_WP,NodePrototypeVersion=1;Repeatable=true;LaunchOnQuestStart=true;TrackBeforeActive=false
DLC1,DLCGameData/DLC1/QuestNodePrototypes.cfg,DLC01_FactionWars_CNPP_OnLairOwnershipHasChangedEvent_Duty_380_39_Stage1_Finish,DLC01_FactionWars_CNPP,OnLairOwnershipHasChangedEvent,,OnLairOwnershipHasChanged,4FA09809466E067BEC9A97898163DAF3,,,,,,,0,DLCGameData/DLC1/SpawnActorPrototypes.cfg,WorldMap_WP,NodePrototypeVersion=1;Repeatable=true;LaunchOnQuestStart=true;TrackBeforeActive=false
DLC1,DLCGameData/DLC1/QuestNodePrototypes.cfg,DLC01_FactionWars_CNPP_OnLairOwnershipHasChangedEvent_FreedomMain,DLC01_FactionWars_CNPP,OnLairOwnershipHasChangedEvent,,OnLairOwnershipHasChanged,3356BFE24E3A2FB5F451998BFA9DD3C8,,,,,,,0,DLCGameData/DLC1/SpawnActorPrototypes.cfg,WorldMap_WP,NodePrototypeVersion=1;LaunchOnQuestStart=true;TrackBeforeActive=false
DLC1,DLCGameData/DLC1/QuestNodePrototypes.cfg,DLC01_FactionWars_CNPP_OnLairOwnershipHasChangedEvent_Freedom_380_32,DLC01_FactionWars_CNPP,OnLairOwnershipHasChangedEvent,,OnLairOwnershipHasChanged,E21DC5334E97BEF937DF6B89A2852581,,,,,,,0,DLCGameData/DLC1/SpawnActorPrototypes.cfg,WorldMap_WP,NodePrototypeVersion=1;Repeatable=true;LaunchOnQuestStart=true;TrackBeforeActive=false
DLC1,DLCGameData/DLC1/QuestNodePrototypes.cfg,DLC01_FactionWars_CNPP_OnLairOwnershipHasChangedEvent_Freedom_380_32_Stage1_Finish,DLC01_FactionWars_CNPP,OnLairOwnershipHasChangedEvent,,OnLairOwnershipHasChanged,E21DC5334E97BEF937DF6B89A2852581,,,,,,,0,DLCGameData/DLC1/SpawnActorPrototypes.cfg,WorldMap_WP,NodePrototypeVersion=1;Repeatable=true;LaunchOnQuestStart=true;TrackBeforeActive=false
DLC1,DLCGameData/DLC1/QuestNodePrototypes.cfg,DLC01_FactionWars_CNPP_OnLairOwnershipHasChangedEvent_Freedom_380_33,DLC01_FactionWars_CNPP,OnLairOwnershipHasChangedEvent,,OnLairOwnershipHasChanged,DA24AE244E665ED6A09F9886B4C1E14B,,,,,,,0,DLCGameData/DLC1/SpawnActorPrototypes.cfg,WorldMap_WP,NodePrototypeVersion=1;Repeatable=true;LaunchOnQuestStart=true;TrackBeforeActive=false
DLC1,DLCGameData/DLC1/QuestNodePrototypes.cfg,DLC01_FactionWars_CNPP_OnLairOwnershipHasChangedEvent_Freedom_380_33_Stage2_Finished,DLC01_FactionWars_CNPP,OnLairOwnershipHasChangedEvent,,OnLairOwnershipHasChanged,DA24AE244E665ED6A09F9886B4C1E14B,,,,,,,0,DLCGameData/DLC1/SpawnActorPrototypes.cfg,WorldMap_WP,NodePrototypeVersion=1;Repeatable=true;LaunchOnQuestStart=true;TrackBeforeActive=false
DLC1,DLCGameData/DLC1/QuestNodePrototypes.cfg,DLC01_FactionWars_CNPP_OnLairOwnershipHasChangedEvent_Freedom_380_36,DLC01_FactionWars_CNPP,OnLairOwnershipHasChangedEvent,,OnLairOwnershipHasChanged,CCB290D94BBA82D0388581BFAB9FBEA4,,,,,,,0,DLCGameData/DLC1/SpawnActorPrototypes.cfg,WorldMap_WP,NodePrototypeVersion=1;LaunchOnQuestStart=true;TrackBeforeActive=false
DLC1,DLCGameData/DLC1/QuestNodePrototypes.cfg,DLC01_FactionWars_CNPP_OnLairOwnershipHasChangedEvent_Freedom_380_36_Stage1_Finished,DLC01_FactionWars_CNPP,OnLairOwnershipHasChangedEvent,,OnLairOwnershipHasChanged,CCB290D94BBA82D0388581BFAB9FBEA4,,,,,,,0,DLCGameData/DLC1/SpawnActorPrototypes.cfg,WorldMap_WP,NodePrototypeVersion=1;Repeatable=true;LaunchOnQuestStart=true;TrackBeforeActive=false
DLC1,DLCGameData/DLC1/QuestNodePrototypes.cfg,DLC01_FactionWars_CNPP_OnLairOwnershipHasChangedEvent_Freedom_380_37,DLC01_FactionWars_CNPP,OnLairOwnershipHasChangedEvent,,OnLairOwnershipHasChanged,24F196164C3134F4012649AF22807F68,,,,,,,0,DLCGameData/DLC1/SpawnActorPrototypes.cfg,WorldMap_WP,NodePrototypeVersion=1;Repeatable=true;LaunchOnQuestStart=true;TrackBeforeActive=false
DLC1,DLCGameData/DLC1/QuestNodePrototypes.cfg,DLC01_FactionWars_CNPP_OnLairOwnershipHasChangedEvent_Freedom_380_37_Stage2_Finished,DLC01_FactionWars_CNPP,OnLairOwnershipHasChangedEvent,,OnLairOwnershipHasChanged,24F196164C3134F4012649AF22807F68,,,,,,,0,DLCGameData/DLC1/SpawnActorPrototypes.cfg,WorldMap_WP,NodePrototypeVersion=1;Repeatable=true;LaunchOnQuestStart=true;TrackBeforeActive=false
DLC1,DLCGameData/DLC1/QuestNodePrototypes.cfg,DLC01_FactionWars_CNPP_OnLairOwnershipHasChangedEvent_Freedom_380_38,DLC01_FactionWars_CNPP,OnLairOwnershipHasChangedEvent,,OnLairOwnershipHasChanged,9BFE5B1A4963D059ED3A8C8EADD70E35,,,,,,,0,DLCGameData/DLC1/SpawnActorPrototypes.cfg,WorldMap_WP,NodePrototypeVersion=1;Repeatable=true;LaunchOnQuestStart=true;TrackBeforeActive=false
DLC1,DLCGameData/DLC1/QuestNodePrototypes.cfg,DLC01_FactionWars_CNPP_OnLairOwnershipHasChangedEvent_Freedom_380_38_Stage2_Finished,DLC01_FactionWars_CNPP,OnLairOwnershipHasChangedEvent,,OnLairOwnershipHasChanged,9BFE5B1A4963D059ED3A8C8EADD70E35,,,,,,,0,DLCGameData/DLC1/SpawnActorPrototypes.cfg,WorldMap_WP,NodePrototypeVersion=1;Repeatable=true;LaunchOnQuestStart=true;TrackBeforeActive=false
DLC1,DLCGameData/DLC1/QuestNodePrototypes.cfg,DLC01_FactionWars_CNPP_OnLairOwnershipHasChangedEvent_Freedom_380_39,DLC01_FactionWars_CNPP,OnLairOwnershipHasChangedEvent,,OnLairOwnershipHasChanged,252CC7D34121F145B85D37A3CDCD8FF2,,,,,,,0,DLCGameData/DLC1/SpawnActorPrototypes.cfg,WorldMap_WP,NodePrototypeVersion=1;Repeatable=true;LaunchOnQuestStart=true;TrackBeforeActive=false
DLC1,DLCGameData/DLC1/QuestNodePrototypes.cfg,DLC01_FactionWars_CNPP_OnLairOwnershipHasChangedEvent_Freedom_380_39_Stage1_Finish,DLC01_FactionWars_CNPP,OnLairOwnershipHasChangedEvent,,OnLairOwnershipHasChanged,252CC7D34121F145B85D37A3CDCD8FF2,,,,,,,0,DLCGameData/DLC1/SpawnActorPrototypes.cfg,WorldMap_WP,NodePrototypeVersion=1;Repeatable=true;LaunchOnQuestStart=true;TrackBeforeActive=false
DLC1,DLCGameData/DLC1/QuestNodePrototypes.cfg,DLC01_FactionWars_CNPP_Technical_Delay_Reward_Duty_Pin_0,DLC01_FactionWars_CNPP,Condition,IsLairOwnedByFaction|GlobalVariable,,,3356BFE24E3A2FB5F451998BFA9DD3C8,,FW_Duty,,,,1,DLCGameData/DLC1/SpawnActorPrototypes.cfg,WorldMap_WP,NodePrototypeVersion=1;Conditions.[0].[0].ConditionType=EQuestConditionType::IsLairOwnedByFaction;Conditions.[0].[0].ConditionComparance=EConditionComparance::Equal;Conditions.[0].[0].TargetLairPlaceholder=3356BFE24E3A2FB5F451998BFA9DD3C8;Conditions.[0].[0].Faction=FW_Duty;Conditions.[1].[0].ConditionType=EQuestConditionType::GlobalVariable;Conditions.[1].[0].ConditionComparance=EConditionComparance::Equal;Conditions.[1].[0].GlobalVariablePrototypeSID=DLC01_MainBranch;Conditions.[1].[0].ChangeValueMode=EChangeValueMode::Set;Conditions.[1].[0].VariableValue=2;Conditions.ConditionCheckType=EConditionCheckType::And
DLC1,DLCGameData/DLC1/QuestNodePrototypes.cfg,DLC01_FactionWars_CNPP_Technical_Delay_Reward_Freedom_Pin_0,DLC01_FactionWars_CNPP,Condition,IsLairOwnedByFaction|GlobalVariable,,,81EF5E7E49FE5B760C8D158BC20F31A0,,FW_Freedom,,,,1,DLCGameData/DLC1/SpawnActorPrototypes.cfg,WorldMap_WP,NodePrototypeVersion=1;Conditions.[0].[0].ConditionType=EQuestConditionType::IsLairOwnedByFaction;Conditions.[0].[0].ConditionComparance=EConditionComparance::Equal;Conditions.[0].[0].TargetLairPlaceholder=81EF5E7E49FE5B760C8D158BC20F31A0;Conditions.[0].[0].Faction=FW_Freedom;Conditions.[1].[0].ConditionType=EQuestConditionType::GlobalVariable;Conditions.[1].[0].ConditionComparance=EConditionComparance::Equal;Conditions.[1].[0].GlobalVariablePrototypeSID=DLC01_MainBranch;Conditions.[1].[0].ChangeValueMode=EChangeValueMode::Set;Conditions.[1].[0].VariableValue=1;Conditions.ConditionCheckType=EConditionCheckType::And
DLC1,DLCGameData/DLC1/QuestNodePrototypes.cfg,DLC01_FactionWars_CNPP_ToggleLairActivity_DutyMain,DLC01_FactionWars_CNPP,ToggleLairActivity,,,B674B8934AFD7D4D7DD53887E75751A9,,,,,true,false,1,DLCGameData/DLC1/SpawnActorPrototypes.cfg,WorldMap_WP,NodePrototypeVersion=1
DLC1,DLCGameData/DLC1/QuestNodePrototypes.cfg,DLC01_FactionWars_CNPP_ToggleLairActivity_DutyMain_Enemies,DLC01_FactionWars_CNPP,ToggleLairActivity,,,81EF5E7E49FE5B760C8D158BC20F31A0,,,,,true,false,1,DLCGameData/DLC1/SpawnActorPrototypes.cfg,WorldMap_WP,NodePrototypeVersion=1
DLC1,DLCGameData/DLC1/QuestNodePrototypes.cfg,DLC01_FactionWars_CNPP_ToggleLairActivity_FW_POI_2_Duty,DLC01_FactionWars_CNPP,ToggleLairActivity,,,CCB290D94BBA82D0388581BFAB9FBEA4,,,,,true,false,1,DLCGameData/DLC1/SpawnActorPrototypes.cfg,WorldMap_WP,NodePrototypeVersion=1
DLC1,DLCGameData/DLC1/QuestNodePrototypes.cfg,DLC01_FactionWars_CNPP_ToggleLairActivity_FW_POI_3_Duty,DLC01_FactionWars_CNPP,ToggleLairActivity,,,24F196164C3134F4012649AF22807F68,,,,,true,false,1,DLCGameData/DLC1/SpawnActorPrototypes.cfg,WorldMap_WP,NodePrototypeVersion=1
DLC1,DLCGameData/DLC1/QuestNodePrototypes.cfg,DLC01_FactionWars_CNPP_ToggleLairActivity_FW_POI_4_Duty,DLC01_FactionWars_CNPP,ToggleLairActivity,,,9BFE5B1A4963D059ED3A8C8EADD70E35,,,,,true,false,1,DLCGameData/DLC1/SpawnActorPrototypes.cfg,WorldMap_WP,NodePrototypeVersion=1
DLC1,DLCGameData/DLC1/QuestNodePrototypes.cfg,DLC01_FactionWars_CNPP_ToggleLairActivity_FW_POI_5_Duty,DLC01_FactionWars_CNPP,ToggleLairActivity,,,DA24AE244E665ED6A09F9886B4C1E14B,,,,,true,false,1,DLCGameData/DLC1/SpawnActorPrototypes.cfg,WorldMap_WP,NodePrototypeVersion=1
DLC1,DLCGameData/DLC1/QuestNodePrototypes.cfg,DLC01_FactionWars_CNPP_ToggleLairActivity_FW_POI_6_Duty,DLC01_FactionWars_CNPP,ToggleLairActivity,,,E21DC5334E97BEF937DF6B89A2852581,,,,,true,false,1,DLCGameData/DLC1/SpawnActorPrototypes.cfg,WorldMap_WP,NodePrototypeVersion=1
DLC1,DLCGameData/DLC1/QuestNodePrototypes.cfg,DLC01_FactionWars_CNPP_ToggleLairActivity_FW_POI_7_Duty,DLC01_FactionWars_CNPP,ToggleLairActivity,,,252CC7D34121F145B85D37A3CDCD8FF2,,,,,true,false,1,DLCGameData/DLC1/SpawnActorPrototypes.cfg,WorldMap_WP,NodePrototypeVersion=1
DLC1,DLCGameData/DLC1/QuestNodePrototypes.cfg,DLC01_FactionWars_CNPP_ToggleLairActivity_FreedomMain,DLC01_FactionWars_CNPP,ToggleLairActivity,,,5C78F16F45F91D7694E3D0B7AF39DA43,,,,,true,false,1,DLCGameData/DLC1/SpawnActorPrototypes.cfg,WorldMap_WP,NodePrototypeVersion=1
DLC1,DLCGameData/DLC1/QuestNodePrototypes.cfg,DLC01_FactionWars_CNPP_ToggleLairActivity_FreedomMain_Enemies,DLC01_FactionWars_CNPP,ToggleLairActivity,,,3356BFE24E3A2FB5F451998BFA9DD3C8,,,,,true,false,1,DLCGameData/DLC1/SpawnActorPrototypes.cfg,WorldMap_WP,NodePrototypeVersion=1
DLC1,DLCGameData/DLC1/QuestNodePrototypes.cfg,DLC01_FactionWars_CNPP_ToggleLairActivity_Freedom_POI_2,DLC01_FactionWars_CNPP,ToggleLairActivity,,,ED54CA2F483A85A5D573B58D0C2792DC,,,,,true,false,1,DLCGameData/DLC1/SpawnActorPrototypes.cfg,WorldMap_WP,NodePrototypeVersion=1
DLC1,DLCGameData/DLC1/QuestNodePrototypes.cfg,DLC01_FactionWars_CNPP_ToggleLairActivity_Freedom_POI_3,DLC01_FactionWars_CNPP,ToggleLairActivity,,,90AD095943092A73572969BB19F1397B,,,,,true,false,1,DLCGameData/DLC1/SpawnActorPrototypes.cfg,WorldMap_WP,NodePrototypeVersion=1
DLC1,DLCGameData/DLC1/QuestNodePrototypes.cfg,DLC01_FactionWars_CNPP_ToggleLairActivity_Freedom_POI_4,DLC01_FactionWars_CNPP,ToggleLairActivity,,,0D1C8544420E4DF98318779E6E2CFA2A,,,,,true,false,1,DLCGameData/DLC1/SpawnActorPrototypes.cfg,WorldMap_WP,NodePrototypeVersion=1
DLC1,DLCGameData/DLC1/QuestNodePrototypes.cfg,DLC01_FactionWars_CNPP_ToggleLairActivity_Freedom_POI_5,DLC01_FactionWars_CNPP,ToggleLairActivity,,,387BC6F2439700ADEF3DDD8CB38D3FC1,,,,,true,false,1,DLCGameData/DLC1/SpawnActorPrototypes.cfg,WorldMap_WP,NodePrototypeVersion=1
DLC1,DLCGameData/DLC1/QuestNodePrototypes.cfg,DLC01_FactionWars_CNPP_ToggleLairActivity_Freedom_POI_6,DLC01_FactionWars_CNPP,ToggleLairActivity,,,E27C26DE4204AE6FC15D9ABA8531890C,,,,,true,false,1,DLCGameData/DLC1/SpawnActorPrototypes.cfg,WorldMap_WP,NodePrototypeVersion=1
DLC1,DLCGameData/DLC1/QuestNodePrototypes.cfg,DLC01_FactionWars_CNPP_ToggleLairActivity_Freedom_POI_7,DLC01_FactionWars_CNPP,ToggleLairActivity,,,4FA09809466E067BEC9A97898163DAF3,,,,,true,false,1,DLCGameData/DLC1/SpawnActorPrototypes.cfg,WorldMap_WP,NodePrototypeVersion=1
DLC1,DLCGameData/DLC1/QuestNodePrototypes.cfg,DLC01_IronForest_L_ToggleLairActivity_BSZone_Off,DLC01_IronForest_L,ToggleLairActivity,,,3049236943A763AFA02795A3BCCB5E7E,,,,,false,true,4,DLCGameData/DLC1/SpawnActorPrototypes.cfg,WorldMap_WP,NodePrototypeVersion=1
DLC1,DLCGameData/DLC1/QuestNodePrototypes.cfg,DLC01_IronForest_L_ToggleLairActivity_BanditsWall_On,DLC01_IronForest_L,ToggleLairActivity,,,DAA1947D4B1BE16EC68495AC7FF1BA53,,,,,true,false,2,DLCGameData/DLC1/SpawnActorPrototypes.cfg,WorldMap_WP,NodePrototypeVersion=1
DLC1,DLCGameData/DLC1/QuestNodePrototypes.cfg,DLC01_IronForest_L_ToggleLairActivity_Boars330_Off,DLC01_IronForest_L,ToggleLairActivity,,,0721D8C34A92C43DB9F303BE6FE6DB9C,,,,,false,true,2,DLCGameData/DLC1/SpawnActorPrototypes.cfg,WorldMap_WP,NodePrototypeVersion=1
DLC1,DLCGameData/DLC1/QuestNodePrototypes.cfg,DLC01_IronForest_L_ToggleLairActivity_Bolshak_Off,DLC01_IronForest_L,ToggleLairActivity,,,322530014F1439B375A4BAA926A040A0,,,,,false,true,2,DLCGameData/DLC1/SpawnActorPrototypes.cfg,WorldMap_WP,NodePrototypeVersion=1
DLC1,DLCGameData/DLC1/QuestNodePrototypes.cfg,DLC01_IronForest_L_ToggleLairActivity_Bolshak_On,DLC01_IronForest_L,ToggleLairActivity,,,322530014F1439B375A4BAA926A040A0,,,,,true,false,2,DLCGameData/DLC1/SpawnActorPrototypes.cfg,WorldMap_WP,NodePrototypeVersion=1
DLC1,DLCGameData/DLC1/QuestNodePrototypes.cfg,DLC01_IronForest_L_ToggleLairActivity_Bolshak_On2,DLC01_IronForest_L,ToggleLairActivity,,,322530014F1439B375A4BAA926A040A0,,,,,true,false,2,DLCGameData/DLC1/SpawnActorPrototypes.cfg,WorldMap_WP,NodePrototypeVersion=1
DLC1,DLCGameData/DLC1/QuestNodePrototypes.cfg,DLC01_IronForest_L_ToggleLairActivity_FreedomPS_On,DLC01_IronForest_L,ToggleLairActivity,,,FBCC5D7246B6395941162EB20385CD8F,,,,,true,false,2,DLCGameData/DLC1/SpawnActorPrototypes.cfg,WorldMap_WP,NodePrototypeVersion=1
DLC1,DLCGameData/DLC1/QuestNodePrototypes.cfg,DLC01_IronForest_L_ToggleLairActivity_HubDuty_On,DLC01_IronForest_L,ToggleLairActivity,,,2B4A982F4785E845CFE9D3BAD4491A3E,,,,,false,false,2,,,NodePrototypeVersion=1
DLC1,DLCGameData/DLC1/QuestNodePrototypes.cfg,DLC01_IronForest_L_ToggleLairActivity_MSOPNeutral,DLC01_IronForest_L,ToggleLairActivity,,,AB10BC844FC6FCA452255883B079C373,,,,,false,false,0,,,NodePrototypeVersion=1;Launchers=
DLC1,DLCGameData/DLC1/QuestNodePrototypes.cfg,DLC01_IronForest_L_ToggleLairActivity_MSOPSuperb,DLC01_IronForest_L,ToggleLairActivity,,,A743ED6841F3038B198C289CDD6B8FD5,,,,,false,false,0,DLCGameData/DLC1/SpawnActorPrototypes.cfg,WorldMap_WP,NodePrototypeVersion=1;Launchers=
DLC1,DLCGameData/DLC1/QuestNodePrototypes.cfg,DLC01_IronForest_L_ToggleLairActivity_MSOP_SubCamp,DLC01_IronForest_L,ToggleLairActivity,,,A68AE165480442238F6710957CD35BBA,,,,,false,false,2,DLCGameData/DLC1/SpawnActorPrototypes.cfg,WorldMap_WP,NodePrototypeVersion=1
DLC1,DLCGameData/DLC1/QuestNodePrototypes.cfg,DLC01_IronForest_L_ToggleLairActivity_SnorkEastLake_Off,DLC01_IronForest_L,ToggleLairActivity,,,B324F89C430082E32F55A49BC51E4DA2,,,,,false,true,2,DLCGameData/DLC1/SpawnActorPrototypes.cfg,WorldMap_WP,NodePrototypeVersion=1
DLC1,DLCGameData/DLC1/QuestNodePrototypes.cfg,DLC01_IronForest_L_ToggleLairActivity_UnderMono_On,DLC01_IronForest_L,ToggleLairActivity,,,0C12AB294973BFE778BEE681C061C8FF,,,,,true,false,1,DLCGameData/DLC1/SpawnActorPrototypes.cfg,WorldMap_WP,NodePrototypeVersion=1
DLC1,DLCGameData/DLC1/QuestNodePrototypes.cfg,DLC01_IronForest_L_ToggleLairActivity_ZombieWest_Off,DLC01_IronForest_L,ToggleLairActivity,,,B3E5E0494F7FD04894685696013D9AF1,,,,,false,true,2,DLCGameData/DLC1/SpawnActorPrototypes.cfg,WorldMap_WP,NodePrototypeVersion=1
DLC1,DLCGameData/DLC1/QuestNodePrototypes.cfg,DLC01_IronForest_L_ToggleLairActivity_ZombieWest_On,DLC01_IronForest_L,ToggleLairActivity,,,B3E5E0494F7FD04894685696013D9AF1,,,,,true,false,2,DLCGameData/DLC1/SpawnActorPrototypes.cfg,WorldMap_WP,NodePrototypeVersion=1
DLC1,DLCGameData/DLC1/QuestNodePrototypes.cfg,DLC01_MQ02_ToggleLairActivity,DLC01_MQ02,ToggleLairActivity,,,322530014F1439B375A4BAA926A040A0,,,,,false,true,1,DLCGameData/DLC1/SpawnActorPrototypes.cfg,WorldMap_WP,NodePrototypeVersion=1
DLC1,DLCGameData/DLC1/QuestNodePrototypes.cfg,DLC01_MQ02_ToggleLairActivity_1,DLC01_MQ02,ToggleLairActivity,,,A080D8E246F5C75130D82A8B9AAFA9A9,,,,,false,true,1,DLCGameData/DLC1/SpawnActorPrototypes.cfg,WorldMap_WP,NodePrototypeVersion=1
DLC1,DLCGameData/DLC1/QuestNodePrototypes.cfg,DLC01_MQ02_ToggleLairActivity_2,DLC01_MQ02,ToggleLairActivity,,,322530014F1439B375A4BAA926A040A0,,,,,true,true,1,DLCGameData/DLC1/SpawnActorPrototypes.cfg,WorldMap_WP,NodePrototypeVersion=1
DLC1,DLCGameData/DLC1/QuestNodePrototypes.cfg,DLC01_MQ02_ToggleLairActivity_3,DLC01_MQ02,ToggleLairActivity,,,A080D8E246F5C75130D82A8B9AAFA9A9,,,,,true,true,1,DLCGameData/DLC1/SpawnActorPrototypes.cfg,WorldMap_WP,NodePrototypeVersion=1
DLC1,DLCGameData/DLC1/QuestNodePrototypes.cfg,DLC01_MQ02_ToggleLairActivity_4,DLC01_MQ02,ToggleLairActivity,,,8ECF2E4742CDB5BD3A5151BB7A69F4BC,,,,,false,true,1,DLCGameData/DLC1/SpawnActorPrototypes.cfg,WorldMap_WP,NodePrototypeVersion=1
DLC1,DLCGameData/DLC1/QuestNodePrototypes.cfg,DLC01_MQ02_ToggleLairActivity_5,DLC01_MQ02,ToggleLairActivity,,,8ECF2E4742CDB5BD3A5151BB7A69F4BC,,,,,true,false,1,DLCGameData/DLC1/SpawnActorPrototypes.cfg,WorldMap_WP,NodePrototypeVersion=1
DLC1,DLCGameData/DLC1/QuestNodePrototypes.cfg,DLC01_MQ03_P_ToggleLairActivity_ZombieLairOff,DLC01_MQ03_P,ToggleLairActivity,,,194B93904EF92CED49C12D80CD3AD5F9,,,,,false,true,2,DLCGameData/DLC1/SpawnActorPrototypes.cfg,WorldMap_WP,NodePrototypeVersion=1
DLC1,DLCGameData/DLC1/QuestNodePrototypes.cfg,DLC01_MQ03_P_ToggleLairActivity_ZombieLairOn,DLC01_MQ03_P,ToggleLairActivity,,,194B93904EF92CED49C12D80CD3AD5F9,,,,,true,false,2,DLCGameData/DLC1/SpawnActorPrototypes.cfg,WorldMap_WP,NodePrototypeVersion=1
DLC1,DLCGameData/DLC1/QuestNodePrototypes.cfg,DLC01_MQ06_P_ToggleLairActivity_Duty_TachenkoMemorial_Active,DLC01_MQ06_P,ToggleLairActivity,,,7CEEF0FB4E698997D47FFCA2687C3C5D,,,,,true,false,2,DLCGameData/DLC1/SpawnActorPrototypes.cfg,WorldMap_WP,NodePrototypeVersion=1
DLC1,DLCGameData/DLC1/QuestNodePrototypes.cfg,DLC01_MQ06_ToggleLairActivity_Duty_TachenkoMemorial,DLC01_MQ06,ToggleLairActivity,,,7CEEF0FB4E698997D47FFCA2687C3C5D,,,,,false,true,1,DLCGameData/DLC1/SpawnActorPrototypes.cfg,WorldMap_WP,NodePrototypeVersion=1
DLC1,DLCGameData/DLC1/QuestNodePrototypes.cfg,DLC01_MQ07_ToggleLairActivity,DLC01_MQ07,ToggleLairActivity,,,8D1CB10142CAA244CA75DEA653BA534C,,,,,false,true,1,DLCGameData/DLC1/SpawnActorPrototypes.cfg,WorldMap_WP,NodePrototypeVersion=1
DLC1,DLCGameData/DLC1/QuestNodePrototypes.cfg,DLC01_MQ07_ToggleLairActivity_1,DLC01_MQ07,ToggleLairActivity,,,8D1CB10142CAA244CA75DEA653BA534C,,,,,true,false,1,DLCGameData/DLC1/SpawnActorPrototypes.cfg,WorldMap_WP,NodePrototypeVersion=1
DLC1,DLCGameData/DLC1/QuestNodePrototypes.cfg,DLC01_MQ07_ToggleLairActivity_Snorks_Activate,DLC01_MQ07,ToggleLairActivity,,,A26A8218491E75B2C804928DE80854FE,,,,,true,false,2,,,NodePrototypeVersion=1
DLC1,DLCGameData/DLC1/QuestNodePrototypes.cfg,DLC01_MQ07_ToggleLairActivity_Snorks_Despawn,DLC01_MQ07,ToggleLairActivity,,,A26A8218491E75B2C804928DE80854FE,,,,,false,true,1,,,NodePrototypeVersion=1
DLC1,DLCGameData/DLC1/QuestNodePrototypes.cfg,DLC01_MQ08_C02_ToggleLairActivity_DisableMercLair,DLC01_MQ08_C02,ToggleLairActivity,,,7F398FD14232840B50B6489C045EF33C,,,,,false,true,1,GameLite/GameData/SpawnActorPrototypes/WorldMap_WP/7F398FD14232840B50B6489C045EF33C.cfg,WorldMap_WP,NodePrototypeVersion=1
DLC1,DLCGameData/DLC1/QuestNodePrototypes.cfg,DLC01_MQ08_C02_ToggleLairActivity_EnableMercLair,DLC01_MQ08_C02,ToggleLairActivity,,,7F398FD14232840B50B6489C045EF33C,,,,,true,false,2,GameLite/GameData/SpawnActorPrototypes/WorldMap_WP/7F398FD14232840B50B6489C045EF33C.cfg,WorldMap_WP,NodePrototypeVersion=1
DLC1,DLCGameData/DLC1/QuestNodePrototypes.cfg,DLC01_MQ08_C03_ToggleLairActivity_ForceDespawn_Alife,DLC01_MQ08_C03,ToggleLairActivity,,,0082C8294AEBA4D0BD7BB8AB30548F7D,,,,,false,true,1,GameLite/GameData/SpawnActorPrototypes/WorldMap_WP/0082C8294AEBA4D0BD7BB8AB30548F7D.cfg,WorldMap_WP,NodePrototypeVersion=1
DLC1,DLCGameData/DLC1/QuestNodePrototypes.cfg,DLC01_MQ08_ToggleLairActivity,DLC01_MQ08,ToggleLairActivity,,,7F398FD14232840B50B6489C045EF33C,,,,,true,false,1,GameLite/GameData/SpawnActorPrototypes/WorldMap_WP/7F398FD14232840B50B6489C045EF33C.cfg,WorldMap_WP,NodePrototypeVersion=1
DLC1,DLCGameData/DLC1/QuestNodePrototypes.cfg,DLC01_MQ08_ToggleLairActivity_Despawn,DLC01_MQ08,ToggleLairActivity,,,FA7EA30B405D2255383200800856CD1F,,,,,false,true,1,GameLite/GameData/SpawnActorPrototypes/WorldMap_WP/FA7EA30B405D2255383200800856CD1F.cfg,WorldMap_WP,NodePrototypeVersion=1
DLC1,DLCGameData/DLC1/QuestNodePrototypes.cfg,DLC01_MQ08_ToggleLairActivity_ForceDespawn_Alife,DLC01_MQ08,ToggleLairActivity,,,0082C8294AEBA4D0BD7BB8AB30548F7D,,,,,false,true,1,GameLite/GameData/SpawnActorPrototypes/WorldMap_WP/0082C8294AEBA4D0BD7BB8AB30548F7D.cfg,WorldMap_WP,NodePrototypeVersion=1
DLC1,DLCGameData/DLC1/QuestNodePrototypes.cfg,DLC01_MQ08_ToggleLairActivity_Neutrals,DLC01_MQ08,ToggleLairActivity,,,FA7EA30B405D2255383200800856CD1F,,,,,true,false,2,GameLite/GameData/SpawnActorPrototypes/WorldMap_WP/FA7EA30B405D2255383200800856CD1F.cfg,WorldMap_WP,NodePrototypeVersion=1
DLC1,DLCGameData/DLC1/QuestNodePrototypes.cfg,DLC01_MQ08_ToggleLairActivity_PseudodogLair,DLC01_MQ08,ToggleLairActivity,,,FA7EA30B405D2255383200800856CD1F,,,,,false,true,2,GameLite/GameData/SpawnActorPrototypes/WorldMap_WP/FA7EA30B405D2255383200800856CD1F.cfg,WorldMap_WP,NodePrototypeVersion=1
DLC1,DLCGameData/DLC1/QuestNodePrototypes.cfg,DLC01_MQ08_ToggleLairActivity_PseudodogLair_1,DLC01_MQ08,ToggleLairActivity,,,FA7EA30B405D2255383200800856CD1F,,,,,true,false,2,GameLite/GameData/SpawnActorPrototypes/WorldMap_WP/FA7EA30B405D2255383200800856CD1F.cfg,WorldMap_WP,NodePrototypeVersion=1
DLC1,DLCGameData/DLC1/QuestNodePrototypes.cfg,DLC01_MQ08_ToggleLairActivity_Spawn_Alife_1,DLC01_MQ08,ToggleLairActivity,,,0082C8294AEBA4D0BD7BB8AB30548F7D,,,,,true,false,2,GameLite/GameData/SpawnActorPrototypes/WorldMap_WP/0082C8294AEBA4D0BD7BB8AB30548F7D.cfg,WorldMap_WP,NodePrototypeVersion=1
DLC1,DLCGameData/DLC1/QuestNodePrototypes.cfg,DLC01_MQ09_ToggleLairActivity,DLC01_MQ09,ToggleLairActivity,,,CB58606D44997ADDE6E19F9EF76833FC,,,,,false,true,1,GameLite/GameData/SpawnActorPrototypes/WorldMap_WP/CB58606D44997ADDE6E19F9EF76833FC.cfg,WorldMap_WP,NodePrototypeVersion=1
DLC1,DLCGameData/DLC1/QuestNodePrototypes.cfg,DLC01_MQ09_ToggleLairActivity_1,DLC01_MQ09,ToggleLairActivity,,,2A2EED1A469E97F18C6D2D853907D3A4,,,,,false,true,1,GameLite/GameData/SpawnActorPrototypes/WorldMap_WP/2A2EED1A469E97F18C6D2D853907D3A4.cfg,WorldMap_WP,NodePrototypeVersion=1
DLC1,DLCGameData/DLC1/QuestNodePrototypes.cfg,DLC01_MQ09_ToggleLairActivity_2,DLC01_MQ09,ToggleLairActivity,,,CB940C134B4D34714B6921ACD4954648,,,,,false,true,1,GameLite/GameData/SpawnActorPrototypes/WorldMap_WP/CB940C134B4D34714B6921ACD4954648.cfg,WorldMap_WP,NodePrototypeVersion=1
DLC1,DLCGameData/DLC1/QuestNodePrototypes.cfg,DLC01_MQ09_ToggleLairActivity_3,DLC01_MQ09,ToggleLairActivity,,,CB58606D44997ADDE6E19F9EF76833FC,,,,,false,true,1,GameLite/GameData/SpawnActorPrototypes/WorldMap_WP/CB58606D44997ADDE6E19F9EF76833FC.cfg,WorldMap_WP,NodePrototypeVersion=1
DLC1,DLCGameData/DLC1/QuestNodePrototypes.cfg,DLC01_MQ09_ToggleLairActivity_4,DLC01_MQ09,ToggleLairActivity,,,53058FDB49365D62210A6B881F0636B0,,,,,false,true,1,GameLite/GameData/SpawnActorPrototypes/WorldMap_WP/53058FDB49365D62210A6B881F0636B0.cfg,WorldMap_WP,NodePrototypeVersion=1
DLC1,DLCGameData/DLC1/QuestNodePrototypes.cfg,DLC01_MQ09_ToggleLairActivity_5,DLC01_MQ09,ToggleLairActivity,,,04E35ED84E9D132C0001AB94529C5414,,,,,false,true,1,GameLite/GameData/SpawnActorPrototypes/WorldMap_WP/04E35ED84E9D132C0001AB94529C5414.cfg,WorldMap_WP,NodePrototypeVersion=1
DLC1,DLCGameData/DLC1/QuestNodePrototypes.cfg,DLC01_MQ09_ToggleLairActivity_6,DLC01_MQ09,ToggleLairActivity,,,199A4EE94A63054B23292885B4FFD88D,,,,,false,true,1,GameLite/GameData/SpawnActorPrototypes/WorldMap_WP/199A4EE94A63054B23292885B4FFD88D.cfg,WorldMap_WP,NodePrototypeVersion=1
DLC1,DLCGameData/DLC1/QuestNodePrototypes.cfg,DLC01_MQ09_ToggleLairActivity_7,DLC01_MQ09,ToggleLairActivity,,,6820F8C143FA8A1DBD0D0084F27E7799,,,,,false,true,1,GameLite/GameData/SpawnActorPrototypes/WorldMap_WP/6820F8C143FA8A1DBD0D0084F27E7799.cfg,WorldMap_WP,NodePrototypeVersion=1
DLC1,DLCGameData/DLC1/QuestNodePrototypes.cfg,DLC01_MQ09_ToggleLairActivity_8,DLC01_MQ09,ToggleLairActivity,,,34682CFA49A888D1309F66BD32AEA3F6,,,,,false,true,1,GameLite/GameData/SpawnActorPrototypes/WorldMap_WP/34682CFA49A888D1309F66BD32AEA3F6.cfg,WorldMap_WP,NodePrototypeVersion=1
DLC1,DLCGameData/DLC1/QuestNodePrototypes.cfg,DLC01_MQ10_B01_C04_ProtectLairNPCSquadItem_DeadBody_NarSequence,DLC01_MQ10_B01_C04,ProtectLairNPCSquadItem,,,52D76179463367452A7D07B596CE5916,,,,,,,1,DLCGameData/DLC1/SpawnActorPrototypes.cfg,WorldMap_WP/DLC01_MQ10_B01_Level,NodePrototypeVersion=2
DLC1,DLCGameData/DLC1/QuestNodePrototypes.cfg,DLC01_MQ10_B01_C04_ProtectLairNPCSquadItem_DeadBody_NarSequence_1,DLC01_MQ10_B01_C04,ProtectLairNPCSquadItem,,,2DD0B0564CDADC015B4743BEA9188D7D,,,,,,,1,DLCGameData/DLC1/SpawnActorPrototypes.cfg,WorldMap_WP/DLC01_MQ10_B01_Level,NodePrototypeVersion=1
DLC1,DLCGameData/DLC1/QuestNodePrototypes.cfg,DLC01_MQ10_B02_ToggleLairActivity_Underground_Activate,DLC01_MQ10_B02,ToggleLairActivity,,,E5EB85BF4628A82AABD49F8E6CC310A9,,,,,true,false,1,GameLite/GameData/SpawnActorPrototypes/WorldMap_WP/E5EB85BF4628A82AABD49F8E6CC310A9.cfg,WorldMap_WP,NodePrototypeVersion=1
DLC1,DLCGameData/DLC1/QuestNodePrototypes.cfg,DLC01_MQ10_B02_ToggleLairActivity_Underground_Despawn,DLC01_MQ10_B02,ToggleLairActivity,,,E5EB85BF4628A82AABD49F8E6CC310A9,,,,,false,true,2,GameLite/GameData/SpawnActorPrototypes/WorldMap_WP/E5EB85BF4628A82AABD49F8E6CC310A9.cfg,WorldMap_WP,NodePrototypeVersion=1
DLC1,DLCGameData/DLC1/QuestNodePrototypes.cfg,DLC01_MQ11_B01_ToggleLairActivity_ReactorRoom_Polter,DLC01_MQ11_B01,ToggleLairActivity,,,6228CF5044FF60C22452939C57B2F1B2,,,,,true,false,1,DLCGameData/DLC1/SpawnActorPrototypes.cfg,WorldMap_WP,NodePrototypeVersion=1
DLC1,DLCGameData/DLC1/QuestNodePrototypes.cfg,DLC01_MQ11_B01_ToggleLairActivity_ReactorRoom_Polter_Duty,DLC01_MQ11_B01,ToggleLairActivity,,,6228CF5044FF60C22452939C57B2F1B2,,,,,true,false,1,DLCGameData/DLC1/SpawnActorPrototypes.cfg,WorldMap_WP,NodePrototypeVersion=1
DLC1,DLCGameData/DLC1/QuestNodePrototypes.cfg,DLC01_Rostok_Hub_ToggleLairActivity,DLC01_Rostok_Hub,ToggleLairActivity,,,CB58606D44997ADDE6E19F9EF76833FC,,,,,true,false,1,GameLite/GameData/SpawnActorPrototypes/WorldMap_WP/CB58606D44997ADDE6E19F9EF76833FC.cfg,WorldMap_WP,NodePrototypeVersion=1
DLC1,DLCGameData/DLC1/QuestNodePrototypes.cfg,DLC01_Rostok_Hub_ToggleLairActivity_1,DLC01_Rostok_Hub,ToggleLairActivity,,,2A2EED1A469E97F18C6D2D853907D3A4,,,,,true,false,1,GameLite/GameData/SpawnActorPrototypes/WorldMap_WP/2A2EED1A469E97F18C6D2D853907D3A4.cfg,WorldMap_WP,NodePrototypeVersion=1
DLC1,DLCGameData/DLC1/QuestNodePrototypes.cfg,DLC01_Rostok_Hub_ToggleLairActivity_2,DLC01_Rostok_Hub,ToggleLairActivity,,,CB940C134B4D34714B6921ACD4954648,,,,,true,false,1,GameLite/GameData/SpawnActorPrototypes/WorldMap_WP/CB940C134B4D34714B6921ACD4954648.cfg,WorldMap_WP,NodePrototypeVersion=1
DLC1,DLCGameData/DLC1/QuestNodePrototypes.cfg,DLC01_Rostok_Hub_ToggleLairActivity_3,DLC01_Rostok_Hub,ToggleLairActivity,,,CB58606D44997ADDE6E19F9EF76833FC,,,,,true,false,1,GameLite/GameData/SpawnActorPrototypes/WorldMap_WP/CB58606D44997ADDE6E19F9EF76833FC.cfg,WorldMap_WP,NodePrototypeVersion=1
DLC1,DLCGameData/DLC1/QuestNodePrototypes.cfg,DLC01_Rostok_Hub_ToggleLairActivity_4,DLC01_Rostok_Hub,ToggleLairActivity,,,53058FDB49365D62210A6B881F0636B0,,,,,true,false,1,GameLite/GameData/SpawnActorPrototypes/WorldMap_WP/53058FDB49365D62210A6B881F0636B0.cfg,WorldMap_WP,NodePrototypeVersion=1
DLC1,DLCGameData/DLC1/QuestNodePrototypes.cfg,DLC01_Rostok_Hub_ToggleLairActivity_5,DLC01_Rostok_Hub,ToggleLairActivity,,,04E35ED84E9D132C0001AB94529C5414,,,,,true,false,1,GameLite/GameData/SpawnActorPrototypes/WorldMap_WP/04E35ED84E9D132C0001AB94529C5414.cfg,WorldMap_WP,NodePrototypeVersion=1
DLC1,DLCGameData/DLC1/QuestNodePrototypes.cfg,DLC01_Rostok_Hub_ToggleLairActivity_6,DLC01_Rostok_Hub,ToggleLairActivity,,,199A4EE94A63054B23292885B4FFD88D,,,,,true,false,1,GameLite/GameData/SpawnActorPrototypes/WorldMap_WP/199A4EE94A63054B23292885B4FFD88D.cfg,WorldMap_WP,NodePrototypeVersion=1
DLC1,DLCGameData/DLC1/QuestNodePrototypes.cfg,DLC01_Rostok_Hub_ToggleLairActivity_7,DLC01_Rostok_Hub,ToggleLairActivity,,,6820F8C143FA8A1DBD0D0084F27E7799,,,,,true,false,1,GameLite/GameData/SpawnActorPrototypes/WorldMap_WP/6820F8C143FA8A1DBD0D0084F27E7799.cfg,WorldMap_WP,NodePrototypeVersion=1
DLC1,DLCGameData/DLC1/QuestNodePrototypes.cfg,DLC01_SQ01_P_ToggleLairActivity,DLC01_SQ01_P,ToggleLairActivity,,,A743ED6841F3038B198C289CDD6B8FD5,,,,,false,true,1,DLCGameData/DLC1/SpawnActorPrototypes.cfg,WorldMap_WP,NodePrototypeVersion=1
DLC1,DLCGameData/DLC1/QuestNodePrototypes.cfg,DLC01_SQ01_P_ToggleLairActivity_1,DLC01_SQ01_P,ToggleLairActivity,,,BDA016D949E3258284283F936E9F92D3,,,,,false,true,1,GameLite/GameData/SpawnActorPrototypes/WorldMap_WP/BDA016D949E3258284283F936E9F92D3.cfg,WorldMap_WP,NodePrototypeVersion=1
DLC1,DLCGameData/DLC1/QuestNodePrototypes.cfg,DLC01_SQ01_P_ToggleLairActivity_2,DLC01_SQ01_P,ToggleLairActivity,,,AB10BC844FC6FCA452255883B079C373,,,,,false,true,1,,,NodePrototypeVersion=1
DLC1,DLCGameData/DLC1/QuestNodePrototypes.cfg,DLC01_SQ01_P_ToggleLairActivity_CentaralEasr_Flesh,DLC01_SQ01_P,ToggleLairActivity,,,190D573C44B43003FF42769EFBC0BBDE,,,,,false,true,1,DLCGameData/DLC1/SpawnActorPrototypes.cfg,WorldMap_WP,NodePrototypeVersion=1
DLC1,DLCGameData/DLC1/QuestNodePrototypes.cfg,DLC01_SQ01_P_ToggleLairActivity_CentaralEasr_Flesh_1,DLC01_SQ01_P,ToggleLairActivity,,,190D573C44B43003FF42769EFBC0BBDE,,,,,true,false,1,DLCGameData/DLC1/SpawnActorPrototypes.cfg,WorldMap_WP,NodePrototypeVersion=1
DLC1,DLCGameData/DLC1/QuestNodePrototypes.cfg,DLC01_SQ01_P_ToggleLairActivity_SouthEast_Boar,DLC01_SQ01_P,ToggleLairActivity,,,BB80AF034C7B651471F1B38A8BC06206,,,,,false,true,1,DLCGameData/DLC1/SpawnActorPrototypes.cfg,WorldMap_WP,NodePrototypeVersion=1
DLC1,DLCGameData/DLC1/QuestNodePrototypes.cfg,DLC01_SQ01_P_ToggleLairActivity_SouthEast_Boar_1,DLC01_SQ01_P,ToggleLairActivity,,,BB80AF034C7B651471F1B38A8BC06206,,,,,true,false,1,DLCGameData/DLC1/SpawnActorPrototypes.cfg,WorldMap_WP,NodePrototypeVersion=1
DLC1,DLCGameData/DLC1/QuestNodePrototypes.cfg,DLC01_SQ01_P_ToggleLairActivity_WestCheckpoint,DLC01_SQ01_P,ToggleLairActivity,,,A743ED6841F3038B198C289CDD6B8FD5,,,,,true,false,1,DLCGameData/DLC1/SpawnActorPrototypes.cfg,WorldMap_WP,NodePrototypeVersion=1
DLC1,DLCGameData/DLC1/QuestNodePrototypes.cfg,DLC01_SQ01_P_ToggleLairActivity_WestCheckpoint_1,DLC01_SQ01_P,ToggleLairActivity,,,A743ED6841F3038B198C289CDD6B8FD5,,,,,true,false,2,DLCGameData/DLC1/SpawnActorPrototypes.cfg,WorldMap_WP,NodePrototypeVersion=1
DLC1,DLCGameData/DLC1/QuestNodePrototypes.cfg,DLC01_SQ04_P_ToggleLairActivity_MilitaryOnTeritiry,DLC01_SQ04_P,ToggleLairActivity,,,20E27F6B4B6D08C5CF871FAC105B71B0,,,,,true,false,1,GameLite/GameData/SpawnActorPrototypes/WorldMap_WP/20E27F6B4B6D08C5CF871FAC105B71B0.cfg,WorldMap_WP,NodePrototypeVersion=1
DLC1,DLCGameData/DLC1/QuestNodePrototypes.cfg,DLC01_SQ04_P_ToggleLairActivity_WildTerritory1_Activate,DLC01_SQ04_P,ToggleLairActivity,,,12D3DEE040AE59619EDEC994F4559095,,,,,true,true,2,GameLite/GameData/SpawnActorPrototypes/WorldMap_WP/12D3DEE040AE59619EDEC994F4559095.cfg,WorldMap_WP,NodePrototypeVersion=1
DLC1,DLCGameData/DLC1/QuestNodePrototypes.cfg,DLC01_SQ04_P_ToggleLairActivity_WildTerritory1_Deactivate,DLC01_SQ04_P,ToggleLairActivity,,,12D3DEE040AE59619EDEC994F4559095,,,,,false,true,1,GameLite/GameData/SpawnActorPrototypes/WorldMap_WP/12D3DEE040AE59619EDEC994F4559095.cfg,WorldMap_WP,NodePrototypeVersion=1
DLC1,DLCGameData/DLC1/QuestNodePrototypes.cfg,DLC01_SQ04_P_ToggleLairActivity_WildTerritory2_Activate,DLC01_SQ04_P,ToggleLairActivity,,,09D3CC394214DCD41E8648A3E9A5E542,,,,,true,true,2,GameLite/GameData/SpawnActorPrototypes/WorldMap_WP/09D3CC394214DCD41E8648A3E9A5E542.cfg,WorldMap_WP,NodePrototypeVersion=1
DLC1,DLCGameData/DLC1/QuestNodePrototypes.cfg,DLC01_SQ04_P_ToggleLairActivity_WildTerritory2_Deactivate,DLC01_SQ04_P,ToggleLairActivity,,,09D3CC394214DCD41E8648A3E9A5E542,,,,,false,true,1,GameLite/GameData/SpawnActorPrototypes/WorldMap_WP/09D3CC394214DCD41E8648A3E9A5E542.cfg,WorldMap_WP,NodePrototypeVersion=1
DLC1,DLCGameData/DLC1/QuestNodePrototypes.cfg,DLC01_SQ04_ToggleLairActivity_MilitaryOnTeritiry,DLC01_SQ04,ToggleLairActivity,,,20E27F6B4B6D08C5CF871FAC105B71B0,,,,,false,true,1,GameLite/GameData/SpawnActorPrototypes/WorldMap_WP/20E27F6B4B6D08C5CF871FAC105B71B0.cfg,WorldMap_WP,NodePrototypeVersion=1
DLC1,DLCGameData/DLC1/QuestNodePrototypes.cfg,DLC01_SQ06_P_ToggleLairActivity_Dam,DLC01_SQ06_P,ToggleLairActivity,,,AAA3518743688335F477918FF79FF669,,,,,true,false,1,GameLite/GameData/SpawnActorPrototypes/WorldMap_WP/AAA3518743688335F477918FF79FF669.cfg,WorldMap_WP,NodePrototypeVersion=1
DLC1,DLCGameData/DLC1/QuestNodePrototypes.cfg,DLC01_SQ06_ProtectLairNPCSquadItem_BP_NPCPlaceholder_DutyZombWounded2,DLC01_SQ06,ProtectLairNPCSquadItem,,,6BF1E89245C381CEF43B26A59738EDF0,,,,,,,1,DLCGameData/DLC1/SpawnActorPrototypes.cfg,WorldMap_WP/DLC01_SQ06_Level,NodePrototypeVersion=1
DLC1,DLCGameData/DLC1/QuestNodePrototypes.cfg,DLC01_SQ06_ToggleLairActivity_Dam,DLC01_SQ06,ToggleLairActivity,,,AAA3518743688335F477918FF79FF669,,,,,false,true,1,GameLite/GameData/SpawnActorPrototypes/WorldMap_WP/AAA3518743688335F477918FF79FF669.cfg,WorldMap_WP,NodePrototypeVersion=1
DLC1,DLCGameData/DLC1/QuestNodePrototypes.cfg,DLC01_SQ07_P_ToggleLairActivity,DLC01_SQ07_P,ToggleLairActivity,,,7CF1F6A04669BD668E2287979AE25A66,,,,,false,true,1,GameLite/GameData/SpawnActorPrototypes/WorldMap_WP/7CF1F6A04669BD668E2287979AE25A66.cfg,WorldMap_WP,NodePrototypeVersion=1
DLC1,DLCGameData/DLC1/QuestNodePrototypes.cfg,DLC01_SQ07_P_ToggleLairActivity_Activate,DLC01_SQ07_P,ToggleLairActivity,,,7CF1F6A04669BD668E2287979AE25A66,,,,,true,true,1,GameLite/GameData/SpawnActorPrototypes/WorldMap_WP/7CF1F6A04669BD668E2287979AE25A66.cfg,WorldMap_WP,NodePrototypeVersion=1
DLC1,DLCGameData/DLC1/QuestNodePrototypes.cfg,DLC01_SQ07_ToggleLairActivity,DLC01_SQ07,ToggleLairActivity,,,5A4A721E4686F3D41C1F99AB8A934FBC,,,,,false,true,2,GameLite/GameData/SpawnActorPrototypes/WorldMap_WP/5A4A721E4686F3D41C1F99AB8A934FBC.cfg,WorldMap_WP,NodePrototypeVersion=1
DLC1,DLCGameData/DLC1/QuestNodePrototypes.cfg,DLC01_SQ07_ToggleLairActivity_1,DLC01_SQ07,ToggleLairActivity,,,5A4A721E4686F3D41C1F99AB8A934FBC,,,,,false,true,2,GameLite/GameData/SpawnActorPrototypes/WorldMap_WP/5A4A721E4686F3D41C1F99AB8A934FBC.cfg,WorldMap_WP,NodePrototypeVersion=2
DLC1,DLCGameData/DLC1/QuestNodePrototypes.cfg,DLC01_SQ08_ToggleLairActivity_BanditsMain_Despawn,DLC01_SQ08,ToggleLairActivity,,,9555BF804C0CEC396FDC688C4730F34A,,,,,false,true,1,GameLite/GameData/SpawnActorPrototypes/WorldMap_WP/9555BF804C0CEC396FDC688C4730F34A.cfg,WorldMap_WP,NodePrototypeVersion=1
DLC1,DLCGameData/DLC1/QuestNodePrototypes.cfg,DLC01_SQ08_ToggleLairActivity_BanditsSouth_Despawn,DLC01_SQ08,ToggleLairActivity,,,9D12071F4CFADB5D57B8648EEA903E38,,,,,false,true,1,,,NodePrototypeVersion=1
DLC1,DLCGameData/DLC1/QuestNodePrototypes.cfg,DLC01_SQ08_ToggleLairActivity_Boars_Despawn,DLC01_SQ08,ToggleLairActivity,,,DAD9966A4309A82EF590F091928F3B19,,,,,false,true,1,GameLite/GameData/SpawnActorPrototypes/WorldMap_WP/DAD9966A4309A82EF590F091928F3B19.cfg,WorldMap_WP,NodePrototypeVersion=1
DLC1,DLCGameData/DLC1/QuestNodePrototypes.cfg,DLC01_SQ08_ToggleLairActivity_Burer_Despawn,DLC01_SQ08,ToggleLairActivity,,,748D3B894FD76D98A002BDBA2302497C,,,,,false,true,1,GameLite/GameData/SpawnActorPrototypes/WorldMap_WP/748D3B894FD76D98A002BDBA2302497C.cfg,WorldMap_WP,NodePrototypeVersion=1
DLC1,DLCGameData/DLC1/QuestNodePrototypes.cfg,DLC01_SQ08_ToggleLairActivity_Zombie_Despawn,DLC01_SQ08,ToggleLairActivity,,,F146B0A445A00CCF56CC139C2F4748A0,,,,,false,true,1,GameLite/GameData/SpawnActorPrototypes/WorldMap_WP/F146B0A445A00CCF56CC139C2F4748A0.cfg,WorldMap_WP,NodePrototypeVersion=1
DLC1,DLCGameData/DLC1/QuestNodePrototypes.cfg,DLC01_SQ09_ToggleLairActivity,DLC01_SQ09,ToggleLairActivity,,,B5D4C3B74242E8219335EE9CC7C58B92,,,,,false,true,1,GameLite/GameData/SpawnActorPrototypes/WorldMap_WP/B5D4C3B74242E8219335EE9CC7C58B92.cfg,WorldMap_WP,NodePrototypeVersion=1
DLC1,DLCGameData/DLC1/QuestNodePrototypes.cfg,DLC01_SQ09_ToggleLairActivity_1,DLC01_SQ09,ToggleLairActivity,,,C78B5F4B4F599F319839D5BDAA271845,,,,,false,true,1,,,NodePrototypeVersion=1
DLC1,DLCGameData/DLC1/QuestNodePrototypes.cfg,DLC01_SQ14_ToggleLairActivity_BayunABK2_Activate,DLC01_SQ14,ToggleLairActivity,,,A73E7B2C4D1E702AB102D298346FD229,,,,,true,false,1,DLCGameData/DLC1/SpawnActorPrototypes.cfg,WorldMap_WP,NodePrototypeVersion=1
DLC1,DLCGameData/DLC1/QuestNodePrototypes.cfg,DLC01_SQ14_ToggleLairActivity_BayunABK2_Deactivate,DLC01_SQ14,ToggleLairActivity,,,A73E7B2C4D1E702AB102D298346FD229,,,,,false,false,1,DLCGameData/DLC1/SpawnActorPrototypes.cfg,WorldMap_WP,NodePrototypeVersion=1
DLC1,DLCGameData/DLC1/QuestNodePrototypes.cfg,DLC01_SQ15_P_ToggleLairActivity_AmokForceActivate,DLC01_SQ15_P,ToggleLairActivity,,,229A8C134455A8458CF21CA080C1B136,,,,,true,false,2,DLCGameData/DLC1/SpawnActorPrototypes.cfg,WorldMap_WP,NodePrototypeVersion=1
DLC1,DLCGameData/DLC1/QuestNodePrototypes.cfg,DLC01_SQ15_P_ToggleLairActivity_OVK_Amok_Activate,DLC01_SQ15_P,ToggleLairActivity,,,229A8C134455A8458CF21CA080C1B136,,,,,true,false,2,DLCGameData/DLC1/SpawnActorPrototypes.cfg,WorldMap_WP,NodePrototypeVersion=1
DLC1,DLCGameData/DLC1/QuestNodePrototypes.cfg,DLC01_SQ15_P_ToggleLairActivity_OVK_Amok_Despawn,DLC01_SQ15_P,ToggleLairActivity,,,229A8C134455A8458CF21CA080C1B136,,,,,false,true,1,DLCGameData/DLC1/SpawnActorPrototypes.cfg,WorldMap_WP,NodePrototypeVersion=1
DLC1,DLCGameData/DLC1/QuestNodePrototypes.cfg,DLC01_SQ15_ToggleLairActivity_AmokForceDespawn,DLC01_SQ15,ToggleLairActivity,,,229A8C134455A8458CF21CA080C1B136,,,,,false,true,1,DLCGameData/DLC1/SpawnActorPrototypes.cfg,WorldMap_WP,NodePrototypeVersion=1
DLC1,DLCGameData/DLC1/QuestNodePrototypes.cfg,DLC01_SQ15_ToggleLairActivity_HimeraActivate,DLC01_SQ15,ToggleLairActivity,,,7E215C3945B1FBE917B132964A7E2D4D,,,,,true,false,1,DLCGameData/DLC1/SpawnActorPrototypes.cfg,WorldMap_WP,NodePrototypeVersion=1
DLC1,DLCGameData/DLC1/QuestNodePrototypes.cfg,DLC01_SQ15_ToggleLairActivity_HimeraDespawn,DLC01_SQ15,ToggleLairActivity,,,7E215C3945B1FBE917B132964A7E2D4D,,,,,false,true,1,DLCGameData/DLC1/SpawnActorPrototypes.cfg,WorldMap_WP,NodePrototypeVersion=1
DLC1,DLCGameData/DLC1/QuestNodePrototypes.cfg,DLC01_SQ15_ToggleLairActivity_TushkanActivate,DLC01_SQ15,ToggleLairActivity,,,9C8DF047485951075CF68A88200EAF3E,,,,,true,false,1,DLCGameData/DLC1/SpawnActorPrototypes.cfg,WorldMap_WP,NodePrototypeVersion=1
DLC1,DLCGameData/DLC1/QuestNodePrototypes.cfg,DLC01_SQ15_ToggleLairActivity_TushkanDespawn,DLC01_SQ15,ToggleLairActivity,,,9C8DF047485951075CF68A88200EAF3E,,,,,false,true,1,DLCGameData/DLC1/SpawnActorPrototypes.cfg,WorldMap_WP,NodePrototypeVersion=1
Deluxe,DLCGameData/Deluxe/QuestNodePrototypes.cfg,SQ04_OWL_ProtectLairNPC_Solovei,SQ04_OWL,ProtectLairNPCSquadItem,,,F0944BD24203519732EF02B4C98A67AC,,,,,,,3,DLCGameData/Deluxe/SpawnActorPrototypes.cfg,WorldMap_WP/SQ04_LogicLevel_WP,NodePrototypeVersion=1
Deluxe,DLCGameData/Deluxe/QuestNodePrototypes.cfg,SQ04_OWL_ToggleLairActivity_Cowshed,SQ04_OWL,ToggleLairActivity,,,0E0C638E4A784049B60D818F7F7E8DF6,,,,,false,true,1,GameLite/GameData/SpawnActorPrototypes/WorldMap_WP/0E0C638E4A784049B60D818F7F7E8DF6.cfg,WorldMap_WP,NodePrototypeVersion=1
Deluxe,DLCGameData/Deluxe/QuestNodePrototypes.cfg,SQ04_OWL_ToggleLairActivity_Cowshed_1,SQ04_OWL,ToggleLairActivity,,,68EE7C2B43D81718761705A44A67CF70,,,,,false,true,1,GameLite/GameData/SpawnActorPrototypes/WorldMap_WP/68EE7C2B43D81718761705A44A67CF70.cfg,WorldMap_WP,NodePrototypeVersion=1
Deluxe,DLCGameData/Deluxe/QuestNodePrototypes.cfg,SQ04_OWL_ToggleLairActivity_Cowshed_Enable,SQ04_OWL,ToggleLairActivity,,,0E0C638E4A784049B60D818F7F7E8DF6,,,,,true,false,2,GameLite/GameData/SpawnActorPrototypes/WorldMap_WP/0E0C638E4A784049B60D818F7F7E8DF6.cfg,WorldMap_WP,NodePrototypeVersion=1
Deluxe,DLCGameData/Deluxe/QuestNodePrototypes.cfg,SQ04_OWL_ToggleLairActivity_Cowshed_Enable_1,SQ04_OWL,ToggleLairActivity,,,68EE7C2B43D81718761705A44A67CF70,,,,,true,false,2,GameLite/GameData/SpawnActorPrototypes/WorldMap_WP/68EE7C2B43D81718761705A44A67CF70.cfg,WorldMap_WP,NodePrototypeVersion=1
