Source,File,Bytes,Lines,RootNodeCount,DistinctNodeTypes,HasLairNodes,HasFactionWarNodes
Base,GameLite/GameData/QuestNodePrototypes.cfg,197,9,1,1,false,false
Base,GameLite/GameData/QuestNodePrototypes/A-life_interrupts.cfg,24122,739,33,13,false,false
Base,GameLite/GameData/QuestNodePrototypes/AI2QuestBP.cfg,42518,1317,55,4,false,false
Base,GameLite/GameData/QuestNodePrototypes/AI2QuestBPOLD.cfg,32107,1021,48,4,false,false
Base,GameLite/GameData/QuestNodePrototypes/AI_Benchmark.cfg,31778,964,42,3,false,false
Base,GameLite/GameData/QuestNodePrototypes/AI_DailySchedule_Test.cfg,2719,82,6,4,false,false
Base,GameLite/GameData/QuestNodePrototypes/AI_QTC.cfg,45871,1541,51,5,false,false
Base,GameLite/GameData/QuestNodePrototypes/AI_QTC_Blood.cfg,3200,95,6,4,false,false
Base,GameLite/GameData/QuestNodePrototypes/AI_TestMap_BP.cfg,71451,2524,94,5,false,false
Base,GameLite/GameData/QuestNodePrototypes/ALifeGym_QuestBP.cfg,6525,213,9,4,false,false
Base,GameLite/GameData/QuestNodePrototypes/ANCQ01.cfg,33360,1166,42,17,true,false
Base,GameLite/GameData/QuestNodePrototypes/ANCQ01_P.cfg,11657,362,14,7,true,false
Base,GameLite/GameData/QuestNodePrototypes/ANCQ02.cfg,50492,1584,74,27,true,false
Base,GameLite/GameData/QuestNodePrototypes/ANCQ02_P.cfg,6084,193,10,6,false,false
Base,GameLite/GameData/QuestNodePrototypes/ANCQ03.cfg,136142,4828,151,25,false,false
Base,GameLite/GameData/QuestNodePrototypes/ANCQ03_P.cfg,35734,1166,34,11,true,false
Base,GameLite/GameData/QuestNodePrototypes/ANCQ04.cfg,9908,320,17,13,true,false
Base,GameLite/GameData/QuestNodePrototypes/ANCQ04_P.cfg,2124,72,4,3,false,false
Base,GameLite/GameData/QuestNodePrototypes/ANCQ06.cfg,5284,176,11,8,true,false
Base,GameLite/GameData/QuestNodePrototypes/ANCQ06_P.cfg,3880,126,7,5,true,false
Base,GameLite/GameData/QuestNodePrototypes/ANCQ07.cfg,8476,272,15,12,true,false
Base,GameLite/GameData/QuestNodePrototypes/ANCQ07_P.cfg,2109,72,4,3,false,false
Base,GameLite/GameData/QuestNodePrototypes/ANCQ08.cfg,9348,300,15,10,true,false
Base,GameLite/GameData/QuestNodePrototypes/ANCQ08_P.cfg,16164,506,20,7,false,false
Base,GameLite/GameData/QuestNodePrototypes/ANCQ10.cfg,5268,176,11,8,true,false
Base,GameLite/GameData/QuestNodePrototypes/ANCQ103.cfg,42013,1478,69,22,false,false
Base,GameLite/GameData/QuestNodePrototypes/ANCQ103_P.cfg,7104,261,13,9,false,false
Base,GameLite/GameData/QuestNodePrototypes/ANCQ10_P.cfg,2241,78,5,4,false,false
Base,GameLite/GameData/QuestNodePrototypes/ANCQ12.cfg,5202,176,11,8,true,false
Base,GameLite/GameData/QuestNodePrototypes/ANCQ12_P.cfg,2245,78,5,4,false,false
Base,GameLite/GameData/QuestNodePrototypes/ANCQ13.cfg,4846,160,10,8,true,false
Base,GameLite/GameData/QuestNodePrototypes/ANCQ13_P.cfg,2061,71,4,3,false,false
Base,GameLite/GameData/QuestNodePrototypes/ANCQ14.cfg,18284,571,25,12,false,false
Base,GameLite/GameData/QuestNodePrototypes/ANCQ14_P.cfg,3507,116,7,6,false,false
Base,GameLite/GameData/QuestNodePrototypes/ANCQ15.cfg,9134,301,16,10,true,false
Base,GameLite/GameData/QuestNodePrototypes/ANCQ15_P.cfg,2281,79,5,4,false,false
Base,GameLite/GameData/QuestNodePrototypes/ANCQ16.cfg,9234,301,16,10,true,false
Base,GameLite/GameData/QuestNodePrototypes/ANCQ16_P.cfg,2286,79,5,4,false,false
Base,GameLite/GameData/QuestNodePrototypes/ANCQ17.cfg,8817,284,14,9,true,false
Base,GameLite/GameData/QuestNodePrototypes/ANCQ17_P.cfg,2172,75,5,4,false,false
Base,GameLite/GameData/QuestNodePrototypes/ANCQ18.cfg,17225,547,22,10,true,false
Base,GameLite/GameData/QuestNodePrototypes/ANCQ18_P.cfg,2245,78,5,4,false,false
Base,GameLite/GameData/QuestNodePrototypes/ANCQ19.cfg,8060,263,13,9,true,false
Base,GameLite/GameData/QuestNodePrototypes/ANCQ19_P.cfg,2238,78,5,4,false,false
Base,GameLite/GameData/QuestNodePrototypes/ANCQ20.cfg,6883,229,13,9,true,false
Base,GameLite/GameData/QuestNodePrototypes/ANCQ20_P.cfg,2246,78,5,4,false,false
Base,GameLite/GameData/QuestNodePrototypes/ANCQ21.cfg,6919,229,13,9,true,false
Base,GameLite/GameData/QuestNodePrototypes/ANCQ21_P.cfg,2241,78,5,4,false,false
Base,GameLite/GameData/QuestNodePrototypes/ANCQ22.cfg,6968,230,13,9,true,false
Base,GameLite/GameData/QuestNodePrototypes/ANCQ22_P.cfg,2246,78,5,4,false,false
Base,GameLite/GameData/QuestNodePrototypes/ANCQ23.cfg,10774,356,19,10,true,false
Base,GameLite/GameData/QuestNodePrototypes/ANCQ23_P.cfg,9558,314,17,10,true,false
Base,GameLite/GameData/QuestNodePrototypes/ANCQ24.cfg,7828,251,14,8,false,false
Base,GameLite/GameData/QuestNodePrototypes/ANCQ24_P.cfg,4610,153,9,7,false,false
Base,GameLite/GameData/QuestNodePrototypes/ANCQ25.cfg,3551,123,6,6,false,false
Base,GameLite/GameData/QuestNodePrototypes/ANCQ25_P.cfg,7541,263,12,7,false,false
Base,GameLite/GameData/QuestNodePrototypes/ANCQ26.cfg,7540,255,14,9,false,false
Base,GameLite/GameData/QuestNodePrototypes/ANCQ26_P.cfg,9277,312,15,9,false,false
Base,GameLite/GameData/QuestNodePrototypes/ANCQ27.cfg,17879,598,26,11,false,false
Base,GameLite/GameData/QuestNodePrototypes/ANCQ27_P.cfg,13157,433,20,9,false,false
Base,GameLite/GameData/QuestNodePrototypes/ANCQ28.cfg,84474,2645,123,9,false,false
Base,GameLite/GameData/QuestNodePrototypes/ANCQ28_P.cfg,2639,103,6,4,false,false
Base,GameLite/GameData/QuestNodePrototypes/ANCQ_11P.cfg,6591,208,13,6,false,false
Base,GameLite/GameData/QuestNodePrototypes/AlifeDirectorDisable.cfg,1976,54,5,4,false,false
Base,GameLite/GameData/QuestNodePrototypes/Arch_Bossfight_Faust.cfg,126106,4061,181,42,false,false
Base,GameLite/GameData/QuestNodePrototypes/Arch_E07_DugaActivation.cfg,6194,181,10,3,false,false
Base,GameLite/GameData/QuestNodePrototypes/Arch_L.cfg,83972,2729,113,21,true,false
Base,GameLite/GameData/QuestNodePrototypes/Arch_L_Assault_E08.cfg,59787,1631,93,13,true,false
Base,GameLite/GameData/QuestNodePrototypes/Arch_L_DugaMilitary_Camp.cfg,45796,1241,44,10,false,false
Base,GameLite/GameData/QuestNodePrototypes/Arch_SQ_L.cfg,4769,173,10,3,false,false
Base,GameLite/GameData/QuestNodePrototypes/AroundWorld.cfg,16778,583,29,4,false,false
Base,GameLite/GameData/QuestNodePrototypes/AudioContainer.cfg,455,16,2,2,false,false
Base,GameLite/GameData/QuestNodePrototypes/BarScene_Test.cfg,12944,418,15,8,false,false
Base,GameLite/GameData/QuestNodePrototypes/Bench_Daily_Perfomance_Check.cfg,6399,196,10,7,false,false
Base,GameLite/GameData/QuestNodePrototypes/Bench_PCR_preconditions.cfg,6216,194,12,3,false,false
Base,GameLite/GameData/QuestNodePrototypes/Benchmark.cfg,17052,534,28,12,false,false
Base,GameLite/GameData/QuestNodePrototypes/Benchmark_Sphere_Main.cfg,4385,126,7,6,false,false
Base,GameLite/GameData/QuestNodePrototypes/Benchmark_combat.cfg,96973,2875,130,17,true,false
Base,GameLite/GameData/QuestNodePrototypes/Bencmark_Rebra-Sphere.cfg,1892,49,3,3,false,false
Base,GameLite/GameData/QuestNodePrototypes/Bencmark_Sphere-Rebra.cfg,1892,49,3,3,false,false
Base,GameLite/GameData/QuestNodePrototypes/Bencmark_Sphere.cfg,1790,49,3,3,false,false
Base,GameLite/GameData/QuestNodePrototypes/BodyParts_Malahit.cfg,25773,955,30,6,false,false
Base,GameLite/GameData/QuestNodePrototypes/Bossfight_EquipTEST.cfg,21967,665,37,7,false,false
Base,GameLite/GameData/QuestNodePrototypes/BurntForest_GD.cfg,8330,253,16,4,false,false
Base,GameLite/GameData/QuestNodePrototypes/BurntForest_L.cfg,6471,226,13,8,true,false
Base,GameLite/GameData/QuestNodePrototypes/BurntForest_SQ_L.cfg,6947,228,16,4,false,false
Base,GameLite/GameData/QuestNodePrototypes/C_ActorPacking_Seq.cfg,2879,84,4,4,false,false
Base,GameLite/GameData/QuestNodePrototypes/C_E01_MQ01_Assault_Cutscene.cfg,6540,203,10,6,false,false
Base,GameLite/GameData/QuestNodePrototypes/C_E01_MQ01_Intro_Cutscene.cfg,4151,131,6,4,false,false
Base,GameLite/GameData/QuestNodePrototypes/C_E02_MQ01_Bar_Cutscene.cfg,8306,260,8,5,false,false
Base,GameLite/GameData/QuestNodePrototypes/C_E02_MQ01_ToughAwakening_Cutscene.cfg,8093,233,11,7,false,false
Base,GameLite/GameData/QuestNodePrototypes/C_E02_MQ03_Bar_Preload.cfg,5311,139,7,6,false,false
Base,GameLite/GameData/QuestNodePrototypes/C_E02_MQ03_BatyaOutOfBar_Preload.cfg,4254,127,7,6,false,false
Base,GameLite/GameData/QuestNodePrototypes/C_E02_MQ03_Pripoy_Preload.cfg,4768,135,7,6,false,false
Base,GameLite/GameData/QuestNodePrototypes/C_E02_MQ03_Solder.cfg,6869,219,9,6,false,false
Base,GameLite/GameData/QuestNodePrototypes/C_E03_MQ02_PsiBomb_Cutscene.cfg,7012,216,8,5,false,false
Base,GameLite/GameData/QuestNodePrototypes/C_E03_MQ02_PsiBomb_Preload.cfg,4641,135,7,6,false,false
Base,GameLite/GameData/QuestNodePrototypes/C_E03_MQ05_TerriconePeak_Cutscene.cfg,17447,484,7,5,false,false
Base,GameLite/GameData/QuestNodePrototypes/C_E03_MQ05_TerriconePeak_Cutscene_Preload.cfg,10219,167,7,6,false,false
Base,GameLite/GameData/QuestNodePrototypes/C_E03_MQ06_ScarMeeting_Cutscene.cfg,27345,795,32,10,false,false
Base,GameLite/GameData/QuestNodePrototypes/C_E03_MQ06_ScarMeeting_Cutscene_Preload.cfg,7936,146,7,6,false,false
Base,GameLite/GameData/QuestNodePrototypes/C_E03_MQ06_TerriconeVarta_Cutscene.cfg,19995,557,23,10,false,false
Base,GameLite/GameData/QuestNodePrototypes/C_E03_MQ06_TerriconeVarta_Cutscene_Preload.cfg,7415,138,7,6,false,false
Base,GameLite/GameData/QuestNodePrototypes/C_E04_MQ01_StriderAndFaust_Cutscene.cfg,6045,182,7,5,false,false
Base,GameLite/GameData/QuestNodePrototypes/C_E04_MQ01_StriderAndFaust_Preload.cfg,4224,129,7,6,false,false
Base,GameLite/GameData/QuestNodePrototypes/C_E05_MQ02_ThatNimble_Cutscene.cfg,9647,285,13,7,false,false
Base,GameLite/GameData/QuestNodePrototypes/C_E05_MQ02_ThatNimble_Preload.cfg,4972,128,7,6,false,false
Base,GameLite/GameData/QuestNodePrototypes/C_E05_MQ03_ClearSky_Cutscene.cfg,4277,131,6,4,false,false
Base,GameLite/GameData/QuestNodePrototypes/C_E05_MQ03_ClearSky_Preload.cfg,4306,122,7,6,false,false
Base,GameLite/GameData/QuestNodePrototypes/C_E06_MQ01_TemplesDoorstep_Cutscene.cfg,5716,167,7,5,false,false
Base,GameLite/GameData/QuestNodePrototypes/C_E06_MQ02_Agatha_Preload.cfg,7292,185,9,6,false,false
Base,GameLite/GameData/QuestNodePrototypes/C_E06_MQ02_Experiment_Preload.cfg,4153,129,7,6,false,false
Base,GameLite/GameData/QuestNodePrototypes/C_E06_MQ02_MeetingAgatha_Cutscene.cfg,13386,430,16,7,false,false
Base,GameLite/GameData/QuestNodePrototypes/C_E06_MQ02_Signal_A_Cutscene.cfg,17173,595,22,12,false,false
Base,GameLite/GameData/QuestNodePrototypes/C_E06_MQ02_Signal_B_Cutscene.cfg,13860,434,17,9,false,false
Base,GameLite/GameData/QuestNodePrototypes/C_E06_MQ02_TheCaribbeanExperiment_Cutscene.cfg,12048,332,14,8,false,false
Base,GameLite/GameData/QuestNodePrototypes/C_E06_MQ02_ZoneAlive_Preload.cfg,4045,129,7,6,false,false
Base,GameLite/GameData/QuestNodePrototypes/C_E06_MQ04_TheZoneIsAlive_Cutscene.cfg,17261,486,21,11,false,false
Base,GameLite/GameData/QuestNodePrototypes/C_E07_MQ01_PsiImmunity.cfg,14611,505,18,9,false,false
Base,GameLite/GameData/QuestNodePrototypes/C_E07_MQ01_PsiImmunity_Preload.cfg,4476,120,7,6,false,false
Base,GameLite/GameData/QuestNodePrototypes/C_E07_MQ03_ExtremeMeasures_Cutscene.cfg,4942,139,7,4,false,false
Base,GameLite/GameData/QuestNodePrototypes/C_E07_MQ03_ExtremeMeasures_Preload.cfg,4524,120,7,6,false,false
Base,GameLite/GameData/QuestNodePrototypes/C_E08_MQ01_Lazaret.cfg,4829,156,7,5,false,false
Base,GameLite/GameData/QuestNodePrototypes/C_E08_MQ03_Dvupalov_Preload.cfg,9151,159,7,6,false,false
Base,GameLite/GameData/QuestNodePrototypes/C_E08_MQ03_Lazaret_Preload.cfg,4619,131,7,6,false,false
Base,GameLite/GameData/QuestNodePrototypes/C_E08_MQ06_DeathOfFaust_Cutscene.cfg,20221,622,22,10,false,false
Base,GameLite/GameData/QuestNodePrototypes/C_E09_MQ01_TheEnemyUnseen_Cutscene.cfg,7344,214,9,7,false,false
Base,GameLite/GameData/QuestNodePrototypes/C_E09_MQ01_TheEnemyUnseen_Preloader.cfg,4131,129,7,6,false,false
Base,GameLite/GameData/QuestNodePrototypes/C_E10_MQ01_Kaymanov_Cutscene.cfg,8294,253,11,7,false,false
Base,GameLite/GameData/QuestNodePrototypes/C_E10_MQ01_Kaymanov_Preload.cfg,4340,122,7,6,false,false
Base,GameLite/GameData/QuestNodePrototypes/C_E10_MQ02_StriderOrbita.cfg,13014,446,16,8,false,false
Base,GameLite/GameData/QuestNodePrototypes/C_E10_MQ03_ScarOrbita.cfg,16580,597,23,11,false,false
Base,GameLite/GameData/QuestNodePrototypes/C_E11_MQ02_StrelokX3_Cutscene.cfg,5304,160,7,5,false,false
Base,GameLite/GameData/QuestNodePrototypes/C_E11_MQ03_Korshunov_PTS.cfg,19460,594,24,8,false,false
Base,GameLite/GameData/QuestNodePrototypes/C_E11_MQ03_Korshunov_PTS_Preloader.cfg,6975,165,8,6,false,false
Base,GameLite/GameData/QuestNodePrototypes/C_E11_MQ03_StrelokPTS_Cutscene.cfg,4153,124,6,4,false,false
Base,GameLite/GameData/QuestNodePrototypes/C_E11_MQ03_StrelokPTS_Preloader.cfg,4039,129,7,6,false,false
Base,GameLite/GameData/QuestNodePrototypes/C_E14_MQ03_01_FoundationA_Part1_Cutscene.cfg,15140,412,18,9,false,false
Base,GameLite/GameData/QuestNodePrototypes/C_E14_MQ03_01_FoundationA_Part2_Cutscene.cfg,18376,504,22,9,false,false
Base,GameLite/GameData/QuestNodePrototypes/C_E14_MQ03_01_FoundationB_Part1_Cutscene.cfg,9756,276,11,7,false,false
Base,GameLite/GameData/QuestNodePrototypes/C_E14_MQ03_01_FoundationB_Part2_Cutscene.cfg,14249,392,18,9,false,false
Base,GameLite/GameData/QuestNodePrototypes/C_E14_MQ03_01_FoundationC_Part1_Cutscene.cfg,9477,270,12,7,false,false
Base,GameLite/GameData/QuestNodePrototypes/C_E14_MQ03_01_FoundationC_Part2_Cutscene.cfg,12981,358,17,10,false,false
Base,GameLite/GameData/QuestNodePrototypes/C_E14_MQ03_01_Foundation_Bossfight_Scene1.cfg,8244,221,12,7,false,false
Base,GameLite/GameData/QuestNodePrototypes/C_E14_MQ03_01_Foundation_Bossfight_Scene2.cfg,10470,273,16,8,false,false
Base,GameLite/GameData/QuestNodePrototypes/C_E14_MQ03_01_Foundation_Bossfight_Scene3.cfg,11240,291,17,9,false,false
Base,GameLite/GameData/QuestNodePrototypes/C_E15_MQ03_MemoryCube_Cutscene.cfg,10355,306,14,10,false,false
Base,GameLite/GameData/QuestNodePrototypes/C_E15_MQ03_MemoryCube_Preload.cfg,4119,129,7,6,false,false
Base,GameLite/GameData/QuestNodePrototypes/C_E15_MQ03_TheHardestChoice_Cutscene.cfg,13771,391,18,9,false,false
Base,GameLite/GameData/QuestNodePrototypes/C_E15_MQ03_TheHardestChoice_Preload.cfg,6176,151,8,6,false,false
Base,GameLite/GameData/QuestNodePrototypes/C_E15_MQ04_CouldNotBeFree_Cutscene.cfg,8992,263,11,6,false,false
Base,GameLite/GameData/QuestNodePrototypes/C_E15_MQ04_CouldNotBeFree_Preload.cfg,4397,131,7,6,false,false
Base,GameLite/GameData/QuestNodePrototypes/C_E16_Flashbacks_Cutscene.cfg,10114,283,15,7,false,false
Base,GameLite/GameData/QuestNodePrototypes/C_E16_MQ03_DogOnALeash_Cutscene.cfg,12620,374,17,10,false,false
Base,GameLite/GameData/QuestNodePrototypes/C_E16_MQ03_Final_Skif_Cutscene.cfg,9040,253,13,10,false,false
Base,GameLite/GameData/QuestNodePrototypes/C_E16_MQ03_Final_Skif_Preload.cfg,4398,122,7,6,false,false
Base,GameLite/GameData/QuestNodePrototypes/C_E16_MQ03_Final_Strelok_Cutscene.cfg,12506,361,17,11,false,false
Base,GameLite/GameData/QuestNodePrototypes/C_E16_MQ03_Final_Strelok_Preload.cfg,4445,122,7,6,false,false
Base,GameLite/GameData/QuestNodePrototypes/C_E16_MQ03_Final_TheSpark_Cutscene.cfg,15251,438,20,14,false,false
Base,GameLite/GameData/QuestNodePrototypes/C_E16_MQ03_Final_TheWard_Cutscene.cfg,15104,426,20,13,false,false
Base,GameLite/GameData/QuestNodePrototypes/C_E16_MQ03_TotalRecall_Cutscene.cfg,7214,195,8,5,false,false
Base,GameLite/GameData/QuestNodePrototypes/CementFactory_L.cfg,2237,77,5,3,false,false
Base,GameLite/GameData/QuestNodePrototypes/CementFactory_SQ_L.cfg,3917,133,7,2,false,false
Base,GameLite/GameData/QuestNodePrototypes/ChemicalPlant_GD.cfg,2728,82,6,4,false,false
Base,GameLite/GameData/QuestNodePrototypes/ClothSimulation.cfg,8895,268,17,7,false,false
Base,GameLite/GameData/QuestNodePrototypes/ClothSimulationContainer.cfg,8982,248,13,5,false,false
Base,GameLite/GameData/QuestNodePrototypes/ClothSimulationContainerDespawn.cfg,1497,42,3,3,false,false
Base,GameLite/GameData/QuestNodePrototypes/ClothSimulationContainerSpawn.cfg,1595,44,3,3,false,false
Base,GameLite/GameData/QuestNodePrototypes/ClothSimulationContainer_2.cfg,9955,275,13,5,false,false
Base,GameLite/GameData/QuestNodePrototypes/ColdIsland_L.cfg,387,14,2,2,false,false
Base,GameLite/GameData/QuestNodePrototypes/ColdIsland_SQ_L.cfg,405,14,2,2,false,false
Base,GameLite/GameData/QuestNodePrototypes/ConcretePlant_GD.cfg,4642,133,9,7,false,false
Base,GameLite/GameData/QuestNodePrototypes/ConcretePlant_Hub.cfg,344400,11610,326,18,false,false
Base,GameLite/GameData/QuestNodePrototypes/ConcretePlant_Radio.cfg,174796,6195,161,11,false,false
Base,GameLite/GameData/QuestNodePrototypes/CoolingTowers_GD.cfg,7466,244,15,6,false,false
Base,GameLite/GameData/QuestNodePrototypes/Cordon_GD.cfg,12608,381,23,6,false,false
Base,GameLite/GameData/QuestNodePrototypes/Cordon_L.cfg,5660,205,10,7,false,false
Base,GameLite/GameData/QuestNodePrototypes/Cordon_SQ_L.cfg,10484,349,19,6,false,false
Base,GameLite/GameData/QuestNodePrototypes/CrookedPeninsula_L.cfg,1127,35,3,3,false,false
Base,GameLite/GameData/QuestNodePrototypes/CrookedPeninsula_L_RedKeepVarta_Camp.cfg,4548,123,7,4,false,false
Base,GameLite/GameData/QuestNodePrototypes/CrookedPeninsula_SQ_L.cfg,13696,489,21,10,true,false
Base,GameLite/GameData/QuestNodePrototypes/Crutch_Illegals_Start.cfg,1236,41,3,2,false,false
Base,GameLite/GameData/QuestNodePrototypes/Crutch_Officials_Start.cfg,1247,41,3,2,false,false
Base,GameLite/GameData/QuestNodePrototypes/DA_Test_E07_SQ01.cfg,97933,3118,94,8,false,false
Base,GameLite/GameData/QuestNodePrototypes/DA_Test_E08_MQ03.cfg,53505,1630,52,9,false,false
Base,GameLite/GameData/QuestNodePrototypes/DA_Test_E11_MQ03-04.cfg,45083,1418,49,8,false,false
Base,GameLite/GameData/QuestNodePrototypes/DESPAWN.cfg,11366,379,15,13,true,false
Base,GameLite/GameData/QuestNodePrototypes/DKEnergetic_Hub.cfg,85900,2980,98,19,false,false
Base,GameLite/GameData/QuestNodePrototypes/Datalayertest.cfg,3086,98,6,4,false,false
Base,GameLite/GameData/QuestNodePrototypes/DeadValley_L.cfg,385,14,2,2,false,false
Base,GameLite/GameData/QuestNodePrototypes/DemoMap_PsyField_Phantoms_QBP.cfg,3393,82,6,4,false,false
Base,GameLite/GameData/QuestNodePrototypes/DemoMap_TestingBlendShapes_Quest.cfg,19399,527,21,3,false,false
Base,GameLite/GameData/QuestNodePrototypes/DemoMap_TestingIK_Quest.cfg,6263,210,7,5,false,false
Base,GameLite/GameData/QuestNodePrototypes/DevTestMap.cfg,7322,231,10,5,false,false
Base,GameLite/GameData/QuestNodePrototypes/Duga_GD.cfg,6847,239,15,6,false,false
Base,GameLite/GameData/QuestNodePrototypes/Duga_Loudspeakers.cfg,683119,21906,573,8,false,false
Base,GameLite/GameData/QuestNodePrototypes/E01_MQ01.cfg,293026,10346,433,50,false,false
Base,GameLite/GameData/QuestNodePrototypes/E01_MQ01_Audio.cfg,41127,1275,61,8,false,false
Base,GameLite/GameData/QuestNodePrototypes/E01_MQ01_C01.cfg,384,14,2,2,false,false
Base,GameLite/GameData/QuestNodePrototypes/E01_MQ01_C02.cfg,384,14,2,2,false,false
Base,GameLite/GameData/QuestNodePrototypes/E01_MQ01_C03.cfg,385,14,2,2,false,false
Base,GameLite/GameData/QuestNodePrototypes/E01_MQ01_C04.cfg,12361,373,17,10,false,false
Base,GameLite/GameData/QuestNodePrototypes/E01_MQ01_C05.cfg,3234,107,6,5,false,false
Base,GameLite/GameData/QuestNodePrototypes/E01_MQ01_ScanerDialogDelay.cfg,2356,69,5,3,false,false
Base,GameLite/GameData/QuestNodePrototypes/E01_MQ01_VFX.cfg,4882,141,10,4,false,false
Base,GameLite/GameData/QuestNodePrototypes/E02_MQ01.cfg,111621,3999,152,35,true,false
Base,GameLite/GameData/QuestNodePrototypes/E02_MQ01_Audio.cfg,1533,48,4,4,false,false
Base,GameLite/GameData/QuestNodePrototypes/E02_MQ01_VFX.cfg,385,14,2,2,false,false
Base,GameLite/GameData/QuestNodePrototypes/E02_MQ02.cfg,142120,5010,178,29,true,false
Base,GameLite/GameData/QuestNodePrototypes/E02_MQ02_Audio.cfg,25025,810,36,7,false,false
Base,GameLite/GameData/QuestNodePrototypes/E02_MQ02_C01.cfg,34889,1075,42,16,false,false
Base,GameLite/GameData/QuestNodePrototypes/E02_MQ02_C02.cfg,119659,3599,130,26,false,false
Base,GameLite/GameData/QuestNodePrototypes/E02_MQ02_C03.cfg,139099,4771,169,28,true,false
Base,GameLite/GameData/QuestNodePrototypes/E02_MQ02_C04.cfg,1029,33,3,3,false,false
Base,GameLite/GameData/QuestNodePrototypes/E02_MQ02_C05.cfg,385,14,2,2,false,false
Base,GameLite/GameData/QuestNodePrototypes/E02_MQ03.cfg,115615,4226,146,27,false,false
Base,GameLite/GameData/QuestNodePrototypes/E02_MQ03_Audio.cfg,4121,132,8,5,false,false
Base,GameLite/GameData/QuestNodePrototypes/E02_MQ03_C01.cfg,5110,165,8,5,false,false
Base,GameLite/GameData/QuestNodePrototypes/E02_MQ03_C02.cfg,1133,34,3,3,false,false
Base,GameLite/GameData/QuestNodePrototypes/E02_MQ03_C04.cfg,1008,33,3,3,false,false
Base,GameLite/GameData/QuestNodePrototypes/E02_MQ03_C05.cfg,508056,16878,544,41,true,false
Base,GameLite/GameData/QuestNodePrototypes/E02_SQ01.cfg,280709,10056,363,41,true,false
Base,GameLite/GameData/QuestNodePrototypes/E02_SQ01_Audio.cfg,4316,130,8,4,false,false
Base,GameLite/GameData/QuestNodePrototypes/E02_SQ01_VFX.cfg,385,14,2,2,false,false
Base,GameLite/GameData/QuestNodePrototypes/E02_SQ02.cfg,37998,1396,51,13,false,false
Base,GameLite/GameData/QuestNodePrototypes/E02_SQ02_Audio.cfg,397,14,2,2,false,false
Base,GameLite/GameData/QuestNodePrototypes/E02_SQ02_C01.cfg,1027,33,3,3,false,false
Base,GameLite/GameData/QuestNodePrototypes/E02_SQ02_C02.cfg,1033,33,3,3,false,false
Base,GameLite/GameData/QuestNodePrototypes/E02_SQ02_P.cfg,18419,598,21,15,false,false
Base,GameLite/GameData/QuestNodePrototypes/E03_MQ01.cfg,861581,30121,959,44,true,false
Base,GameLite/GameData/QuestNodePrototypes/E03_MQ01_Audio.cfg,399,14,2,2,false,false
Base,GameLite/GameData/QuestNodePrototypes/E03_MQ02.cfg,309863,11023,402,44,true,false
Base,GameLite/GameData/QuestNodePrototypes/E03_MQ02_Audio.cfg,12536,369,19,6,false,false
Base,GameLite/GameData/QuestNodePrototypes/E03_MQ02_C1.cfg,3752,121,4,3,false,false
Base,GameLite/GameData/QuestNodePrototypes/E03_MQ02_C2.cfg,1938,64,3,3,false,false
Base,GameLite/GameData/QuestNodePrototypes/E03_MQ02_C3.cfg,1953,64,3,3,false,false
Base,GameLite/GameData/QuestNodePrototypes/E03_MQ02_C4.cfg,1944,64,3,3,false,false
Base,GameLite/GameData/QuestNodePrototypes/E03_MQ02_P.cfg,129471,4447,97,10,true,false
Base,GameLite/GameData/QuestNodePrototypes/E03_MQ03.cfg,87685,2562,90,12,false,false
Base,GameLite/GameData/QuestNodePrototypes/E03_MQ03_Audio.cfg,7642,236,10,5,false,false
Base,GameLite/GameData/QuestNodePrototypes/E03_MQ03_C1.cfg,11183,308,12,6,false,false
Base,GameLite/GameData/QuestNodePrototypes/E03_MQ04.cfg,19360,603,25,10,false,false
Base,GameLite/GameData/QuestNodePrototypes/E03_MQ04_Audio.cfg,399,14,2,2,false,false
Base,GameLite/GameData/QuestNodePrototypes/E03_MQ05.cfg,149029,5155,201,38,false,false
Base,GameLite/GameData/QuestNodePrototypes/E03_MQ05_Audio.cfg,5060,161,9,5,false,false
Base,GameLite/GameData/QuestNodePrototypes/E03_MQ05_C01.cfg,79247,2369,90,18,false,false
Base,GameLite/GameData/QuestNodePrototypes/E03_MQ05_C02.cfg,663,24,2,2,false,false
Base,GameLite/GameData/QuestNodePrototypes/E03_MQ05_C03.cfg,663,24,2,2,false,false
Base,GameLite/GameData/QuestNodePrototypes/E03_MQ05_C04.cfg,663,24,2,2,false,false
Base,GameLite/GameData/QuestNodePrototypes/E03_MQ05_C05.cfg,663,24,2,2,false,false
Base,GameLite/GameData/QuestNodePrototypes/E03_MQ05_C06.cfg,5654,175,10,7,false,false
Base,GameLite/GameData/QuestNodePrototypes/E03_MQ05_C07.cfg,3559,110,6,5,false,false
Base,GameLite/GameData/QuestNodePrototypes/E03_MQ05_P.cfg,108597,3713,162,31,true,false
Base,GameLite/GameData/QuestNodePrototypes/E03_MQ06.cfg,364784,12729,449,33,false,false
Base,GameLite/GameData/QuestNodePrototypes/E03_MQ06_Audio.cfg,399,14,2,2,false,false
Base,GameLite/GameData/QuestNodePrototypes/E03_MQ06_C01.cfg,2136,81,3,3,false,false
Base,GameLite/GameData/QuestNodePrototypes/E03_MQ06_C02.cfg,2136,81,3,3,false,false
Base,GameLite/GameData/QuestNodePrototypes/E03_MQ06_P.cfg,137480,4773,156,20,true,false
Base,GameLite/GameData/QuestNodePrototypes/E03_SQ01.cfg,59609,1832,70,22,false,false
Base,GameLite/GameData/QuestNodePrototypes/E03_SQ01_C1.cfg,69309,2134,69,20,false,false
Base,GameLite/GameData/QuestNodePrototypes/E04_MQ01.cfg,556498,19191,605,39,false,false
Base,GameLite/GameData/QuestNodePrototypes/E04_MQ01_Audio.cfg,3487,117,8,6,false,false
Base,GameLite/GameData/QuestNodePrototypes/E04_MQ01_C01.cfg,3919,120,7,6,false,false
Base,GameLite/GameData/QuestNodePrototypes/E04_MQ01_P.cfg,205185,7787,187,20,true,false
Base,GameLite/GameData/QuestNodePrototypes/E04_MQ02.cfg,182353,5553,215,37,true,false
Base,GameLite/GameData/QuestNodePrototypes/E04_MQ02_Audio.cfg,11452,342,15,7,false,false
Base,GameLite/GameData/QuestNodePrototypes/E04_MQ02_C1.cfg,7971,282,10,5,false,false
Base,GameLite/GameData/QuestNodePrototypes/E04_SQ01.cfg,86302,2597,107,23,false,false
Base,GameLite/GameData/QuestNodePrototypes/E04_SQ01_Audio.cfg,431,16,2,2,false,false
Base,GameLite/GameData/QuestNodePrototypes/E04_SQ02.cfg,83129,2892,122,33,false,false
Base,GameLite/GameData/QuestNodePrototypes/E04_SQ02_Audio.cfg,15158,522,23,7,false,false
Base,GameLite/GameData/QuestNodePrototypes/E04_SQ02_C01.cfg,3580,115,7,5,false,false
Base,GameLite/GameData/QuestNodePrototypes/E04_SQ02_P.cfg,12989,405,16,12,false,false
Base,GameLite/GameData/QuestNodePrototypes/E05_EQ01.cfg,42594,1359,42,15,true,false
Base,GameLite/GameData/QuestNodePrototypes/E05_EQ01_Sequence.cfg,44603,1254,32,12,false,false
Base,GameLite/GameData/QuestNodePrototypes/E05_EQ02.cfg,103250,3686,110,23,true,false
Base,GameLite/GameData/QuestNodePrototypes/E05_EQ02_Audio.cfg,397,14,2,2,false,false
Base,GameLite/GameData/QuestNodePrototypes/E05_EQ03.cfg,76994,2376,80,18,false,false
Base,GameLite/GameData/QuestNodePrototypes/E05_EQ03_P.cfg,19164,611,20,10,true,false
Base,GameLite/GameData/QuestNodePrototypes/E05_EQ04.cfg,68468,2143,68,17,false,false
Base,GameLite/GameData/QuestNodePrototypes/E05_EQ04_P.cfg,7506,232,10,5,false,false
Base,GameLite/GameData/QuestNodePrototypes/E05_MQ01.cfg,455735,15768,499,39,false,false
Base,GameLite/GameData/QuestNodePrototypes/E05_MQ01_Audio.cfg,12869,438,22,8,false,false
Base,GameLite/GameData/QuestNodePrototypes/E05_MQ02.cfg,161370,5602,195,37,true,false
Base,GameLite/GameData/QuestNodePrototypes/E05_MQ02_Audio.cfg,9631,271,13,5,false,false
Base,GameLite/GameData/QuestNodePrototypes/E05_MQ03.cfg,143106,4944,170,30,true,false
Base,GameLite/GameData/QuestNodePrototypes/E05_MQ03_Audio.cfg,3834,114,6,5,false,false
Base,GameLite/GameData/QuestNodePrototypes/E05_MQ03_C01.cfg,6742,217,8,5,false,false
Base,GameLite/GameData/QuestNodePrototypes/E05_MQ04.cfg,190590,6543,224,29,false,false
Base,GameLite/GameData/QuestNodePrototypes/E05_MQ04_Audio.cfg,397,14,2,2,false,false
Base,GameLite/GameData/QuestNodePrototypes/E05_MQ04_C01.cfg,37447,1249,29,4,false,false
Base,GameLite/GameData/QuestNodePrototypes/E05_MQ05.cfg,219540,7648,236,26,false,false
Base,GameLite/GameData/QuestNodePrototypes/E05_MQ05_Audio.cfg,397,14,2,2,false,false
Base,GameLite/GameData/QuestNodePrototypes/E05_SQ01.cfg,112425,4005,133,27,false,false
Base,GameLite/GameData/QuestNodePrototypes/E05_SQ01_Audio.cfg,3103,92,6,4,false,false
Base,GameLite/GameData/QuestNodePrototypes/E05_SQ01_OWL.cfg,33157,1174,40,19,true,false
Base,GameLite/GameData/QuestNodePrototypes/E05_SQ01_P.cfg,10526,338,15,11,false,false
Base,GameLite/GameData/QuestNodePrototypes/E05_SQ03.cfg,63748,2274,93,27,false,false
Base,GameLite/GameData/QuestNodePrototypes/E05_SQ03_Audio.cfg,5189,172,10,4,false,false
Base,GameLite/GameData/QuestNodePrototypes/E05_SQ03_OWL.cfg,12199,375,13,8,false,false
Base,GameLite/GameData/QuestNodePrototypes/E05_SQ03_P.cfg,15473,489,21,15,false,false
Base,GameLite/GameData/QuestNodePrototypes/E05_SQ04.cfg,86423,3033,99,23,false,false
Base,GameLite/GameData/QuestNodePrototypes/E05_SQ04_P.cfg,23078,739,26,13,false,false
Base,GameLite/GameData/QuestNodePrototypes/E06_MQ01.cfg,354704,12618,388,33,false,false
Base,GameLite/GameData/QuestNodePrototypes/E06_MQ01_Audio.cfg,53379,1611,81,8,false,false
Base,GameLite/GameData/QuestNodePrototypes/E06_MQ01_C01.cfg,344846,10964,262,35,false,false
Base,GameLite/GameData/QuestNodePrototypes/E06_MQ01_C02.cfg,158965,4986,142,12,false,false
Base,GameLite/GameData/QuestNodePrototypes/E06_MQ01_C04.cfg,131118,3917,202,15,false,false
Base,GameLite/GameData/QuestNodePrototypes/E06_MQ01_C05.cfg,9584,302,15,5,false,false
Base,GameLite/GameData/QuestNodePrototypes/E06_MQ01_C06.cfg,9585,302,15,5,false,false
Base,GameLite/GameData/QuestNodePrototypes/E06_MQ01_C07.cfg,3419,115,5,4,false,false
Base,GameLite/GameData/QuestNodePrototypes/E06_MQ01_C08.cfg,2659,89,4,4,false,false
Base,GameLite/GameData/QuestNodePrototypes/E06_MQ01_C09.cfg,3584,119,5,4,false,false
Base,GameLite/GameData/QuestNodePrototypes/E06_MQ01_C10.cfg,2624,89,4,4,false,false
Base,GameLite/GameData/QuestNodePrototypes/E06_MQ01_C11.cfg,2646,87,4,4,false,false
Base,GameLite/GameData/QuestNodePrototypes/E06_MQ02.cfg,601696,20482,559,37,false,false
Base,GameLite/GameData/QuestNodePrototypes/E06_MQ02_Audio.cfg,32092,975,41,7,false,false
Base,GameLite/GameData/QuestNodePrototypes/E06_MQ02_C01.cfg,84308,2526,114,16,false,false
Base,GameLite/GameData/QuestNodePrototypes/E06_MQ02_C02.cfg,9185,286,16,10,false,false
Base,GameLite/GameData/QuestNodePrototypes/E06_MQ02_C03.cfg,24981,832,28,6,false,false
Base,GameLite/GameData/QuestNodePrototypes/E06_MQ02_C04.cfg,2874,92,5,4,false,false
Base,GameLite/GameData/QuestNodePrototypes/E06_MQ03.cfg,103146,3371,94,23,false,false
Base,GameLite/GameData/QuestNodePrototypes/E06_MQ03_Audio.cfg,14637,436,23,6,false,false
Base,GameLite/GameData/QuestNodePrototypes/E06_MQ03_C01.cfg,230061,7184,178,27,false,false
Base,GameLite/GameData/QuestNodePrototypes/E06_MQ03_C02.cfg,45518,1590,57,17,false,false
Base,GameLite/GameData/QuestNodePrototypes/E06_MQ03_C03.cfg,95137,3209,151,27,false,false
Base,GameLite/GameData/QuestNodePrototypes/E06_MQ03_C04.cfg,40927,1270,41,11,false,false
Base,GameLite/GameData/QuestNodePrototypes/E06_MQ03_C05.cfg,1618,54,4,4,false,false
Base,GameLite/GameData/QuestNodePrototypes/E06_MQ04.cfg,113807,3729,93,27,false,false
Base,GameLite/GameData/QuestNodePrototypes/E07_DugaAssault.cfg,234625,7535,240,22,false,false
Base,GameLite/GameData/QuestNodePrototypes/E07_DugaAssault_C01.cfg,72930,2154,112,4,false,false
Base,GameLite/GameData/QuestNodePrototypes/E07_EQ01.cfg,56412,1732,63,22,false,false
Base,GameLite/GameData/QuestNodePrototypes/E07_EQ01_P.cfg,14074,434,19,10,true,false
Base,GameLite/GameData/QuestNodePrototypes/E07_EQ02.cfg,71550,2236,78,15,false,false
Base,GameLite/GameData/QuestNodePrototypes/E07_EQ02_P.cfg,16013,494,22,12,true,false
Base,GameLite/GameData/QuestNodePrototypes/E07_MQ01.cfg,365927,12813,460,39,true,false
Base,GameLite/GameData/QuestNodePrototypes/E07_MQ01_Audio.cfg,7784,238,12,5,false,false
Base,GameLite/GameData/QuestNodePrototypes/E07_MQ01_C01.cfg,141961,4678,166,31,false,false
Base,GameLite/GameData/QuestNodePrototypes/E07_MQ01_C02.cfg,246755,8213,309,38,true,false
Base,GameLite/GameData/QuestNodePrototypes/E07_MQ01_Dialog_RichterAboutScar_Preload.cfg,5972,156,8,5,false,false
Base,GameLite/GameData/QuestNodePrototypes/E07_MQ01_P.cfg,176277,5935,226,26,true,false
Base,GameLite/GameData/QuestNodePrototypes/E07_MQ02.cfg,387,14,2,1,false,false
Base,GameLite/GameData/QuestNodePrototypes/E07_MQ02_Audio.cfg,1941,59,4,4,false,false
Base,GameLite/GameData/QuestNodePrototypes/E07_MQ02_C01.cfg,3516,106,9,4,false,false
Base,GameLite/GameData/QuestNodePrototypes/E07_MQ02_C02.cfg,14870,454,16,3,false,false
Base,GameLite/GameData/QuestNodePrototypes/E07_MQ02_P.cfg,413,14,2,1,false,false
Base,GameLite/GameData/QuestNodePrototypes/E07_MQ03.cfg,267953,9392,345,35,true,false
Base,GameLite/GameData/QuestNodePrototypes/E07_MQ03_Audio.cfg,13800,396,20,7,false,false
Base,GameLite/GameData/QuestNodePrototypes/E07_MQ03_CMD_VartaCamp.cfg,78921,2320,84,11,false,false
Base,GameLite/GameData/QuestNodePrototypes/E07_MQ04.cfg,95933,3572,113,19,false,false
Base,GameLite/GameData/QuestNodePrototypes/E07_MQ05.cfg,320049,11303,414,39,false,false
Base,GameLite/GameData/QuestNodePrototypes/E07_MQ05_Audio.cfg,5899,165,10,4,false,false
Base,GameLite/GameData/QuestNodePrototypes/E07_MQ05_C01.cfg,10253,327,13,6,false,false
Base,GameLite/GameData/QuestNodePrototypes/E07_MQ06.cfg,139608,4946,184,39,false,false
Base,GameLite/GameData/QuestNodePrototypes/E07_MQ06_Audio.cfg,9914,261,15,5,false,false
Base,GameLite/GameData/QuestNodePrototypes/E07_SQ01.cfg,767060,27260,923,52,false,false
Base,GameLite/GameData/QuestNodePrototypes/E07_SQ01_Audio.cfg,17701,528,25,7,false,false
Base,GameLite/GameData/QuestNodePrototypes/E07_SQ01_KillHub.cfg,135260,4857,163,20,true,false
Base,GameLite/GameData/QuestNodePrototypes/E08_EQ01.cfg,103147,3550,113,22,true,false
Base,GameLite/GameData/QuestNodePrototypes/E08_EQ01_P.cfg,44373,1607,56,18,true,false
Base,GameLite/GameData/QuestNodePrototypes/E08_EQ02.cfg,28622,1010,38,19,true,false
Base,GameLite/GameData/QuestNodePrototypes/E08_EQ03.cfg,74166,2359,75,24,false,false
Base,GameLite/GameData/QuestNodePrototypes/E08_MQ01.cfg,316831,10975,406,42,true,false
Base,GameLite/GameData/QuestNodePrototypes/E08_MQ01_Audio.cfg,13704,392,22,8,false,false
Base,GameLite/GameData/QuestNodePrototypes/E08_MQ01_C01.cfg,12396,390,17,5,false,false
Base,GameLite/GameData/QuestNodePrototypes/E08_MQ03.cfg,790747,27209,1023,49,true,false
Base,GameLite/GameData/QuestNodePrototypes/E08_MQ03_Audio.cfg,40918,1172,55,8,false,false
Base,GameLite/GameData/QuestNodePrototypes/E08_MQ03_C1.cfg,7341,227,10,8,false,false
Base,GameLite/GameData/QuestNodePrototypes/E08_MQ03_C2.cfg,7341,227,10,8,false,false
Base,GameLite/GameData/QuestNodePrototypes/E08_MQ03_C3.cfg,7341,227,10,8,false,false
Base,GameLite/GameData/QuestNodePrototypes/E08_MQ03_P.cfg,160082,4662,203,20,true,false
Base,GameLite/GameData/QuestNodePrototypes/E08_MQ04.cfg,460532,16035,604,40,true,false
Base,GameLite/GameData/QuestNodePrototypes/E08_MQ04_Audio.cfg,8208,228,12,4,false,false
Base,GameLite/GameData/QuestNodePrototypes/E08_MQ04_C01.cfg,39571,1227,47,9,false,false
Base,GameLite/GameData/QuestNodePrototypes/E08_MQ04_C02.cfg,17755,558,25,8,false,false
Base,GameLite/GameData/QuestNodePrototypes/E08_MQ04_C03.cfg,17760,558,25,8,false,false
Base,GameLite/GameData/QuestNodePrototypes/E08_MQ05.cfg,636804,22156,831,45,false,false
Base,GameLite/GameData/QuestNodePrototypes/E08_MQ05_Audio.cfg,21099,581,34,4,false,false
Base,GameLite/GameData/QuestNodePrototypes/E08_MQ05_C01.cfg,17884,558,25,8,false,false
Base,GameLite/GameData/QuestNodePrototypes/E08_MQ05_C02.cfg,17922,558,25,8,false,false
Base,GameLite/GameData/QuestNodePrototypes/E08_SQ01.cfg,165422,5682,189,25,false,false
Base,GameLite/GameData/QuestNodePrototypes/E08_SQ01_Audio.cfg,397,14,2,2,false,false
Base,GameLite/GameData/QuestNodePrototypes/E08_SQ01_S2.cfg,172735,5830,215,29,true,false
Base,GameLite/GameData/QuestNodePrototypes/E08_SQ01_S3.cfg,202865,5924,210,29,false,false
Base,GameLite/GameData/QuestNodePrototypes/E09_EQ01.cfg,195054,6032,177,25,false,false
Base,GameLite/GameData/QuestNodePrototypes/E09_EQ01_P.cfg,31053,1004,31,12,false,false
Base,GameLite/GameData/QuestNodePrototypes/E09_EQ02.cfg,130056,4689,150,24,false,false
Base,GameLite/GameData/QuestNodePrototypes/E09_EQ02_P.cfg,60897,2016,55,11,false,false
Base,GameLite/GameData/QuestNodePrototypes/E09_MQ01.cfg,617957,21530,702,41,false,false
Base,GameLite/GameData/QuestNodePrototypes/E09_MQ01_AfterFaust.cfg,51507,1612,46,10,false,false
Base,GameLite/GameData/QuestNodePrototypes/E09_MQ01_Audio.cfg,12567,424,23,5,false,false
Base,GameLite/GameData/QuestNodePrototypes/E09_MQ01_C01.cfg,385,14,2,2,false,false
Base,GameLite/GameData/QuestNodePrototypes/E09_MQ01_Osoznanie.cfg,43209,1303,41,11,false,false
Base,GameLite/GameData/QuestNodePrototypes/E09_MQ01_SaveRestrictor.cfg,2601,92,5,4,false,false
Base,GameLite/GameData/QuestNodePrototypes/E10_MQ01.cfg,195864,6781,237,37,true,false
Base,GameLite/GameData/QuestNodePrototypes/E10_MQ01_Audio.cfg,11569,357,15,7,false,false
Base,GameLite/GameData/QuestNodePrototypes/E10_MQ01_Audio_Miraj.cfg,8589,259,12,6,false,false
Base,GameLite/GameData/QuestNodePrototypes/E10_MQ01_C01.cfg,36333,1351,53,19,false,false
Base,GameLite/GameData/QuestNodePrototypes/E10_MQ01_C02.cfg,18450,539,25,16,false,false
Base,GameLite/GameData/QuestNodePrototypes/E10_MQ01_C03.cfg,7454,251,14,8,false,false
Base,GameLite/GameData/QuestNodePrototypes/E10_MQ01_C04.cfg,5401,178,11,7,false,false
Base,GameLite/GameData/QuestNodePrototypes/E10_MQ01_P.cfg,89888,3137,111,21,true,false
Base,GameLite/GameData/QuestNodePrototypes/E10_MQ02.cfg,263937,9117,328,35,true,false
Base,GameLite/GameData/QuestNodePrototypes/E10_MQ02_Audio.cfg,28676,779,39,7,false,false
Base,GameLite/GameData/QuestNodePrototypes/E10_MQ02_C01.cfg,35225,1070,33,3,false,false
Base,GameLite/GameData/QuestNodePrototypes/E10_MQ02_C02.cfg,9081,263,11,4,false,false
Base,GameLite/GameData/QuestNodePrototypes/E10_SQ01.cfg,52525,1843,69,23,true,false
Base,GameLite/GameData/QuestNodePrototypes/E10_SQ01_Audio.cfg,876,26,3,3,false,false
Base,GameLite/GameData/QuestNodePrototypes/E10_SQ01_P.cfg,19219,703,24,11,false,false
Base,GameLite/GameData/QuestNodePrototypes/E11_MQ01.cfg,597398,20427,693,47,true,false
Base,GameLite/GameData/QuestNodePrototypes/E11_MQ01_Audio.cfg,29643,879,43,7,false,false
Base,GameLite/GameData/QuestNodePrototypes/E11_MQ01_C01.cfg,2478,74,5,4,false,false
Base,GameLite/GameData/QuestNodePrototypes/E11_MQ01_P.cfg,9987,304,14,11,false,false
Base,GameLite/GameData/QuestNodePrototypes/E11_MQ01_StrelokX3_Preload.cfg,3987,129,7,6,false,false
Base,GameLite/GameData/QuestNodePrototypes/E11_MQ02.cfg,277493,9435,361,43,true,false
Base,GameLite/GameData/QuestNodePrototypes/E11_MQ02_Audio.cfg,6234,172,11,5,false,false
Base,GameLite/GameData/QuestNodePrototypes/E11_MQ02_Capsule_Preload.cfg,10950,217,9,6,false,false
Base,GameLite/GameData/QuestNodePrototypes/E11_MQ02_P.cfg,16214,549,29,9,false,false
Base,GameLite/GameData/QuestNodePrototypes/E11_MQ03.cfg,256688,9106,333,41,false,false
Base,GameLite/GameData/QuestNodePrototypes/E11_MQ03_Audio.cfg,5797,167,10,5,false,false
Base,GameLite/GameData/QuestNodePrototypes/E11_MQ04.cfg,213822,7604,280,39,true,false
Base,GameLite/GameData/QuestNodePrototypes/E11_MQ04_Audio.cfg,8543,249,13,4,false,false
Base,GameLite/GameData/QuestNodePrototypes/E11_SQ02.cfg,3432,111,7,4,false,false
Base,GameLite/GameData/QuestNodePrototypes/E12_MQ01.cfg,598595,20648,767,43,true,false
Base,GameLite/GameData/QuestNodePrototypes/E12_MQ01_Audio.cfg,3060,98,6,5,false,false
Base,GameLite/GameData/QuestNodePrototypes/E12_MQ01_C1.cfg,50568,1819,82,17,false,false
Base,GameLite/GameData/QuestNodePrototypes/E12_MQ01_P.cfg,18389,553,31,11,true,false
Base,GameLite/GameData/QuestNodePrototypes/E14_BossFight_Korshunov_C05.cfg,11641,351,11,7,false,false
Base,GameLite/GameData/QuestNodePrototypes/E14_BossFight_Korshunov_C06.cfg,11589,351,11,7,false,false
Base,GameLite/GameData/QuestNodePrototypes/E14_Bossfight_DegotWounded.cfg,7671,245,10,8,false,false
Base,GameLite/GameData/QuestNodePrototypes/E14_Bossfight_Korshunov.cfg,109856,3574,139,29,false,false
Base,GameLite/GameData/QuestNodePrototypes/E14_Bossfight_Korshunov_C01.cfg,52313,1541,53,16,false,false
Base,GameLite/GameData/QuestNodePrototypes/E14_Bossfight_Korshunov_C02.cfg,57183,1917,63,18,false,false
Base,GameLite/GameData/QuestNodePrototypes/E14_Bossfight_Korshunov_C03.cfg,11392,340,16,9,false,false
Base,GameLite/GameData/QuestNodePrototypes/E14_Bossfight_Korshunov_Test.cfg,3292,91,6,5,false,false
Base,GameLite/GameData/QuestNodePrototypes/E14_MQ01.cfg,155100,5555,183,21,false,false
Base,GameLite/GameData/QuestNodePrototypes/E14_MQ01_Audio.cfg,16571,541,21,6,false,false
Base,GameLite/GameData/QuestNodePrototypes/E14_MQ01_C01.cfg,75043,2538,94,14,false,false
Base,GameLite/GameData/QuestNodePrototypes/E14_MQ01_C02.cfg,33664,1005,43,16,false,false
Base,GameLite/GameData/QuestNodePrototypes/E14_MQ01_C03.cfg,45359,1363,56,22,false,false
Base,GameLite/GameData/QuestNodePrototypes/E14_MQ01_C04.cfg,17461,531,21,12,false,false
Base,GameLite/GameData/QuestNodePrototypes/E14_MQ01_C05.cfg,75021,2235,85,20,false,false
Base,GameLite/GameData/QuestNodePrototypes/E14_MQ01_C06.cfg,7853,232,11,6,false,false
Base,GameLite/GameData/QuestNodePrototypes/E14_MQ01_P.cfg,227189,7962,268,24,false,false
Base,GameLite/GameData/QuestNodePrototypes/E14_MQ02.cfg,763773,26415,824,51,true,false
Base,GameLite/GameData/QuestNodePrototypes/E14_MQ02_Audio.cfg,5893,164,10,6,false,false
Base,GameLite/GameData/QuestNodePrototypes/E14_MQ02_C01.cfg,258067,7556,250,28,true,false
Base,GameLite/GameData/QuestNodePrototypes/E14_MQ02_C02.cfg,234945,6878,240,28,true,false
Base,GameLite/GameData/QuestNodePrototypes/E14_MQ02_C03.cfg,55085,1933,71,28,false,false
Base,GameLite/GameData/QuestNodePrototypes/E14_MQ02_C04.cfg,2740,78,5,5,false,false
Base,GameLite/GameData/QuestNodePrototypes/E14_MQ02_C05.cfg,4924,139,8,5,false,false
Base,GameLite/GameData/QuestNodePrototypes/E14_MQ02_Foundation_Preload.cfg,9355,239,11,6,false,false
Base,GameLite/GameData/QuestNodePrototypes/E14_MQ02_Variometer_Preload.cfg,3615,104,6,5,false,false
Base,GameLite/GameData/QuestNodePrototypes/E15_MQ01.cfg,83762,3007,125,22,false,false
Base,GameLite/GameData/QuestNodePrototypes/E15_MQ01_Audio.cfg,27000,877,40,9,false,false
Base,GameLite/GameData/QuestNodePrototypes/E15_MQ01_C01.cfg,3424,110,6,5,false,false
Base,GameLite/GameData/QuestNodePrototypes/E15_MQ01_C02.cfg,17731,540,26,4,false,false
Base,GameLite/GameData/QuestNodePrototypes/E15_MQ01_P.cfg,2849,88,5,5,false,false
Base,GameLite/GameData/QuestNodePrototypes/E15_MQ02.cfg,254242,8829,325,36,true,false
Base,GameLite/GameData/QuestNodePrototypes/E15_MQ02_Audio.cfg,397,14,2,2,false,false
Base,GameLite/GameData/QuestNodePrototypes/E15_MQ02_C01.cfg,2484,74,5,4,false,false
Base,GameLite/GameData/QuestNodePrototypes/E15_MQ02_P.cfg,4780,133,7,4,false,false
Base,GameLite/GameData/QuestNodePrototypes/E15_MQ02_Test.cfg,4092,132,7,6,false,false
Base,GameLite/GameData/QuestNodePrototypes/E15_MQ03.cfg,285437,9893,389,39,false,false
Base,GameLite/GameData/QuestNodePrototypes/E15_MQ03_Audio.cfg,12863,400,20,7,false,false
Base,GameLite/GameData/QuestNodePrototypes/E16_Bossfight_Scar.cfg,117957,4197,142,23,false,false
Base,GameLite/GameData/QuestNodePrototypes/E16_Bossfight_Scar_KillGoal.cfg,2612,78,3,3,false,false
Base,GameLite/GameData/QuestNodePrototypes/E16_Bossfight_Strelok.cfg,69562,1964,86,31,false,false
Base,GameLite/GameData/QuestNodePrototypes/E16_Bossfight_Strelok_Dash.cfg,32222,932,29,5,false,false
Base,GameLite/GameData/QuestNodePrototypes/E16_Bossfight_Strelok_FightInTheDark.cfg,15064,435,11,5,false,false
Base,GameLite/GameData/QuestNodePrototypes/E16_Bossfight_Strelok_OnHit.cfg,12761,381,14,6,false,false
Base,GameLite/GameData/QuestNodePrototypes/E16_Bossfight_Strelok_WoundInTheDark.cfg,8481,244,8,5,false,false
Base,GameLite/GameData/QuestNodePrototypes/E16_MQ01.cfg,284167,9921,357,41,false,false
Base,GameLite/GameData/QuestNodePrototypes/E16_MQ01_Audio.cfg,18050,607,32,7,false,false
Base,GameLite/GameData/QuestNodePrototypes/E16_MQ01_C01.cfg,53656,1891,65,13,false,false
Base,GameLite/GameData/QuestNodePrototypes/E16_MQ01_C02.cfg,36023,1250,45,13,false,false
Base,GameLite/GameData/QuestNodePrototypes/E16_MQ01_C03.cfg,108923,3298,138,21,false,false
Base,GameLite/GameData/QuestNodePrototypes/E16_MQ01_C04.cfg,7059,216,9,6,false,false
Base,GameLite/GameData/QuestNodePrototypes/E16_MQ01_P.cfg,113251,3801,194,19,false,false
Base,GameLite/GameData/QuestNodePrototypes/E16_MQ01_Preload.cfg,4616,133,7,5,false,false
Base,GameLite/GameData/QuestNodePrototypes/E16_MQ02.cfg,352271,12125,463,41,false,false
Base,GameLite/GameData/QuestNodePrototypes/E16_MQ02_Audio.cfg,33082,1106,57,7,false,false
Base,GameLite/GameData/QuestNodePrototypes/E16_MQ02_Audio_C1.cfg,3006,97,6,4,false,false
Base,GameLite/GameData/QuestNodePrototypes/E16_MQ02_C01.cfg,2478,74,5,4,false,false
Base,GameLite/GameData/QuestNodePrototypes/E16_MQ02_C02.cfg,2478,74,5,4,false,false
Base,GameLite/GameData/QuestNodePrototypes/E16_MQ02_ScarCutscene_Preload.cfg,5759,171,9,7,false,false
Base,GameLite/GameData/QuestNodePrototypes/E16_MQ03.cfg,242999,8475,302,37,false,false
Base,GameLite/GameData/QuestNodePrototypes/E16_MQ03_Audio.cfg,22218,690,30,7,false,false
Base,GameLite/GameData/QuestNodePrototypes/E16_MQ03_PsiSignature_Preload.cfg,4600,129,7,6,false,false
Base,GameLite/GameData/QuestNodePrototypes/E16_MQ03_RestrictSave1.cfg,2825,83,5,4,false,false
Base,GameLite/GameData/QuestNodePrototypes/E16_MQ03_RestrictSave2.cfg,2825,83,5,4,false,false
Base,GameLite/GameData/QuestNodePrototypes/E16_MQ03_RestrictSave3.cfg,2825,83,5,4,false,false
Base,GameLite/GameData/QuestNodePrototypes/EQ03.cfg,29885,966,40,11,false,false
Base,GameLite/GameData/QuestNodePrototypes/EQ04.cfg,164011,5379,162,28,true,false
Base,GameLite/GameData/QuestNodePrototypes/EQ04_P.cfg,8442,274,12,7,true,false
Base,GameLite/GameData/QuestNodePrototypes/EQ05.cfg,81195,2489,84,23,false,false
Base,GameLite/GameData/QuestNodePrototypes/EQ05_Audio.cfg,5766,183,8,5,false,false
Base,GameLite/GameData/QuestNodePrototypes/EQ05_C01.cfg,54655,1908,77,24,false,false
Base,GameLite/GameData/QuestNodePrototypes/EQ05_C02.cfg,3400,105,6,6,false,false
Base,GameLite/GameData/QuestNodePrototypes/EQ05_C03.cfg,38976,1185,40,12,false,false
Base,GameLite/GameData/QuestNodePrototypes/EQ05_C04.cfg,3476,113,6,5,false,false
Base,GameLite/GameData/QuestNodePrototypes/EQ05_P.cfg,25447,813,28,10,false,false
Base,GameLite/GameData/QuestNodePrototypes/EQ08.cfg,156815,5499,188,22,false,false
Base,GameLite/GameData/QuestNodePrototypes/EQ08_P.cfg,63548,2321,70,15,false,false
Base,GameLite/GameData/QuestNodePrototypes/EQ10.cfg,57192,1834,75,21,false,false
Base,GameLite/GameData/QuestNodePrototypes/EQ101.cfg,163237,5833,197,21,false,false
Base,GameLite/GameData/QuestNodePrototypes/EQ101_C01.cfg,40113,1183,36,8,false,false
Base,GameLite/GameData/QuestNodePrototypes/EQ101_C02.cfg,34641,1031,34,8,false,false
Base,GameLite/GameData/QuestNodePrototypes/EQ101_P.cfg,38300,1257,40,15,true,false
Base,GameLite/GameData/QuestNodePrototypes/EQ109.cfg,36517,1139,40,14,true,false
Base,GameLite/GameData/QuestNodePrototypes/EQ109_P.cfg,39437,1363,56,24,true,false
Base,GameLite/GameData/QuestNodePrototypes/EQ10_Audio.cfg,2673,82,4,4,false,false
Base,GameLite/GameData/QuestNodePrototypes/EQ10_C01.cfg,15180,461,13,3,false,false
Base,GameLite/GameData/QuestNodePrototypes/EQ10_P.cfg,16827,536,28,17,false,false
Base,GameLite/GameData/QuestNodePrototypes/EQ11.cfg,87575,3191,116,30,false,false
Base,GameLite/GameData/QuestNodePrototypes/EQ110.cfg,7907,248,13,10,true,false
Base,GameLite/GameData/QuestNodePrototypes/EQ110_P.cfg,19753,714,34,15,true,false
Base,GameLite/GameData/QuestNodePrototypes/EQ110_VFX.cfg,1636,50,4,4,false,false
Base,GameLite/GameData/QuestNodePrototypes/EQ111.cfg,43184,1560,54,20,true,false
Base,GameLite/GameData/QuestNodePrototypes/EQ111_Audio.cfg,1469,49,4,4,false,false
Base,GameLite/GameData/QuestNodePrototypes/EQ111_P.cfg,18733,674,27,11,true,false
Base,GameLite/GameData/QuestNodePrototypes/EQ111_VFX.cfg,1078,36,3,3,false,false
Base,GameLite/GameData/QuestNodePrototypes/EQ118.cfg,22250,810,37,18,false,false
Base,GameLite/GameData/QuestNodePrototypes/EQ118_Audio.cfg,3862,115,6,5,false,false
Base,GameLite/GameData/QuestNodePrototypes/EQ118_P.cfg,8299,266,13,9,false,false
Base,GameLite/GameData/QuestNodePrototypes/EQ11_C01.cfg,2584,89,5,4,false,false
Base,GameLite/GameData/QuestNodePrototypes/EQ11_C02.cfg,2574,89,5,4,false,false
Base,GameLite/GameData/QuestNodePrototypes/EQ11_P.cfg,8383,314,14,11,true,false
Base,GameLite/GameData/QuestNodePrototypes/EQ13.cfg,83660,2597,90,19,false,false
Base,GameLite/GameData/QuestNodePrototypes/EQ139.cfg,52593,1661,57,18,false,false
Base,GameLite/GameData/QuestNodePrototypes/EQ139_Audio.cfg,1968,59,4,4,false,false
Base,GameLite/GameData/QuestNodePrototypes/EQ139_C02.cfg,2044,66,4,3,false,false
Base,GameLite/GameData/QuestNodePrototypes/EQ139_C1.cfg,57283,1742,62,23,false,false
Base,GameLite/GameData/QuestNodePrototypes/EQ139_P.cfg,63648,2079,57,12,true,false
Base,GameLite/GameData/QuestNodePrototypes/EQ13_P.cfg,44122,1662,52,15,true,false
Base,GameLite/GameData/QuestNodePrototypes/EQ14.cfg,127446,4559,130,21,false,false
Base,GameLite/GameData/QuestNodePrototypes/EQ140.cfg,128026,3754,72,25,true,false
Base,GameLite/GameData/QuestNodePrototypes/EQ140_C01.cfg,22065,684,21,13,false,false
Base,GameLite/GameData/QuestNodePrototypes/EQ140_C02.cfg,12543,429,21,12,false,false
Base,GameLite/GameData/QuestNodePrototypes/EQ140_P.cfg,23397,723,33,16,true,false
Base,GameLite/GameData/QuestNodePrototypes/EQ141.cfg,26079,841,28,16,true,false
Base,GameLite/GameData/QuestNodePrototypes/EQ141_P.cfg,13646,426,21,14,true,false
Base,GameLite/GameData/QuestNodePrototypes/EQ141_VFX.cfg,2346,72,4,4,false,false
Base,GameLite/GameData/QuestNodePrototypes/EQ143.cfg,8355,278,15,11,true,false
Base,GameLite/GameData/QuestNodePrototypes/EQ143_P.cfg,19104,590,26,13,true,false
Base,GameLite/GameData/QuestNodePrototypes/EQ144.cfg,34149,1092,46,15,false,false
Base,GameLite/GameData/QuestNodePrototypes/EQ144_P.cfg,26914,859,40,13,true,false
Base,GameLite/GameData/QuestNodePrototypes/EQ145.cfg,122444,3703,126,27,true,false
Base,GameLite/GameData/QuestNodePrototypes/EQ145_P.cfg,39523,1224,45,15,true,false
Base,GameLite/GameData/QuestNodePrototypes/EQ146.cfg,64246,2310,84,23,true,false
Base,GameLite/GameData/QuestNodePrototypes/EQ146_P.cfg,18293,568,20,10,false,false
Base,GameLite/GameData/QuestNodePrototypes/EQ148.cfg,86004,2738,98,27,true,false
Base,GameLite/GameData/QuestNodePrototypes/EQ148_C01.cfg,5115,158,7,6,false,false
Base,GameLite/GameData/QuestNodePrototypes/EQ148_P.cfg,44426,1476,54,16,true,false
Base,GameLite/GameData/QuestNodePrototypes/EQ14_P.cfg,55793,1840,59,23,true,false
Base,GameLite/GameData/QuestNodePrototypes/EQ150.cfg,43008,1322,56,20,true,false
Base,GameLite/GameData/QuestNodePrototypes/EQ150_Audio.cfg,5809,182,8,5,false,false
Base,GameLite/GameData/QuestNodePrototypes/EQ150_P.cfg,11880,430,20,13,true,false
Base,GameLite/GameData/QuestNodePrototypes/EQ151.cfg,29101,906,32,13,false,false
Base,GameLite/GameData/QuestNodePrototypes/EQ151_P.cfg,7689,240,10,6,false,false
Base,GameLite/GameData/QuestNodePrototypes/EQ152.cfg,64428,2323,69,15,false,false
Base,GameLite/GameData/QuestNodePrototypes/EQ152_P.cfg,20607,680,23,11,true,false
Base,GameLite/GameData/QuestNodePrototypes/EQ154.cfg,52742,1653,59,15,false,false
Base,GameLite/GameData/QuestNodePrototypes/EQ154_P.cfg,66345,2045,69,13,false,false
Base,GameLite/GameData/QuestNodePrototypes/EQ155.cfg,64094,2249,90,23,true,false
Base,GameLite/GameData/QuestNodePrototypes/EQ155_P.cfg,23574,741,37,18,true,false
Base,GameLite/GameData/QuestNodePrototypes/EQ156.cfg,125260,4391,147,28,true,false
Base,GameLite/GameData/QuestNodePrototypes/EQ156_P.cfg,23181,703,30,15,true,false
Base,GameLite/GameData/QuestNodePrototypes/EQ16.cfg,55721,1779,60,23,false,false
Base,GameLite/GameData/QuestNodePrototypes/EQ161.cfg,34641,1113,44,19,false,false
Base,GameLite/GameData/QuestNodePrototypes/EQ161_P.cfg,16057,492,22,12,true,false
Base,GameLite/GameData/QuestNodePrototypes/EQ162.cfg,74978,2426,66,11,false,false
Base,GameLite/GameData/QuestNodePrototypes/EQ162_P.cfg,26974,824,31,14,true,false
Base,GameLite/GameData/QuestNodePrototypes/EQ163.cfg,67023,2103,75,22,false,false
Base,GameLite/GameData/QuestNodePrototypes/EQ163_Audio.cfg,2408,72,4,4,false,false
Base,GameLite/GameData/QuestNodePrototypes/EQ163_P.cfg,8078,252,13,11,false,false
Base,GameLite/GameData/QuestNodePrototypes/EQ164.cfg,50848,1832,68,20,true,false
Base,GameLite/GameData/QuestNodePrototypes/EQ164_C01.cfg,6994,215,8,5,false,false
Base,GameLite/GameData/QuestNodePrototypes/EQ164_P.cfg,27359,893,33,18,true,false
Base,GameLite/GameData/QuestNodePrototypes/EQ165.cfg,246571,8572,257,31,true,false
Base,GameLite/GameData/QuestNodePrototypes/EQ165_P.cfg,9745,310,16,9,true,false
Base,GameLite/GameData/QuestNodePrototypes/EQ166.cfg,102213,3139,126,21,false,false
Base,GameLite/GameData/QuestNodePrototypes/EQ166_Audio.cfg,2367,72,4,4,false,false
Base,GameLite/GameData/QuestNodePrototypes/EQ166_P.cfg,31723,1147,48,22,true,false
Base,GameLite/GameData/QuestNodePrototypes/EQ167.cfg,4679,149,8,8,false,false
Base,GameLite/GameData/QuestNodePrototypes/EQ167_P.cfg,5560,180,10,8,false,false
Base,GameLite/GameData/QuestNodePrototypes/EQ16_P.cfg,45327,1645,63,19,true,false
Base,GameLite/GameData/QuestNodePrototypes/EQ20.cfg,30185,930,43,21,false,false
Base,GameLite/GameData/QuestNodePrototypes/EQ20_Audio.cfg,2144,68,5,4,false,false
Base,GameLite/GameData/QuestNodePrototypes/EQ20_P.cfg,12717,413,21,16,false,false
Base,GameLite/GameData/QuestNodePrototypes/EQ20_VFX.cfg,2303,72,5,4,false,false
Base,GameLite/GameData/QuestNodePrototypes/EQ26.cfg,40929,1278,62,25,false,false
Base,GameLite/GameData/QuestNodePrototypes/EQ26_P.cfg,24224,733,34,13,false,false
Base,GameLite/GameData/QuestNodePrototypes/EQ27.cfg,3421,118,7,7,false,false
Base,GameLite/GameData/QuestNodePrototypes/EQ29.cfg,76946,2328,81,23,true,false
Base,GameLite/GameData/QuestNodePrototypes/EQ29_P.cfg,6041,195,12,9,true,false
Base,GameLite/GameData/QuestNodePrototypes/EQ30.cfg,5802,187,12,5,false,false
Base,GameLite/GameData/QuestNodePrototypes/EQ30_P.cfg,8659,281,13,7,false,false
Base,GameLite/GameData/QuestNodePrototypes/EQ32.cfg,58968,2195,71,19,false,false
Base,GameLite/GameData/QuestNodePrototypes/EQ32_Audio.cfg,12119,362,15,5,false,false
Base,GameLite/GameData/QuestNodePrototypes/EQ32_P.cfg,11250,366,16,11,false,false
Base,GameLite/GameData/QuestNodePrototypes/EQ33.cfg,82411,2627,89,13,false,false
Base,GameLite/GameData/QuestNodePrototypes/EQ33_P.cfg,34242,1120,37,11,false,false
Base,GameLite/GameData/QuestNodePrototypes/EQ35.cfg,282463,10044,297,30,false,false
Base,GameLite/GameData/QuestNodePrototypes/EQ35_C1.cfg,30560,1011,20,5,false,false
Base,GameLite/GameData/QuestNodePrototypes/EQ35_P.cfg,32503,1175,55,18,true,false
Base,GameLite/GameData/QuestNodePrototypes/EQ36.cfg,75662,2751,94,24,true,false
Base,GameLite/GameData/QuestNodePrototypes/EQ36_P.cfg,19343,646,23,16,true,false
Base,GameLite/GameData/QuestNodePrototypes/EQ37.cfg,51937,1907,63,19,false,false
Base,GameLite/GameData/QuestNodePrototypes/EQ37_P.cfg,33383,1215,45,21,true,false
Base,GameLite/GameData/QuestNodePrototypes/EQ38.cfg,39641,1130,18,10,false,false
Base,GameLite/GameData/QuestNodePrototypes/EQ38_P.cfg,98061,3217,129,27,false,false
Base,GameLite/GameData/QuestNodePrototypes/EQ43.cfg,56915,2154,71,22,false,false
Base,GameLite/GameData/QuestNodePrototypes/EQ43_C01.cfg,1862,61,3,3,false,false
Base,GameLite/GameData/QuestNodePrototypes/EQ43_P.cfg,26089,984,34,15,false,false
Base,GameLite/GameData/QuestNodePrototypes/EQ48.cfg,9321,350,17,10,true,false
Base,GameLite/GameData/QuestNodePrototypes/EQ48_P.cfg,2272,80,5,4,false,false
Base,GameLite/GameData/QuestNodePrototypes/EQ50.cfg,160310,5699,177,26,true,false
Base,GameLite/GameData/QuestNodePrototypes/EQ50_C01.cfg,5045,153,10,6,false,false
Base,GameLite/GameData/QuestNodePrototypes/EQ50_P.cfg,103161,3758,109,22,false,false
Base,GameLite/GameData/QuestNodePrototypes/EQ51.cfg,77626,2793,105,27,true,false
Base,GameLite/GameData/QuestNodePrototypes/EQ51_Audio.cfg,2287,73,4,4,false,false
Base,GameLite/GameData/QuestNodePrototypes/EQ51_P.cfg,59831,2114,81,25,true,false
Base,GameLite/GameData/QuestNodePrototypes/EQ52.cfg,179427,6393,191,27,false,false
Base,GameLite/GameData/QuestNodePrototypes/EQ52_C01.cfg,4944,151,6,5,false,false
Base,GameLite/GameData/QuestNodePrototypes/EQ52_P.cfg,47580,1713,68,26,false,false
Base,GameLite/GameData/QuestNodePrototypes/EQ54.cfg,163214,5676,157,22,false,false
Base,GameLite/GameData/QuestNodePrototypes/EQ54_C01.cfg,8969,277,16,9,false,false
Base,GameLite/GameData/QuestNodePrototypes/EQ54_C02.cfg,1593,54,4,3,false,false
Base,GameLite/GameData/QuestNodePrototypes/EQ54_C3.cfg,5497,175,9,8,false,false
Base,GameLite/GameData/QuestNodePrototypes/EQ54_P.cfg,26278,796,31,13,false,false
Base,GameLite/GameData/QuestNodePrototypes/EQ55.cfg,134317,4656,88,14,false,false
Base,GameLite/GameData/QuestNodePrototypes/EQ55_Audio.cfg,1426,46,3,3,false,false
Base,GameLite/GameData/QuestNodePrototypes/EQ55_P.cfg,99203,3596,108,20,false,false
Base,GameLite/GameData/QuestNodePrototypes/EQ57.cfg,218389,8014,262,30,false,false
Base,GameLite/GameData/QuestNodePrototypes/EQ57_C01.cfg,1132,38,3,3,false,false
Base,GameLite/GameData/QuestNodePrototypes/EQ57_C02.cfg,1132,38,3,3,false,false
Base,GameLite/GameData/QuestNodePrototypes/EQ57_P.cfg,60863,1899,69,24,true,false
Base,GameLite/GameData/QuestNodePrototypes/EQ58.cfg,70591,2169,86,22,true,false
Base,GameLite/GameData/QuestNodePrototypes/EQ58_Audio.cfg,2871,88,6,4,false,false
Base,GameLite/GameData/QuestNodePrototypes/EQ58_C01.cfg,2476,77,5,4,false,false
Base,GameLite/GameData/QuestNodePrototypes/EQ58_P.cfg,4289,142,7,5,false,false
Base,GameLite/GameData/QuestNodePrototypes/EQ60.cfg,156396,5519,157,26,true,false
Base,GameLite/GameData/QuestNodePrototypes/EQ60_P.cfg,56571,1902,55,22,true,false
Base,GameLite/GameData/QuestNodePrototypes/EQ62.cfg,284793,10451,266,27,false,false
Base,GameLite/GameData/QuestNodePrototypes/EQ62_P.cfg,6877,231,12,9,false,false
Base,GameLite/GameData/QuestNodePrototypes/EQ64.cfg,36344,1164,44,15,false,false
Base,GameLite/GameData/QuestNodePrototypes/EQ64_P.cfg,18200,570,24,15,true,false
Base,GameLite/GameData/QuestNodePrototypes/EQ65.cfg,108301,3972,140,30,false,false
Base,GameLite/GameData/QuestNodePrototypes/EQ65_P.cfg,44916,1640,64,23,false,false
Base,GameLite/GameData/QuestNodePrototypes/EQ66.cfg,71373,2287,80,19,false,false
Base,GameLite/GameData/QuestNodePrototypes/EQ66_C01.cfg,2466,84,4,3,false,false
Base,GameLite/GameData/QuestNodePrototypes/EQ66_P.cfg,9955,317,15,9,false,false
Base,GameLite/GameData/QuestNodePrototypes/EQ67.cfg,96033,3512,122,25,true,false
Base,GameLite/GameData/QuestNodePrototypes/EQ67_C01.cfg,2100,72,4,4,false,false
Base,GameLite/GameData/QuestNodePrototypes/EQ67_C02.cfg,2091,72,4,4,false,false
Base,GameLite/GameData/QuestNodePrototypes/EQ67_P.cfg,23440,895,32,18,false,false
Base,GameLite/GameData/QuestNodePrototypes/EQ68.cfg,200393,7125,238,23,false,false
Base,GameLite/GameData/QuestNodePrototypes/EQ68_P.cfg,44363,1433,47,16,false,false
Base,GameLite/GameData/QuestNodePrototypes/EQ70.cfg,76223,2708,104,30,false,false
Base,GameLite/GameData/QuestNodePrototypes/EQ70_Audio.cfg,4803,146,7,5,false,false
Base,GameLite/GameData/QuestNodePrototypes/EQ70_P.cfg,45085,1446,56,26,false,false
Base,GameLite/GameData/QuestNodePrototypes/EQ71.cfg,118277,4160,139,25,false,false
Base,GameLite/GameData/QuestNodePrototypes/EQ71_Audio.cfg,9038,270,16,6,false,false
Base,GameLite/GameData/QuestNodePrototypes/EQ71_P.cfg,21437,677,25,11,true,false
Base,GameLite/GameData/QuestNodePrototypes/EQ73.cfg,44050,1594,63,20,false,false
Base,GameLite/GameData/QuestNodePrototypes/EQ73_Audio.cfg,6955,221,13,6,false,false
Base,GameLite/GameData/QuestNodePrototypes/EQ73_C01.cfg,361,14,2,2,false,false
Base,GameLite/GameData/QuestNodePrototypes/EQ73_P.cfg,7503,279,12,7,false,false
Base,GameLite/GameData/QuestNodePrototypes/EQ74.cfg,134944,4625,148,28,false,false
Base,GameLite/GameData/QuestNodePrototypes/EQ74_Audio.cfg,2891,88,6,4,false,false
Base,GameLite/GameData/QuestNodePrototypes/EQ74_P.cfg,33820,1238,45,16,false,false
Base,GameLite/GameData/QuestNodePrototypes/EQ75.cfg,37253,1364,40,13,false,false
Base,GameLite/GameData/QuestNodePrototypes/EQ75_P.cfg,60006,1967,66,26,false,false
Base,GameLite/GameData/QuestNodePrototypes/EQ76.cfg,27569,907,27,12,false,false
Base,GameLite/GameData/QuestNodePrototypes/EQ76_P.cfg,3199,107,6,5,false,false
Base,GameLite/GameData/QuestNodePrototypes/EQ77.cfg,102259,3646,97,20,false,false
Base,GameLite/GameData/QuestNodePrototypes/EQ77_P.cfg,15231,526,16,9,false,false
Base,GameLite/GameData/QuestNodePrototypes/EQ79.cfg,33949,1066,42,17,true,false
Base,GameLite/GameData/QuestNodePrototypes/EQ79_P.cfg,15216,482,23,12,true,false
Base,GameLite/GameData/QuestNodePrototypes/EQ81.cfg,3778,123,6,6,false,false
Base,GameLite/GameData/QuestNodePrototypes/EQ81_Audio.cfg,1813,64,4,3,false,false
Base,GameLite/GameData/QuestNodePrototypes/EQ81_P.cfg,2108,72,4,4,false,false
Base,GameLite/GameData/QuestNodePrototypes/EQ82.cfg,94705,3039,110,22,false,false
Base,GameLite/GameData/QuestNodePrototypes/EQ82_C01.cfg,9491,332,9,4,false,false
Base,GameLite/GameData/QuestNodePrototypes/EQ82_P.cfg,84419,3081,108,25,false,false
Base,GameLite/GameData/QuestNodePrototypes/EQ84.cfg,44416,1567,75,20,true,false
Base,GameLite/GameData/QuestNodePrototypes/EQ84_P.cfg,5738,182,8,6,false,false
Base,GameLite/GameData/QuestNodePrototypes/EQ85.cfg,30707,980,40,14,true,false
Base,GameLite/GameData/QuestNodePrototypes/EQ85_P.cfg,13333,488,22,10,true,false
Base,GameLite/GameData/QuestNodePrototypes/EQ88.cfg,107566,3341,115,21,false,false
Base,GameLite/GameData/QuestNodePrototypes/EQ88_P.cfg,30505,1055,36,12,false,false
Base,GameLite/GameData/QuestNodePrototypes/EQ92.cfg,7861,260,13,9,false,false
Base,GameLite/GameData/QuestNodePrototypes/EQ92_P.cfg,5158,176,9,5,false,false
Base,GameLite/GameData/QuestNodePrototypes/EQ93.cfg,52742,1903,50,12,true,false
Base,GameLite/GameData/QuestNodePrototypes/EQ93_P.cfg,30697,1027,31,13,true,false
Base,GameLite/GameData/QuestNodePrototypes/EQ97.cfg,213489,6496,205,25,false,false
Base,GameLite/GameData/QuestNodePrototypes/EQ97_Audio.cfg,1733,53,4,4,false,false
Base,GameLite/GameData/QuestNodePrototypes/EQ97_P.cfg,15334,525,17,9,false,false
Base,GameLite/GameData/QuestNodePrototypes/EQ98.cfg,177548,5379,162,24,false,false
Base,GameLite/GameData/QuestNodePrototypes/EQ98_P.cfg,19368,650,24,13,false,false
Base,GameLite/GameData/QuestNodePrototypes/EmissionQuest.cfg,2608,86,6,5,false,false
Base,GameLite/GameData/QuestNodePrototypes/FaustBossfight.cfg,2004,63,4,4,false,false
Base,GameLite/GameData/QuestNodePrototypes/FaustClonesTestQuest.cfg,6211,170,10,4,false,false
Base,GameLite/GameData/QuestNodePrototypes/GDEQ1001_BP.cfg,5381,159,9,7,false,false
Base,GameLite/GameData/QuestNodePrototypes/GDEQ1002_BP.cfg,13694,393,18,6,false,false
Base,GameLite/GameData/QuestNodePrototypes/GDEQ1003_BP.cfg,5371,161,8,6,false,false
Base,GameLite/GameData/QuestNodePrototypes/GDEQ1004_BP.cfg,4928,149,8,4,false,false
Base,GameLite/GameData/QuestNodePrototypes/GDEQ1005_BP.cfg,3479,103,7,6,true,false
Base,GameLite/GameData/QuestNodePrototypes/GDEQ1006_BP.cfg,5225,155,8,6,false,false
Base,GameLite/GameData/QuestNodePrototypes/GDEQ1007_BP.cfg,9146,274,13,5,false,false
Base,GameLite/GameData/QuestNodePrototypes/GDEQ1008_BP.cfg,11492,407,16,9,false,false
Base,GameLite/GameData/QuestNodePrototypes/GDEQ1009_BP.cfg,6319,187,9,6,false,false
Base,GameLite/GameData/QuestNodePrototypes/GDEQ1010_BP.cfg,5230,187,9,7,false,false
Base,GameLite/GameData/QuestNodePrototypes/GDEQ1011_BP.cfg,8790,303,16,8,true,false
Base,GameLite/GameData/QuestNodePrototypes/GDEQ1012_BP.cfg,16254,568,23,8,false,false
Base,GameLite/GameData/QuestNodePrototypes/GDEQ1013_BP.cfg,7210,222,11,6,false,false
Base,GameLite/GameData/QuestNodePrototypes/GDEQ1014_BP.cfg,8854,264,13,7,true,false
Base,GameLite/GameData/QuestNodePrototypes/GDEQ1101_BP.cfg,13645,414,17,8,false,false
Base,GameLite/GameData/QuestNodePrototypes/GDEQ1102_BP.cfg,18726,637,24,11,false,false
Base,GameLite/GameData/QuestNodePrototypes/GDEQ1103_BP.cfg,3159,96,6,5,false,false
Base,GameLite/GameData/QuestNodePrototypes/GDEQ1104_BP.cfg,4689,153,9,6,false,false
Base,GameLite/GameData/QuestNodePrototypes/GDEQ1105_BP.cfg,27123,806,28,12,false,false
Base,GameLite/GameData/QuestNodePrototypes/GDEQ1106_BP.cfg,10358,309,13,10,false,false
Base,GameLite/GameData/QuestNodePrototypes/GDEQ1107_BP.cfg,23590,828,27,10,true,false
Base,GameLite/GameData/QuestNodePrototypes/GDEQ1108_BP.cfg,6178,186,9,9,false,false
Base,GameLite/GameData/QuestNodePrototypes/GDEQ1109_BP.cfg,22281,757,28,12,false,false
Base,GameLite/GameData/QuestNodePrototypes/GDEQ1110_BP.cfg,20152,693,26,13,false,false
Base,GameLite/GameData/QuestNodePrototypes/GDEQ1111_BP.cfg,9473,285,12,10,false,false
Base,GameLite/GameData/QuestNodePrototypes/GDEQ1112_BP.cfg,11856,363,16,11,true,false
Base,GameLite/GameData/QuestNodePrototypes/GDEQ1114_BP.cfg,3112,91,5,4,false,false
Base,GameLite/GameData/QuestNodePrototypes/GDEQ1115_BP.cfg,24441,835,32,9,false,false
Base,GameLite/GameData/QuestNodePrototypes/GDEQ1116_BP.cfg,4619,160,8,7,false,false
Base,GameLite/GameData/QuestNodePrototypes/GDEQ1117_BP.cfg,12276,373,14,7,false,false
Base,GameLite/GameData/QuestNodePrototypes/GDEQ1118_BP.cfg,4433,135,7,6,false,false
Base,GameLite/GameData/QuestNodePrototypes/GDEQ1119_BP.cfg,13916,410,17,10,true,false
Base,GameLite/GameData/QuestNodePrototypes/GDEQ1120_BP.cfg,9957,353,17,12,true,false
Base,GameLite/GameData/QuestNodePrototypes/GDEQ1121_BP.cfg,19949,699,30,9,true,false
Base,GameLite/GameData/QuestNodePrototypes/GDEQ1122_BP.cfg,12954,384,15,11,false,false
Base,GameLite/GameData/QuestNodePrototypes/GDEQ1123_BP.cfg,9345,282,11,7,false,false
Base,GameLite/GameData/QuestNodePrototypes/GDEQ1301_BP.cfg,6145,187,9,6,false,false
Base,GameLite/GameData/QuestNodePrototypes/GDEQ1302_BP.cfg,3947,116,7,5,false,false
Base,GameLite/GameData/QuestNodePrototypes/GDEQ1303_01_BP.cfg,7096,243,13,8,true,false
Base,GameLite/GameData/QuestNodePrototypes/GDEQ1401_BP.cfg,7191,226,10,6,false,false
Base,GameLite/GameData/QuestNodePrototypes/GDEQ1402_BP.cfg,5062,187,9,7,false,false
Base,GameLite/GameData/QuestNodePrototypes/GDEQ1404_BP.cfg,18118,667,25,9,false,false
Base,GameLite/GameData/QuestNodePrototypes/GDEQ1405_BP.cfg,5589,176,8,6,false,false
Base,GameLite/GameData/QuestNodePrototypes/GDEQ1406_BP.cfg,3651,115,6,6,false,false
Base,GameLite/GameData/QuestNodePrototypes/GDEQ1701_BP.cfg,3038,86,6,4,false,false
Base,GameLite/GameData/QuestNodePrototypes/GDEQ1702_BP.cfg,12853,451,17,9,false,false
Base,GameLite/GameData/QuestNodePrototypes/GDEQ1703_BP.cfg,8387,281,14,9,false,false
Base,GameLite/GameData/QuestNodePrototypes/GDEQ1704_BP.cfg,8853,253,12,6,false,false
Base,GameLite/GameData/QuestNodePrototypes/GDEQ1705_BP.cfg,379,14,2,2,false,false
Base,GameLite/GameData/QuestNodePrototypes/GDEQ1706_BP.cfg,29814,851,36,9,true,false
Base,GameLite/GameData/QuestNodePrototypes/GDEQ1707_BP.cfg,3903,118,6,6,false,false
Base,GameLite/GameData/QuestNodePrototypes/GDEQ1708_BP.cfg,4069,124,6,6,false,false
Base,GameLite/GameData/QuestNodePrototypes/GDEQ1709_BP.cfg,4638,138,7,6,false,false
Base,GameLite/GameData/QuestNodePrototypes/GDEQ1710_BP.cfg,3951,118,6,6,false,false
Base,GameLite/GameData/QuestNodePrototypes/GDEQ1800_BP.cfg,12975,384,18,10,false,false
Base,GameLite/GameData/QuestNodePrototypes/GDEQ1801_BP.cfg,34844,1032,53,7,false,false
Base,GameLite/GameData/QuestNodePrototypes/GDEQ1802_BP.cfg,10516,364,17,12,false,false
Base,GameLite/GameData/QuestNodePrototypes/GDEQ1803_BP.cfg,41991,1265,53,15,false,false
Base,GameLite/GameData/QuestNodePrototypes/GDEQ1803_BP_Container_1.cfg,2465,73,3,3,false,false
Base,GameLite/GameData/QuestNodePrototypes/GDEQ1803_BP_Container_2.cfg,2421,72,3,3,false,false
Base,GameLite/GameData/QuestNodePrototypes/GDEQ1803_BP_Container_3.cfg,2421,72,3,3,false,false
Base,GameLite/GameData/QuestNodePrototypes/GDEQ1804_BP.cfg,1725,65,4,3,false,false
Base,GameLite/GameData/QuestNodePrototypes/GDEQ1901_BP.cfg,7936,240,11,8,false,false
Base,GameLite/GameData/QuestNodePrototypes/GDEQ1902_BP.cfg,9221,271,14,4,false,false
Base,GameLite/GameData/QuestNodePrototypes/GDEQ1903_BP.cfg,3551,110,6,4,false,false
Base,GameLite/GameData/QuestNodePrototypes/GDEQ1904_BP.cfg,9764,294,15,8,false,false
Base,GameLite/GameData/QuestNodePrototypes/GDEQ1905_BP.cfg,3715,114,6,6,false,false
Base,GameLite/GameData/QuestNodePrototypes/GDEQ1906_BP.cfg,8791,259,12,6,false,false
Base,GameLite/GameData/QuestNodePrototypes/GDEQ1907_BP.cfg,4616,141,7,6,false,false
Base,GameLite/GameData/QuestNodePrototypes/GDEQ1908_BP.cfg,3985,121,6,6,false,false
Base,GameLite/GameData/QuestNodePrototypes/GDEQ1909_BP.cfg,23186,831,35,9,true,false
Base,GameLite/GameData/QuestNodePrototypes/GDEQ1910_BP.cfg,6884,206,10,6,false,false
Base,GameLite/GameData/QuestNodePrototypes/GDEQ1911_BP.cfg,25540,775,35,8,true,false
Base,GameLite/GameData/QuestNodePrototypes/GDEQ1912_BP.cfg,6594,196,10,4,false,false
Base,GameLite/GameData/QuestNodePrototypes/GDEQ1913_BP.cfg,12937,396,19,7,false,false
Base,GameLite/GameData/QuestNodePrototypes/GDEQ1914_BP.cfg,4921,148,9,6,false,false
Base,GameLite/GameData/QuestNodePrototypes/GDEQ1915_BP.cfg,5448,164,8,6,false,false
Base,GameLite/GameData/QuestNodePrototypes/GDEQ1916_BP.cfg,9742,292,12,7,false,false
Base,GameLite/GameData/QuestNodePrototypes/GDEQ1917_BP.cfg,51105,1715,77,11,false,false
Base,GameLite/GameData/QuestNodePrototypes/GDEQ2101_BP.cfg,10155,298,14,10,false,false
Base,GameLite/GameData/QuestNodePrototypes/GDEQ2102_BP.cfg,3482,115,6,5,false,false
Base,GameLite/GameData/QuestNodePrototypes/GDEQ2102_BP_02.cfg,5902,186,8,3,false,false
Base,GameLite/GameData/QuestNodePrototypes/GDEQ2103_BP.cfg,18066,541,25,7,false,false
Base,GameLite/GameData/QuestNodePrototypes/GDEQ2104_BP.cfg,3082,96,5,5,false,false
Base,GameLite/GameData/QuestNodePrototypes/GDEQ2105_BP.cfg,3048,94,5,5,false,false
Base,GameLite/GameData/QuestNodePrototypes/GDEQ2106_BP.cfg,10847,368,17,8,false,false
Base,GameLite/GameData/QuestNodePrototypes/GDEQ2107_BP.cfg,35396,1225,46,11,true,false
Base,GameLite/GameData/QuestNodePrototypes/GDEQ2401_BP.cfg,8829,253,13,6,false,false
Base,GameLite/GameData/QuestNodePrototypes/GDEQ2402_BP.cfg,13786,416,20,6,false,false
Base,GameLite/GameData/QuestNodePrototypes/GDEQ2403_BP.cfg,11111,320,16,7,false,false
Base,GameLite/GameData/QuestNodePrototypes/GDEQ2404_BP.cfg,3821,115,6,6,false,false
Base,GameLite/GameData/QuestNodePrototypes/GDEQ2405_BP.cfg,13978,500,21,10,false,false
Base,GameLite/GameData/QuestNodePrototypes/GDEQ2406_BP.cfg,3766,113,6,6,false,false
Base,GameLite/GameData/QuestNodePrototypes/GDEQ2407_BP.cfg,13668,397,21,10,false,false
Base,GameLite/GameData/QuestNodePrototypes/GDEQ2408_BP.cfg,6294,200,8,6,false,false
Base,GameLite/GameData/QuestNodePrototypes/GDEQ2409_BP.cfg,3433,104,6,5,true,false
Base,GameLite/GameData/QuestNodePrototypes/GDEQ2410_BP.cfg,37665,1330,48,9,false,false
Base,GameLite/GameData/QuestNodePrototypes/GDEQ2411_BP.cfg,24679,844,30,11,false,false
Base,GameLite/GameData/QuestNodePrototypes/GDEQ2801_BP.cfg,11567,414,16,9,false,false
Base,GameLite/GameData/QuestNodePrototypes/GDEQ2802_BP.cfg,14498,514,20,11,false,false
Base,GameLite/GameData/QuestNodePrototypes/GDEQ2803_BP.cfg,19440,662,27,8,false,false
Base,GameLite/GameData/QuestNodePrototypes/GDEQ2804_BP.cfg,32074,1083,42,11,false,false
Base,GameLite/GameData/QuestNodePrototypes/GDEQ2805_BP.cfg,2992,90,5,5,false,false
Base,GameLite/GameData/QuestNodePrototypes/GDEQ2806_BP.cfg,7700,230,11,7,false,false
Base,GameLite/GameData/QuestNodePrototypes/GDEQ2807_BP.cfg,29265,868,37,10,false,false
Base,GameLite/GameData/QuestNodePrototypes/GDEQ2901_BP.cfg,7816,226,13,6,false,false
Base,GameLite/GameData/QuestNodePrototypes/GDEQ2902_BP.cfg,6493,193,9,6,false,false
Base,GameLite/GameData/QuestNodePrototypes/GDEQ2903_BP.cfg,4511,136,7,7,false,false
Base,GameLite/GameData/QuestNodePrototypes/GDEQ2904_BP.cfg,12269,443,17,9,false,false
Base,GameLite/GameData/QuestNodePrototypes/GDEQ2905_BP.cfg,379,14,2,2,false,false
Base,GameLite/GameData/QuestNodePrototypes/GDEQ2906_BP.cfg,4099,127,7,4,false,false
Base,GameLite/GameData/QuestNodePrototypes/GDEQ2907_BP.cfg,4022,124,7,6,false,false
Base,GameLite/GameData/QuestNodePrototypes/GDEQ2908_BP.cfg,2507,76,5,5,false,false
Base,GameLite/GameData/QuestNodePrototypes/GDEQ2909_BP.cfg,10203,364,15,9,false,false
Base,GameLite/GameData/QuestNodePrototypes/GDEQ2910_BP.cfg,28236,997,37,11,true,false
Base,GameLite/GameData/QuestNodePrototypes/GDEQ2911_BP.cfg,23765,672,34,4,false,false
Base,GameLite/GameData/QuestNodePrototypes/GDEQ2912_BP.cfg,4899,173,9,7,false,false
Base,GameLite/GameData/QuestNodePrototypes/GDEQ2913_BP.cfg,2517,76,5,5,false,false
Base,GameLite/GameData/QuestNodePrototypes/GDEQ2914_BP.cfg,2517,76,5,5,false,false
Base,GameLite/GameData/QuestNodePrototypes/GDEQ2915_BP.cfg,2502,76,5,5,false,false
Base,GameLite/GameData/QuestNodePrototypes/GDEQ_Global.cfg,78919,3221,141,7,false,false
Base,GameLite/GameData/QuestNodePrototypes/GDEQ_SQ89.cfg,2990,114,6,5,false,false
Base,GameLite/GameData/QuestNodePrototypes/GDEQ_Template_ActivateIntObj_BP.cfg,3218,90,6,5,false,false
Base,GameLite/GameData/QuestNodePrototypes/GDEQ_Template_ActivateLair_BP.cfg,2266,66,4,4,true,false
Base,GameLite/GameData/QuestNodePrototypes/GDEQ_Template_AnomalyAct_BP.cfg,2269,65,4,4,false,false
Base,GameLite/GameData/QuestNodePrototypes/GDEQ_Template_SpawnNpcMutants_BP.cfg,4152,115,6,6,false,false
Base,GameLite/GameData/QuestNodePrototypes/GDEQ_Template_SpawnObject_BP.cfg,2438,67,4,4,false,false
Base,GameLite/GameData/QuestNodePrototypes/GDTQ00_BP.cfg,318108,11121,439,11,false,false
Base,GameLite/GameData/QuestNodePrototypes/GDTQ01_BP.cfg,65798,1993,85,10,false,false
Base,GameLite/GameData/QuestNodePrototypes/GDTQ02_BP.cfg,65026,2247,89,9,false,false
Base,GameLite/GameData/QuestNodePrototypes/GDTQ03_BP.cfg,19982,686,27,7,false,false
Base,GameLite/GameData/QuestNodePrototypes/GDTQ_Lanucher.cfg,2574,101,5,3,false,false
Base,GameLite/GameData/QuestNodePrototypes/GDTQ_Launcher_PostRelease.cfg,1348,48,3,3,false,false
Base,GameLite/GameData/QuestNodePrototypes/Garbage_ANC.cfg,3359,119,7,3,false,false
Base,GameLite/GameData/QuestNodePrototypes/Garbage_GD.cfg,19727,664,40,6,false,false
Base,GameLite/GameData/QuestNodePrototypes/Garbage_L.cfg,15566,583,26,7,false,false
Base,GameLite/GameData/QuestNodePrototypes/Garbage_L_Depo_Camp.cfg,65012,2061,66,17,true,false
Base,GameLite/GameData/QuestNodePrototypes/Garbage_L_E03_MQ05.cfg,423,14,2,2,false,false
Base,GameLite/GameData/QuestNodePrototypes/Garbage_L_Factory_Camp.cfg,243971,8202,226,30,true,false
Base,GameLite/GameData/QuestNodePrototypes/Garbage_L_FreedomKPP.cfg,1402,41,4,4,false,false
Base,GameLite/GameData/QuestNodePrototypes/Garbage_L_Isolator.cfg,13961,418,20,12,false,false
Base,GameLite/GameData/QuestNodePrototypes/Garbage_L_OldFarm.cfg,212,7,1,1,false,false
Base,GameLite/GameData/QuestNodePrototypes/Garbage_L_Outpost_Camp.cfg,5416,155,7,7,false,false
Base,GameLite/GameData/QuestNodePrototypes/Garbage_L_SQ05.cfg,398,14,2,2,false,false
Base,GameLite/GameData/QuestNodePrototypes/Garbage_L_Svora_Camp.cfg,218155,7375,224,28,true,false
Base,GameLite/GameData/QuestNodePrototypes/Garbage_L_Voentorg_Camp.cfg,137797,4481,156,26,true,false
Base,GameLite/GameData/QuestNodePrototypes/Garbage_SQ_L.cfg,15136,524,30,4,false,false
Base,GameLite/GameData/QuestNodePrototypes/General_L.cfg,70652,2601,87,13,false,false
Base,GameLite/GameData/QuestNodePrototypes/Generators_L.cfg,1729,60,4,3,false,false
Base,GameLite/GameData/QuestNodePrototypes/Generators_SQ_L.cfg,1013,35,3,3,false,false
Base,GameLite/GameData/QuestNodePrototypes/Healing.cfg,3537,120,6,4,false,false
Base,GameLite/GameData/QuestNodePrototypes/HimzavodHub_Guard.cfg,38474,1192,46,12,false,false
Base,GameLite/GameData/QuestNodePrototypes/HimzavodRadio.cfg,209846,7499,206,12,false,false
Base,GameLite/GameData/QuestNodePrototypes/Himzavod_Hub.cfg,653596,22693,669,31,true,false
Base,GameLite/GameData/QuestNodePrototypes/Hoghouse_Hub.cfg,443,16,2,2,false,false
Base,GameLite/GameData/QuestNodePrototypes/IKARCampRadio.cfg,96882,3167,71,12,false,false
Base,GameLite/GameData/QuestNodePrototypes/IKARCamp_Guard.cfg,32227,1048,36,6,false,false
Base,GameLite/GameData/QuestNodePrototypes/IKARCamp_Hub.cfg,486841,16801,637,32,true,false
Base,GameLite/GameData/QuestNodePrototypes/Interrupts.cfg,124415,4185,153,8,false,false
Base,GameLite/GameData/QuestNodePrototypes/IronForest_L.cfg,387,14,2,2,false,false
Base,GameLite/GameData/QuestNodePrototypes/IronForest_SQ_L.cfg,437,16,2,2,false,false
Base,GameLite/GameData/QuestNodePrototypes/Jupiter_GD.cfg,7288,224,15,6,false,false
Base,GameLite/GameData/QuestNodePrototypes/Jupiter_L.cfg,941,35,3,3,false,false
Base,GameLite/GameData/QuestNodePrototypes/Jupiter_SQ_L.cfg,983,35,3,3,false,false
Base,GameLite/GameData/QuestNodePrototypes/Kazkovy_Hub.cfg,368573,10671,272,27,true,false
Base,GameLite/GameData/QuestNodePrototypes/Kazkovy_Hub_Radio.cfg,38447,1270,46,11,false,false
Base,GameLite/GameData/QuestNodePrototypes/KorohorodForest_L.cfg,1763,55,4,4,false,false
Base,GameLite/GameData/QuestNodePrototypes/KorohorodForest_SQ_L.cfg,435,14,2,2,false,false
Base,GameLite/GameData/QuestNodePrototypes/KorshunovBossFight.cfg,14382,432,18,7,false,false
Base,GameLite/GameData/QuestNodePrototypes/MSDemoDebug.cfg,12162,403,29,4,false,false
Base,GameLite/GameData/QuestNodePrototypes/MagnetMemoryPlant_Hub.cfg,439,14,2,2,false,false
Base,GameLite/GameData/QuestNodePrototypes/MalahitRadio.cfg,225426,8133,225,15,false,false
Base,GameLite/GameData/QuestNodePrototypes/Malahit_GD.cfg,372,14,2,2,false,false
Base,GameLite/GameData/QuestNodePrototypes/Malahit_Hub.cfg,446832,15687,489,30,true,false
Base,GameLite/GameData/QuestNodePrototypes/Malahit_Hub_Wrappers.cfg,26141,969,23,7,false,false
Base,GameLite/GameData/QuestNodePrototypes/Malahit_L.cfg,12838,385,15,9,false,false
Base,GameLite/GameData/QuestNodePrototypes/Malahit_SQ_L.cfg,3322,124,8,5,false,false
Base,GameLite/GameData/QuestNodePrototypes/Misc.cfg,2288,79,5,4,false,false
Base,GameLite/GameData/QuestNodePrototypes/MistAnomalyPhase1.cfg,14126,368,21,6,false,false
Base,GameLite/GameData/QuestNodePrototypes/MistAnomalyPhase2.cfg,8276,230,12,4,false,false
Base,GameLite/GameData/QuestNodePrototypes/MistAnomalyPhase3.cfg,12979,344,19,4,false,false
Base,GameLite/GameData/QuestNodePrototypes/MistAnomalyPhase4.cfg,9132,242,14,4,false,false
Base,GameLite/GameData/QuestNodePrototypes/MistAnomalyQuest.cfg,12122,366,19,8,false,false
Base,GameLite/GameData/QuestNodePrototypes/MovementFocusTestQBP.cfg,17341,611,17,6,false,false
Base,GameLite/GameData/QuestNodePrototypes/ND_Debug.cfg,22352,678,30,9,false,false
Base,GameLite/GameData/QuestNodePrototypes/ND_PCGears_Debug.cfg,3284,105,7,4,false,false
Base,GameLite/GameData/QuestNodePrototypes/ND_Presets.cfg,75704,2386,107,20,false,false
Base,GameLite/GameData/QuestNodePrototypes/NoonBase_Hub.cfg,412970,14372,474,27,true,false
Base,GameLite/GameData/QuestNodePrototypes/NoonBase_Radio.cfg,209118,6682,176,14,false,false
Base,GameLite/GameData/QuestNodePrototypes/PerimeterPropaganda_Radio.cfg,184330,6419,126,5,false,false
Base,GameLite/GameData/QuestNodePrototypes/PoseSearchTestingGroundMapQuest.cfg,9597,303,13,6,false,false
Base,GameLite/GameData/QuestNodePrototypes/Presets_Showroom.cfg,68013,2378,106,20,false,false
Base,GameLite/GameData/QuestNodePrototypes/Pripyat_GD.cfg,10660,322,21,6,false,false
Base,GameLite/GameData/QuestNodePrototypes/Pripyat_L.cfg,7410,256,12,6,false,false
Base,GameLite/GameData/QuestNodePrototypes/Pripyat_SQ_L.cfg,7719,230,13,5,false,false
Base,GameLite/GameData/QuestNodePrototypes/Promzona_GD.cfg,7135,211,14,6,false,false
Base,GameLite/GameData/QuestNodePrototypes/Promzona_L.cfg,8224,289,14,9,true,false
Base,GameLite/GameData/QuestNodePrototypes/Promzona_L_AgropromMilitaryBase_Camp.cfg,11227,364,13,6,false,false
Base,GameLite/GameData/QuestNodePrototypes/Promzona_L_DvupalovLab_Camp.cfg,38312,1135,35,10,false,false
Base,GameLite/GameData/QuestNodePrototypes/Promzona_SQ_L.cfg,31365,1162,54,13,false,false
Base,GameLite/GameData/QuestNodePrototypes/QBP_MilitaryRadio_Test.cfg,6489,188,10,5,false,false
Base,GameLite/GameData/QuestNodePrototypes/QTC.cfg,378039,14189,666,68,true,false
Base,GameLite/GameData/QuestNodePrototypes/QTC_Anomaly.cfg,19865,637,33,8,false,false
Base,GameLite/GameData/QuestNodePrototypes/QTC_Despawn.cfg,17076,546,27,7,false,false
Base,GameLite/GameData/QuestNodePrototypes/QTC_Dialog_RandomRefObj.cfg,8562,308,11,6,false,false
Base,GameLite/GameData/QuestNodePrototypes/QTC_Emission.cfg,19721,590,32,9,false,false
Base,GameLite/GameData/QuestNodePrototypes/QTC_Emmission2.cfg,4280,130,9,7,false,false
Base,GameLite/GameData/QuestNodePrototypes/QTC_Flashlight.cfg,17594,562,29,6,false,false
Base,GameLite/GameData/QuestNodePrototypes/QTC_Look_At.cfg,21306,734,28,6,false,false
Base,GameLite/GameData/QuestNodePrototypes/QTC_Navigation_Teleport.cfg,3749,120,6,4,false,false
Base,GameLite/GameData/QuestNodePrototypes/QTC_OnInfotopicFinishEvent.cfg,4654,160,7,6,false,false
Base,GameLite/GameData/QuestNodePrototypes/QTC_OnInteractFinishEvent.cfg,4506,139,7,6,false,false
Base,GameLite/GameData/QuestNodePrototypes/QTC_Random.cfg,9065,319,14,7,false,false
Base,GameLite/GameData/QuestNodePrototypes/QTC_SaveLoad.cfg,49576,1551,78,19,false,false
Base,GameLite/GameData/QuestNodePrototypes/QTC_SaveLoad_Event.cfg,1704,52,4,4,false,false
Base,GameLite/GameData/QuestNodePrototypes/QTC_SaveLoad_Repeatable.cfg,1338,44,3,3,false,false
Base,GameLite/GameData/QuestNodePrototypes/QTC_Save_Restrict.cfg,11105,342,18,8,false,false
Base,GameLite/GameData/QuestNodePrototypes/QTC_SendSignal_ReceiveSignal.cfg,4327,126,8,5,false,false
Base,GameLite/GameData/QuestNodePrototypes/QTC_Set_Wounded.cfg,13450,522,24,8,false,false
Base,GameLite/GameData/QuestNodePrototypes/QTC_Test_SetAIBehaviorCheck.cfg,113412,3797,133,9,false,false
Base,GameLite/GameData/QuestNodePrototypes/QTC_Triggers.cfg,60019,1844,74,7,false,false
Base,GameLite/GameData/QuestNodePrototypes/QTC_Triggers_2.cfg,196469,5977,241,8,false,false
Base,GameLite/GameData/QuestNodePrototypes/RSQ01.cfg,44656,1773,51,12,false,false
Base,GameLite/GameData/QuestNodePrototypes/RSQ01_C01.cfg,65799,2388,85,20,true,false
Base,GameLite/GameData/QuestNodePrototypes/RSQ01_C02.cfg,49323,1520,50,13,false,false
Base,GameLite/GameData/QuestNodePrototypes/RSQ01_C03.cfg,17545,553,20,8,false,false
Base,GameLite/GameData/QuestNodePrototypes/RSQ01_C04.cfg,42510,1300,47,14,false,false
Base,GameLite/GameData/QuestNodePrototypes/RSQ01_C05.cfg,48075,1488,50,13,false,false
Base,GameLite/GameData/QuestNodePrototypes/RSQ01_C06.cfg,61319,1883,75,19,true,false
Base,GameLite/GameData/QuestNodePrototypes/RSQ04.cfg,81453,2667,75,14,false,false
Base,GameLite/GameData/QuestNodePrototypes/RSQ04_C01.cfg,39372,1192,45,15,false,false
Base,GameLite/GameData/QuestNodePrototypes/RSQ04_C02.cfg,38793,1171,44,15,false,false
Base,GameLite/GameData/QuestNodePrototypes/RSQ04_C03.cfg,44627,1360,54,17,false,false
Base,GameLite/GameData/QuestNodePrototypes/RSQ04_C04.cfg,35961,1108,40,15,false,false
Base,GameLite/GameData/QuestNodePrototypes/RSQ04_C05.cfg,46877,1461,54,16,false,false
Base,GameLite/GameData/QuestNodePrototypes/RSQ04_C06.cfg,39820,1198,45,15,false,false
Base,GameLite/GameData/QuestNodePrototypes/RSQ04_C07.cfg,20789,643,20,8,false,false
Base,GameLite/GameData/QuestNodePrototypes/RSQ04_C08.cfg,21862,674,22,9,false,false
Base,GameLite/GameData/QuestNodePrototypes/RSQ04_C09.cfg,20884,643,20,8,false,false
Base,GameLite/GameData/QuestNodePrototypes/RSQ04_C10.cfg,23435,712,29,16,true,false
Base,GameLite/GameData/QuestNodePrototypes/RSQ05.cfg,69228,2286,63,12,false,false
Base,GameLite/GameData/QuestNodePrototypes/RSQ05_C01.cfg,47174,1457,55,19,false,false
Base,GameLite/GameData/QuestNodePrototypes/RSQ05_C02.cfg,59249,1784,66,15,false,false
Base,GameLite/GameData/QuestNodePrototypes/RSQ05_C04.cfg,39980,1234,45,15,false,false
Base,GameLite/GameData/QuestNodePrototypes/RSQ05_C05.cfg,43536,1328,51,15,false,false
Base,GameLite/GameData/QuestNodePrototypes/RSQ05_C07.cfg,20574,643,20,8,false,false
Base,GameLite/GameData/QuestNodePrototypes/RSQ05_C08.cfg,20544,643,20,8,false,false
Base,GameLite/GameData/QuestNodePrototypes/RSQ05_C09.cfg,20546,642,20,8,false,false
Base,GameLite/GameData/QuestNodePrototypes/RSQ05_C10.cfg,46454,1401,54,15,false,false
Base,GameLite/GameData/QuestNodePrototypes/RSQ06_C00___SIDOROVICH.cfg,84002,2527,71,13,false,false
Base,GameLite/GameData/QuestNodePrototypes/RSQ06_C01___K_Z.cfg,60506,2095,73,15,false,false
Base,GameLite/GameData/QuestNodePrototypes/RSQ06_C02___K_M.cfg,62417,2202,78,15,false,false
Base,GameLite/GameData/QuestNodePrototypes/RSQ06_C03___K_B.cfg,83316,2874,101,15,false,false
Base,GameLite/GameData/QuestNodePrototypes/RSQ06_C04___K_S.cfg,81770,2822,98,15,false,false
Base,GameLite/GameData/QuestNodePrototypes/RSQ06_C05___B_B.cfg,59819,2102,86,16,false,false
Base,GameLite/GameData/QuestNodePrototypes/RSQ06_C06___B_A.cfg,21415,643,20,8,false,false
Base,GameLite/GameData/QuestNodePrototypes/RSQ06_C07___B_A.cfg,21413,643,20,8,false,false
Base,GameLite/GameData/QuestNodePrototypes/RSQ06_C08___B_A.cfg,21405,643,20,8,false,false
Base,GameLite/GameData/QuestNodePrototypes/RSQ06_C09___S_P.cfg,12953,393,17,9,false,false
Base,GameLite/GameData/QuestNodePrototypes/RSQ07_C00_TSEMZAVOD.cfg,74409,2670,76,14,false,false
Base,GameLite/GameData/QuestNodePrototypes/RSQ07_C01_K_Z.cfg,60488,2127,74,16,true,false
Base,GameLite/GameData/QuestNodePrototypes/RSQ07_C02_K_M.cfg,69859,2457,85,14,false,false
Base,GameLite/GameData/QuestNodePrototypes/RSQ07_C03_K_M.cfg,60209,2129,77,15,false,false
Base,GameLite/GameData/QuestNodePrototypes/RSQ07_C04_K_B.cfg,80701,2857,104,15,true,false
Base,GameLite/GameData/QuestNodePrototypes/RSQ07_C05_B_B.cfg,46803,1662,61,16,false,false
Base,GameLite/GameData/QuestNodePrototypes/RSQ07_C06_B_A.cfg,21024,643,20,8,false,false
Base,GameLite/GameData/QuestNodePrototypes/RSQ07_C07_B_A.cfg,21044,643,20,8,false,false
Base,GameLite/GameData/QuestNodePrototypes/RSQ07_C08_B_A.cfg,21058,643,20,8,false,false
Base,GameLite/GameData/QuestNodePrototypes/RSQ07_C09_S_P.cfg,22109,657,27,13,true,false
Base,GameLite/GameData/QuestNodePrototypes/RSQ08_C00_ROSTOK.cfg,70421,2582,74,13,false,false
Base,GameLite/GameData/QuestNodePrototypes/RSQ08_C01_K_M.cfg,85146,2955,100,16,false,false
Base,GameLite/GameData/QuestNodePrototypes/RSQ08_C02_K_B.cfg,89761,3160,112,15,false,false
Base,GameLite/GameData/QuestNodePrototypes/RSQ08_C03_K_S.cfg,80679,2864,104,15,false,false
Base,GameLite/GameData/QuestNodePrototypes/RSQ08_C04_B_B.cfg,41946,1303,51,16,false,false
Base,GameLite/GameData/QuestNodePrototypes/RSQ08_C05_B_B.cfg,49908,1542,59,16,false,false
Base,GameLite/GameData/QuestNodePrototypes/RSQ08_C06_B_A.cfg,21035,643,20,8,false,false
Base,GameLite/GameData/QuestNodePrototypes/RSQ08_C07_B_A.cfg,21035,643,20,8,false,false
Base,GameLite/GameData/QuestNodePrototypes/RSQ08_C08_B_A.cfg,21027,643,20,8,false,false
Base,GameLite/GameData/QuestNodePrototypes/RSQ08_C09_S_P.cfg,21664,640,26,12,false,false
Base,GameLite/GameData/QuestNodePrototypes/RSQ09_C00_MALAHIT.cfg,81574,2528,71,13,false,false
Base,GameLite/GameData/QuestNodePrototypes/RSQ09_C01_K_M.cfg,84426,2533,88,15,false,false
Base,GameLite/GameData/QuestNodePrototypes/RSQ09_C02_K_M.cfg,81835,2457,85,14,false,false
Base,GameLite/GameData/QuestNodePrototypes/RSQ09_C03_K_M.cfg,66486,2000,70,15,false,false
Base,GameLite/GameData/QuestNodePrototypes/RSQ09_C04_K_S.cfg,87895,2649,93,14,false,false
Base,GameLite/GameData/QuestNodePrototypes/RSQ09_C05_B_B.cfg,41423,1280,47,13,false,false
Base,GameLite/GameData/QuestNodePrototypes/RSQ09_C06_B_A.cfg,20474,625,20,8,false,false
Base,GameLite/GameData/QuestNodePrototypes/RSQ09_C07_B_A.cfg,20464,625,20,8,false,false
Base,GameLite/GameData/QuestNodePrototypes/RSQ09_C08_B_A.cfg,20450,625,20,8,false,false
Base,GameLite/GameData/QuestNodePrototypes/RSQ09_C09_S_P.cfg,33970,1157,52,14,false,false
Base,GameLite/GameData/QuestNodePrototypes/RSQ10_C00_HARPY.cfg,83774,2622,76,14,false,false
Base,GameLite/GameData/QuestNodePrototypes/RSQ10_C01_K_M.cfg,82394,2475,86,15,false,false
Base,GameLite/GameData/QuestNodePrototypes/RSQ10_C02_K_M.cfg,82400,2475,86,15,false,false
Base,GameLite/GameData/QuestNodePrototypes/RSQ10_C03_K_S.cfg,90550,2729,95,14,false,false
Base,GameLite/GameData/QuestNodePrototypes/RSQ10_C04_K_S.cfg,90357,2720,96,15,false,false
Base,GameLite/GameData/QuestNodePrototypes/RSQ10_C05_B_B.cfg,49097,1550,60,12,false,false
Base,GameLite/GameData/QuestNodePrototypes/RSQ10_C06_B_A.cfg,21004,643,20,8,false,false
Base,GameLite/GameData/QuestNodePrototypes/RSQ10_C07_B_A.cfg,20994,643,20,8,false,false
Base,GameLite/GameData/QuestNodePrototypes/RSQ10_C08_B_A.cfg,21000,643,20,8,false,false
Base,GameLite/GameData/QuestNodePrototypes/RSQ10_C09_S_P.cfg,29496,887,33,14,true,false
Base,GameLite/GameData/QuestNodePrototypes/RedForest_GD.cfg,15811,461,28,6,false,false
Base,GameLite/GameData/QuestNodePrototypes/RedForest_Hub.cfg,21763,678,22,10,false,false
Base,GameLite/GameData/QuestNodePrototypes/RedForest_L.cfg,29956,1057,42,9,false,false
Base,GameLite/GameData/QuestNodePrototypes/RedForest_SQ_L.cfg,3688,140,8,4,false,false
Base,GameLite/GameData/QuestNodePrototypes/RegionMoodChange.cfg,3181,80,6,4,false,false
Base,GameLite/GameData/QuestNodePrototypes/RepetableQuest01.cfg,10788,332,17,4,false,false
Base,GameLite/GameData/QuestNodePrototypes/ReputationRestoration.cfg,87644,2859,76,8,false,false
Base,GameLite/GameData/QuestNodePrototypes/ReputationRestoreQuest.cfg,115945,3732,154,8,false,false
Base,GameLite/GameData/QuestNodePrototypes/RookieVillage_DoorOpener.cfg,44545,1393,53,10,false,false
Base,GameLite/GameData/QuestNodePrototypes/RookieVillage_Hub.cfg,277560,9536,270,21,false,false
Base,GameLite/GameData/QuestNodePrototypes/Rostok_GD.cfg,6822,206,14,4,false,false
Base,GameLite/GameData/QuestNodePrototypes/Rostok_Hub.cfg,494425,17406,482,21,false,false
Base,GameLite/GameData/QuestNodePrototypes/Rostok_Hub_Wrappers.cfg,29828,1125,25,6,false,false
Base,GameLite/GameData/QuestNodePrototypes/Rostok_L.cfg,9349,298,15,8,false,false
Base,GameLite/GameData/QuestNodePrototypes/Rostok_L_AbandonedVillage_Camp.cfg,17500,472,23,8,false,false
Base,GameLite/GameData/QuestNodePrototypes/Rostok_L_ConstructionSite_Camp.cfg,7936,223,10,7,false,false
Base,GameLite/GameData/QuestNodePrototypes/Rostok_L_ScarTemp_Camp.cfg,72224,2410,83,17,false,false
Base,GameLite/GameData/QuestNodePrototypes/Rostok_Radio.cfg,235344,8791,223,14,false,false
Base,GameLite/GameData/QuestNodePrototypes/Rostok_SQ_L.cfg,11464,429,22,5,false,false
Base,GameLite/GameData/QuestNodePrototypes/SEQ01.cfg,17667,557,32,14,true,false
Base,GameLite/GameData/QuestNodePrototypes/SEQ01_C01.cfg,360,14,2,2,false,false
Base,GameLite/GameData/QuestNodePrototypes/SEQ01_P.cfg,3816,132,7,5,false,false
Base,GameLite/GameData/QuestNodePrototypes/SEQ02.cfg,21101,766,33,18,false,false
Base,GameLite/GameData/QuestNodePrototypes/SEQ02_P.cfg,3785,131,7,5,false,false
Base,GameLite/GameData/QuestNodePrototypes/SEQ03.cfg,13672,509,24,13,true,false
Base,GameLite/GameData/QuestNodePrototypes/SEQ03_P.cfg,3715,130,7,5,false,false
Base,GameLite/GameData/QuestNodePrototypes/SEQ04.cfg,36170,1163,43,18,true,false
Base,GameLite/GameData/QuestNodePrototypes/SEQ04_P.cfg,3717,130,7,5,false,false
Base,GameLite/GameData/QuestNodePrototypes/SEQ05.cfg,25669,896,42,15,true,false
Base,GameLite/GameData/QuestNodePrototypes/SEQ05_P.cfg,3713,130,7,5,false,false
Base,GameLite/GameData/QuestNodePrototypes/SEQ06.cfg,52261,1787,70,24,true,false
Base,GameLite/GameData/QuestNodePrototypes/SEQ06_P.cfg,6124,234,10,6,true,false
Base,GameLite/GameData/QuestNodePrototypes/SEQ07.cfg,17808,634,31,13,false,false
Base,GameLite/GameData/QuestNodePrototypes/SEQ07_P.cfg,3755,131,7,5,false,false
Base,GameLite/GameData/QuestNodePrototypes/SEQ08.cfg,16885,538,27,15,true,false
Base,GameLite/GameData/QuestNodePrototypes/SEQ08_P.cfg,3696,130,7,5,false,false
Base,GameLite/GameData/QuestNodePrototypes/SEQ09.cfg,29684,934,43,16,false,false
Base,GameLite/GameData/QuestNodePrototypes/SEQ09_C01.cfg,1566,50,4,4,false,false
Base,GameLite/GameData/QuestNodePrototypes/SEQ09_C02.cfg,951,31,3,3,false,false
Base,GameLite/GameData/QuestNodePrototypes/SEQ09_P.cfg,7816,244,13,7,false,false
Base,GameLite/GameData/QuestNodePrototypes/SEQ10.cfg,54511,1714,70,15,false,false
Base,GameLite/GameData/QuestNodePrototypes/SEQ10_P.cfg,3714,130,7,5,false,false
Base,GameLite/GameData/QuestNodePrototypes/SIRCAA_GD.cfg,366,14,2,2,false,false
Base,GameLite/GameData/QuestNodePrototypes/SIRCAA_Hub.cfg,411868,14347,469,24,false,false
Base,GameLite/GameData/QuestNodePrototypes/SIRCAA_L.cfg,47448,1648,72,19,false,false
Base,GameLite/GameData/QuestNodePrototypes/SIRCAA_SQ_L.cfg,971,35,3,3,false,false
Base,GameLite/GameData/QuestNodePrototypes/SQ01.cfg,375885,11797,407,31,false,false
Base,GameLite/GameData/QuestNodePrototypes/SQ01_Audio.cfg,1592,50,4,4,false,false
Base,GameLite/GameData/QuestNodePrototypes/SQ01_OWL.cfg,9537,319,13,8,false,false
Base,GameLite/GameData/QuestNodePrototypes/SQ01_P.cfg,30998,1004,37,19,false,false
Base,GameLite/GameData/QuestNodePrototypes/SQ02.cfg,138136,4918,200,30,true,false
Base,GameLite/GameData/QuestNodePrototypes/SQ02_Audio.cfg,2895,91,6,5,false,false
Base,GameLite/GameData/QuestNodePrototypes/SQ02_C01.cfg,7026,234,9,6,false,false
Base,GameLite/GameData/QuestNodePrototypes/SQ02_C02.cfg,1095,41,3,2,false,false
Base,GameLite/GameData/QuestNodePrototypes/SQ02_C03.cfg,7186,241,9,6,false,false
Base,GameLite/GameData/QuestNodePrototypes/SQ02_C04.cfg,7189,241,9,6,false,false
Base,GameLite/GameData/QuestNodePrototypes/SQ02_OWL.cfg,26583,832,29,12,false,false
Base,GameLite/GameData/QuestNodePrototypes/SQ02_P.cfg,106531,3865,138,25,false,false
Base,GameLite/GameData/QuestNodePrototypes/SQ03.cfg,334318,11962,430,35,true,false
Base,GameLite/GameData/QuestNodePrototypes/SQ03_Audio.cfg,5576,193,10,7,false,false
Base,GameLite/GameData/QuestNodePrototypes/SQ03_OWL.cfg,30878,982,39,18,false,false
Base,GameLite/GameData/QuestNodePrototypes/SQ03_P.cfg,123986,4525,166,30,true,false
Base,GameLite/GameData/QuestNodePrototypes/SQ03_VFX.cfg,2141,69,5,3,false,false
Base,GameLite/GameData/QuestNodePrototypes/SQ05.cfg,128530,4667,137,19,true,false
Base,GameLite/GameData/QuestNodePrototypes/SQ05_OWL.cfg,55789,1920,72,23,true,false
Base,GameLite/GameData/QuestNodePrototypes/SQ06.cfg,87381,2749,106,15,true,false
Base,GameLite/GameData/QuestNodePrototypes/SQ06_Audio.cfg,10140,312,16,8,false,false
Base,GameLite/GameData/QuestNodePrototypes/SQ06_OWL.cfg,161954,5400,267,29,false,false
Base,GameLite/GameData/QuestNodePrototypes/SQ06_P.cfg,759,28,2,2,false,false
Base,GameLite/GameData/QuestNodePrototypes/SQ10.cfg,146134,5130,187,25,false,false
Base,GameLite/GameData/QuestNodePrototypes/SQ100.cfg,70250,2427,79,19,false,false
Base,GameLite/GameData/QuestNodePrototypes/SQ100_Audio.cfg,13122,448,19,5,false,false
Base,GameLite/GameData/QuestNodePrototypes/SQ100_HubLightsOff.cfg,17526,587,23,3,false,false
Base,GameLite/GameData/QuestNodePrototypes/SQ100_LightsOFF.cfg,10459,359,15,3,false,false
Base,GameLite/GameData/QuestNodePrototypes/SQ100_P.cfg,39442,1359,62,25,false,false
Base,GameLite/GameData/QuestNodePrototypes/SQ100_RadioPlay.cfg,3464,118,6,5,false,false
Base,GameLite/GameData/QuestNodePrototypes/SQ100_Volhov_Ambush.cfg,64143,2123,82,26,true,false
Base,GameLite/GameData/QuestNodePrototypes/SQ101_Audio.cfg,5273,168,10,4,false,false
Base,GameLite/GameData/QuestNodePrototypes/SQ101_C01.cfg,192201,6524,217,36,true,false
Base,GameLite/GameData/QuestNodePrototypes/SQ101_C02.cfg,43027,1467,57,27,false,false
Base,GameLite/GameData/QuestNodePrototypes/SQ101_C03.cfg,10977,389,13,6,false,false
Base,GameLite/GameData/QuestNodePrototypes/SQ101_P.cfg,14501,486,24,14,false,false
Base,GameLite/GameData/QuestNodePrototypes/SQ102.cfg,457047,15815,604,42,false,false
Base,GameLite/GameData/QuestNodePrototypes/SQ102_Audio.cfg,5766,191,11,4,false,false
Base,GameLite/GameData/QuestNodePrototypes/SQ102_C01.cfg,401,16,2,2,false,false
Base,GameLite/GameData/QuestNodePrototypes/SQ102_MercDead.cfg,37214,1201,62,5,false,false
Base,GameLite/GameData/QuestNodePrototypes/SQ102_P.cfg,83007,2876,141,24,false,false
Base,GameLite/GameData/QuestNodePrototypes/SQ102_RoofDoorFix.cfg,2952,95,6,4,false,false
Base,GameLite/GameData/QuestNodePrototypes/SQ103.cfg,326751,11447,480,47,false,false
Base,GameLite/GameData/QuestNodePrototypes/SQ103_Audio.cfg,13250,411,22,6,false,false
Base,GameLite/GameData/QuestNodePrototypes/SQ103_C01.cfg,2260,79,5,4,false,false
Base,GameLite/GameData/QuestNodePrototypes/SQ103_P.cfg,50520,1819,68,24,true,false
Base,GameLite/GameData/QuestNodePrototypes/SQ10_Audio.cfg,9133,273,16,7,false,false
Base,GameLite/GameData/QuestNodePrototypes/SQ10_C01.cfg,90440,3015,112,20,false,false
Base,GameLite/GameData/QuestNodePrototypes/SQ10_OWL.cfg,82925,2489,91,20,false,false
Base,GameLite/GameData/QuestNodePrototypes/SQ10_P.cfg,175136,6186,233,35,true,false
Base,GameLite/GameData/QuestNodePrototypes/SQ13.cfg,110721,3899,147,22,false,false
Base,GameLite/GameData/QuestNodePrototypes/SQ13_OWL.cfg,100782,3467,136,33,true,false
Base,GameLite/GameData/QuestNodePrototypes/SQ13_P.cfg,41367,1557,44,8,false,false
Base,GameLite/GameData/QuestNodePrototypes/SQ13_P_Topics.cfg,10056,342,9,4,false,false
Base,GameLite/GameData/QuestNodePrototypes/SQ18.cfg,332680,10624,308,34,true,false
Base,GameLite/GameData/QuestNodePrototypes/SQ18_Audio.cfg,5399,184,8,4,false,false
Base,GameLite/GameData/QuestNodePrototypes/SQ18_C01.cfg,66159,2017,65,15,false,false
Base,GameLite/GameData/QuestNodePrototypes/SQ18_OWL.cfg,12596,418,13,8,false,false
Base,GameLite/GameData/QuestNodePrototypes/SQ18_P.cfg,35857,1132,36,16,true,false
Base,GameLite/GameData/QuestNodePrototypes/SQ20.cfg,553348,20139,721,39,true,false
Base,GameLite/GameData/QuestNodePrototypes/SQ20_1st_Equip.cfg,3519,111,7,6,false,false
Base,GameLite/GameData/QuestNodePrototypes/SQ20_2nd_Equip.cfg,3525,111,7,6,false,false
Base,GameLite/GameData/QuestNodePrototypes/SQ20_3rd_Equip.cfg,3525,111,7,6,false,false
Base,GameLite/GameData/QuestNodePrototypes/SQ20_4th_Equip.cfg,6119,200,11,7,false,false
Base,GameLite/GameData/QuestNodePrototypes/SQ20_5th_Equip.cfg,8579,275,15,7,false,false
Base,GameLite/GameData/QuestNodePrototypes/SQ20_Audio.cfg,27967,846,39,6,false,false
Base,GameLite/GameData/QuestNodePrototypes/SQ20_C01.cfg,5656,179,8,7,false,false
Base,GameLite/GameData/QuestNodePrototypes/SQ20_C02.cfg,5693,179,8,7,false,false
Base,GameLite/GameData/QuestNodePrototypes/SQ20_C03.cfg,5687,179,8,7,false,false
Base,GameLite/GameData/QuestNodePrototypes/SQ20_C04.cfg,12314,386,14,7,false,false
Base,GameLite/GameData/QuestNodePrototypes/SQ20_C05.cfg,17494,551,19,7,false,false
Base,GameLite/GameData/QuestNodePrototypes/SQ20_Light.cfg,15759,456,28,4,false,false
Base,GameLite/GameData/QuestNodePrototypes/SQ20_OWL.cfg,14285,518,20,8,false,false
Base,GameLite/GameData/QuestNodePrototypes/SQ20_P.cfg,232304,8414,293,25,false,false
Base,GameLite/GameData/QuestNodePrototypes/SQ25.cfg,377825,13135,431,31,false,false
Base,GameLite/GameData/QuestNodePrototypes/SQ25_Audio.cfg,3651,121,7,5,false,false
Base,GameLite/GameData/QuestNodePrototypes/SQ25_OWL.cfg,38534,1197,40,15,false,false
Base,GameLite/GameData/QuestNodePrototypes/SQ25_P.cfg,102214,3808,121,24,false,false
Base,GameLite/GameData/QuestNodePrototypes/SQ47.cfg,252076,8888,324,28,false,false
Base,GameLite/GameData/QuestNodePrototypes/SQ47_Audio.cfg,4225,128,8,6,false,false
Base,GameLite/GameData/QuestNodePrototypes/SQ47_C01.cfg,98780,3404,131,24,false,false
Base,GameLite/GameData/QuestNodePrototypes/SQ47_C02.cfg,20263,618,20,10,false,false
Base,GameLite/GameData/QuestNodePrototypes/SQ47_OWL.cfg,228348,8243,273,39,false,false
Base,GameLite/GameData/QuestNodePrototypes/SQ50.cfg,65505,2327,79,24,false,false
Base,GameLite/GameData/QuestNodePrototypes/SQ50_Audio.cfg,373,14,2,2,false,false
Base,GameLite/GameData/QuestNodePrototypes/SQ50_OWL.cfg,27852,905,27,12,false,false
Base,GameLite/GameData/QuestNodePrototypes/SQ81.cfg,430371,15224,549,36,false,false
Base,GameLite/GameData/QuestNodePrototypes/SQ81_Audio.cfg,2874,89,6,5,false,false
Base,GameLite/GameData/QuestNodePrototypes/SQ81_OWL.cfg,46394,1550,43,12,true,false
Base,GameLite/GameData/QuestNodePrototypes/SQ86.cfg,185014,5574,184,24,false,false
Base,GameLite/GameData/QuestNodePrototypes/SQ86_Audio.cfg,2055,68,5,4,false,false
Base,GameLite/GameData/QuestNodePrototypes/SQ86_P.cfg,132590,4037,154,26,false,false
Base,GameLite/GameData/QuestNodePrototypes/SQ86_VFX.cfg,3349,104,6,4,false,false
Base,GameLite/GameData/QuestNodePrototypes/SQ87.cfg,260084,9272,323,36,false,false
Base,GameLite/GameData/QuestNodePrototypes/SQ87_C01.cfg,12699,393,11,6,false,false
Base,GameLite/GameData/QuestNodePrototypes/SQ87_C02.cfg,8118,244,6,5,false,false
Base,GameLite/GameData/QuestNodePrototypes/SQ87_P.cfg,75866,2772,122,26,false,false
Base,GameLite/GameData/QuestNodePrototypes/SQ88.cfg,522593,18094,626,42,true,false
Base,GameLite/GameData/QuestNodePrototypes/SQ88_C01.cfg,18713,654,25,15,true,false
Base,GameLite/GameData/QuestNodePrototypes/SQ88_P.cfg,129428,4518,177,28,true,false
Base,GameLite/GameData/QuestNodePrototypes/SQ88_VFX.cfg,11129,335,16,7,false,false
Base,GameLite/GameData/QuestNodePrototypes/SQ89.cfg,289715,10452,361,37,true,false
Base,GameLite/GameData/QuestNodePrototypes/SQ89_P.cfg,64531,2139,70,18,true,false
Base,GameLite/GameData/QuestNodePrototypes/SQ90.cfg,344180,11546,385,38,true,false
Base,GameLite/GameData/QuestNodePrototypes/SQ90_Audio.cfg,12201,372,16,7,false,false
Base,GameLite/GameData/QuestNodePrototypes/SQ90_P.cfg,63160,1949,82,25,true,false
Base,GameLite/GameData/QuestNodePrototypes/SQ91.cfg,325676,11815,407,31,true,false
Base,GameLite/GameData/QuestNodePrototypes/SQ91_P.cfg,90629,3363,104,18,true,false
Base,GameLite/GameData/QuestNodePrototypes/SQ92.cfg,176567,5541,184,30,true,false
Base,GameLite/GameData/QuestNodePrototypes/SQ92_Audio.cfg,1437,46,3,3,false,false
Base,GameLite/GameData/QuestNodePrototypes/SQ92_P.cfg,26265,935,43,18,true,false
Base,GameLite/GameData/QuestNodePrototypes/SQ93.cfg,364139,12798,426,21,false,false
Base,GameLite/GameData/QuestNodePrototypes/SQ93_P.cfg,31105,957,45,15,false,false
Base,GameLite/GameData/QuestNodePrototypes/SQ94.cfg,463408,16413,528,39,true,false
Base,GameLite/GameData/QuestNodePrototypes/SQ94_Audio.cfg,407,16,2,2,false,false
Base,GameLite/GameData/QuestNodePrototypes/SQ94_C01.cfg,8596,348,10,4,false,false
Base,GameLite/GameData/QuestNodePrototypes/SQ94_C02.cfg,1611,60,4,3,false,false
Base,GameLite/GameData/QuestNodePrototypes/SQ94_C03.cfg,7793,258,14,4,false,false
Base,GameLite/GameData/QuestNodePrototypes/SQ94_C04.cfg,53645,1920,69,12,false,false
Base,GameLite/GameData/QuestNodePrototypes/SQ94_P.cfg,166178,6103,202,32,true,false
Base,GameLite/GameData/QuestNodePrototypes/SQ95.cfg,112643,3969,145,29,false,false
Base,GameLite/GameData/QuestNodePrototypes/SQ95_Audio.cfg,4453,145,8,6,false,false
Base,GameLite/GameData/QuestNodePrototypes/SQ95_BanditRoute_Big.cfg,10238,346,12,4,false,false
Base,GameLite/GameData/QuestNodePrototypes/SQ95_BanditRoute_Small.cfg,6415,217,9,5,false,false
Base,GameLite/GameData/QuestNodePrototypes/SQ95_BanditWatchman.cfg,6309,217,9,5,false,false
Base,GameLite/GameData/QuestNodePrototypes/SQ95_BanzaiRadio.cfg,2096,78,3,3,false,false
Base,GameLite/GameData/QuestNodePrototypes/SQ95_Chatter.cfg,23420,920,25,7,false,false
Base,GameLite/GameData/QuestNodePrototypes/SQ95_CombatInCave.cfg,43024,1434,49,14,false,false
Base,GameLite/GameData/QuestNodePrototypes/SQ95_ElectricityEffects.cfg,12719,418,19,6,false,false
Base,GameLite/GameData/QuestNodePrototypes/SQ95_P.cfg,81838,2960,106,30,true,false
Base,GameLite/GameData/QuestNodePrototypes/SQ95_RatsScene.cfg,23252,782,31,13,false,false
Base,GameLite/GameData/QuestNodePrototypes/SQ95_StormyWeather.cfg,3376,116,6,5,false,false
Base,GameLite/GameData/QuestNodePrototypes/SQ96.cfg,6462,233,13,7,false,false
Base,GameLite/GameData/QuestNodePrototypes/SQ96_C01.cfg,32187,1106,45,17,false,false
Base,GameLite/GameData/QuestNodePrototypes/SQ96_C02.cfg,61877,2182,72,16,false,false
Base,GameLite/GameData/QuestNodePrototypes/SQ96_C03.cfg,34647,1196,49,23,false,false
Base,GameLite/GameData/QuestNodePrototypes/SQ96_P.cfg,35427,1234,66,14,true,false
Base,GameLite/GameData/QuestNodePrototypes/SQ97.cfg,126260,4230,160,29,false,false
Base,GameLite/GameData/QuestNodePrototypes/SQ97_Audio.cfg,2782,92,6,4,false,false
Base,GameLite/GameData/QuestNodePrototypes/SQ97_BrokenGenerator.cfg,2175,79,5,4,false,false
Base,GameLite/GameData/QuestNodePrototypes/SQ97_C01.cfg,9807,340,10,5,false,false
Base,GameLite/GameData/QuestNodePrototypes/SQ97_IOFix.cfg,4870,157,11,3,false,false
Base,GameLite/GameData/QuestNodePrototypes/SQ97_LightsON.cfg,11253,390,16,3,false,false
Base,GameLite/GameData/QuestNodePrototypes/SQ97_P.cfg,38795,1374,56,23,false,false
Base,GameLite/GameData/QuestNodePrototypes/SQ97_Welcome.cfg,23527,785,32,13,false,false
Base,GameLite/GameData/QuestNodePrototypes/SQ98.cfg,115592,3938,148,26,false,false
Base,GameLite/GameData/QuestNodePrototypes/SQ98_Audio.cfg,4487,152,7,5,false,false
Base,GameLite/GameData/QuestNodePrototypes/SQ98_C01.cfg,5546,200,8,3,false,false
Base,GameLite/GameData/QuestNodePrototypes/SQ98_C02.cfg,3943,142,6,3,false,false
Base,GameLite/GameData/QuestNodePrototypes/SQ98_P.cfg,23650,825,41,18,false,false
Base,GameLite/GameData/QuestNodePrototypes/SQ99.cfg,92177,3203,100,24,false,false
Base,GameLite/GameData/QuestNodePrototypes/SQ99_C01.cfg,3605,138,6,4,false,false
Base,GameLite/GameData/QuestNodePrototypes/SQ99_C02.cfg,10309,363,14,5,false,false
Base,GameLite/GameData/QuestNodePrototypes/SQ99_P.cfg,32779,1134,42,17,true,false
Base,GameLite/GameData/QuestNodePrototypes/SU_L_GeneralBP.cfg,47164,1642,75,12,false,false
Base,GameLite/GameData/QuestNodePrototypes/ScarBossfight_Test.cfg,48479,1521,48,11,false,false
Base,GameLite/GameData/QuestNodePrototypes/ScheduledTest.cfg,1225,43,3,3,false,false
Base,GameLite/GameData/QuestNodePrototypes/Shevchenko_Hub.cfg,203511,7060,221,26,true,false
Base,GameLite/GameData/QuestNodePrototypes/Shevchenko_Hub_Wrappers.cfg,18917,704,21,7,false,false
Base,GameLite/GameData/QuestNodePrototypes/Shevchenko_Radio.cfg,74168,2608,89,18,false,false
Base,GameLite/GameData/QuestNodePrototypes/Shipyard_Hub.cfg,385,14,2,2,false,false
Base,GameLite/GameData/QuestNodePrototypes/Skadovsk_Hub.cfg,401418,14109,418,30,true,false
Base,GameLite/GameData/QuestNodePrototypes/Skadovsk_Hub_Wrappers.cfg,27266,1018,26,7,false,false
Base,GameLite/GameData/QuestNodePrototypes/Skadovsk_Radio.cfg,152605,5524,160,17,false,false
Base,GameLite/GameData/QuestNodePrototypes/SmallZone_ANC.cfg,6533,223,12,2,false,false
Base,GameLite/GameData/QuestNodePrototypes/SmallZone_GD.cfg,23428,772,47,6,false,false
Base,GameLite/GameData/QuestNodePrototypes/SmallZone_L.cfg,133723,4800,144,16,true,false
Base,GameLite/GameData/QuestNodePrototypes/SmallZone_L_KPPSever_Camp.cfg,3379,93,6,5,false,false
Base,GameLite/GameData/QuestNodePrototypes/SmallZone_L_KPPVostok_Camp.cfg,1864,54,4,4,false,false
Base,GameLite/GameData/QuestNodePrototypes/SmallZone_L_KPPZapad_Camp.cfg,33638,963,33,12,true,false
Base,GameLite/GameData/QuestNodePrototypes/SmallZone_SQ_L.cfg,52838,1846,93,10,false,false
Base,GameLite/GameData/QuestNodePrototypes/Space_bubble_quest.cfg,44887,1247,66,9,false,false
Base,GameLite/GameData/QuestNodePrototypes/SpawnBanditsForE3_DELETE.cfg,3370,96,6,4,false,false
Base,GameLite/GameData/QuestNodePrototypes/StrelokBossfight.cfg,4380,119,8,7,false,false
Base,GameLite/GameData/QuestNodePrototypes/Swamp_ANC.cfg,3317,119,7,3,false,false
Base,GameLite/GameData/QuestNodePrototypes/Swamp_GD.cfg,6060,187,12,7,false,false
Base,GameLite/GameData/QuestNodePrototypes/Swamp_L.cfg,11637,440,24,5,false,false
Base,GameLite/GameData/QuestNodePrototypes/Swamp_L_ClearSky_AnomalyLogic.cfg,21745,613,21,6,false,false
Base,GameLite/GameData/QuestNodePrototypes/Swamp_L_E05_MQ01.cfg,258180,8780,300,32,true,false
Base,GameLite/GameData/QuestNodePrototypes/Swamp_L_E05_MQ02.cfg,62090,2164,55,7,false,false
Base,GameLite/GameData/QuestNodePrototypes/Swamp_L_E05_MQ03.cfg,75058,2101,102,18,true,false
Base,GameLite/GameData/QuestNodePrototypes/Swamp_L_E05_MQ04.cfg,409,14,2,2,false,false
Base,GameLite/GameData/QuestNodePrototypes/Swamp_SQ_L.cfg,12936,434,24,6,false,false
Base,GameLite/GameData/QuestNodePrototypes/TD.cfg,18892,673,30,7,false,false
Base,GameLite/GameData/QuestNodePrototypes/TEMP_GDEQ1919.cfg,2723,80,5,5,false,false
Base,GameLite/GameData/QuestNodePrototypes/TEMP_GDEQ_TestCA.cfg,2707,80,5,5,false,false
Base,GameLite/GameData/QuestNodePrototypes/TSQ.cfg,33921,1140,47,10,false,false
Base,GameLite/GameData/QuestNodePrototypes/Terricon_Hub.cfg,386836,13518,403,24,true,false
Base,GameLite/GameData/QuestNodePrototypes/Terricon_Hub_Wrappers.cfg,19389,725,19,7,false,false
Base,GameLite/GameData/QuestNodePrototypes/Terricon_Radio.cfg,249974,9064,250,14,false,false
Base,GameLite/GameData/QuestNodePrototypes/TestEncounter_EQ04.cfg,111821,3313,147,17,false,false
Base,GameLite/GameData/QuestNodePrototypes/TestQuest_UI_UX.cfg,580233,17841,893,25,false,false
Base,GameLite/GameData/QuestNodePrototypes/Test_AI.cfg,105841,3434,142,4,false,false
Base,GameLite/GameData/QuestNodePrototypes/Test_Condition_ItemInContainer.cfg,33783,929,36,6,false,false
Base,GameLite/GameData/QuestNodePrototypes/Test_Condition_ItemInIntentoryNPC.cfg,36791,993,38,7,false,false
Base,GameLite/GameData/QuestNodePrototypes/Test_Condition_ItemInInventory.cfg,36719,1005,40,7,false,false
Base,GameLite/GameData/QuestNodePrototypes/Test_Conditions.cfg,212010,7427,282,14,false,false
Base,GameLite/GameData/QuestNodePrototypes/Test_DialogAnimShowcase.cfg,24223,773,30,8,false,false
Base,GameLite/GameData/QuestNodePrototypes/Test_Dialogue.cfg,94533,2927,105,10,false,false
Base,GameLite/GameData/QuestNodePrototypes/Test_DugaDestr.cfg,1298,38,3,3,false,false
Base,GameLite/GameData/QuestNodePrototypes/Test_Escort.cfg,12199,397,15,5,false,false
Base,GameLite/GameData/QuestNodePrototypes/Test_Gamescom_CA.cfg,14524,451,17,9,false,false
Base,GameLite/GameData/QuestNodePrototypes/Test_Gamescom_CA_Logic.cfg,8337,254,10,5,false,false
Base,GameLite/GameData/QuestNodePrototypes/Test_IO_Gym_WP.cfg,203951,6208,462,6,false,false
Base,GameLite/GameData/QuestNodePrototypes/Test_Locomotion.cfg,20823,657,29,3,false,false
Base,GameLite/GameData/QuestNodePrototypes/Test_LookAt.cfg,3083,106,5,4,false,false
Base,GameLite/GameData/QuestNodePrototypes/Test_MakeFriend.cfg,1900,63,4,3,false,false
Base,GameLite/GameData/QuestNodePrototypes/Test_OnJournalQuestEvent.cfg,22275,644,35,7,false,false
Base,GameLite/GameData/QuestNodePrototypes/Test_OnNoticedEvent.cfg,10363,317,20,6,false,false
Base,GameLite/GameData/QuestNodePrototypes/Test_Regenerated_Container.cfg,2117,64,4,4,false,false
Base,GameLite/GameData/QuestNodePrototypes/Test_ScheduledContainer_Contents.cfg,1557,45,3,3,false,false
Base,GameLite/GameData/QuestNodePrototypes/Test_Scheduled_Blueprint_Negative.cfg,1484,43,3,3,false,false
Base,GameLite/GameData/QuestNodePrototypes/Test_Technical_Container.cfg,749,24,2,2,false,false
Base,GameLite/GameData/QuestNodePrototypes/Test_TeleportRotation.cfg,15556,494,22,7,false,false
Base,GameLite/GameData/QuestNodePrototypes/Timer.cfg,1053,41,3,3,false,false
Base,GameLite/GameData/QuestNodePrototypes/UI_QTC.cfg,156398,5065,227,20,false,false
Base,GameLite/GameData/QuestNodePrototypes/UI_QTC_Quest.cfg,111968,3266,134,23,false,false
Base,GameLite/GameData/QuestNodePrototypes/UI_QTC_TestCase4.cfg,14196,433,17,6,false,false
Base,GameLite/GameData/QuestNodePrototypes/UI_QTC_TestCase6_main.cfg,228128,6704,286,29,false,false
Base,GameLite/GameData/QuestNodePrototypes/UI_QTC_Test_Case4_main.cfg,110205,3106,102,11,false,false
Base,GameLite/GameData/QuestNodePrototypes/VFX.cfg,8192,282,14,6,false,false
Base,GameLite/GameData/QuestNodePrototypes/VFX_Run.cfg,1784,63,4,3,false,false
Base,GameLite/GameData/QuestNodePrototypes/VFX_Sprint.cfg,1829,63,4,3,false,false
Base,GameLite/GameData/QuestNodePrototypes/VFX_TechicalNode.cfg,1387,48,4,2,false,false
Base,GameLite/GameData/QuestNodePrototypes/VFX_Walk.cfg,1799,63,4,3,false,false
Base,GameLite/GameData/QuestNodePrototypes/WildIsland_GD.cfg,2714,82,6,4,false,false
Base,GameLite/GameData/QuestNodePrototypes/WildIsland_L.cfg,13256,468,22,10,false,false
Base,GameLite/GameData/QuestNodePrototypes/WildIsland_L_FaustCave.cfg,9491,279,11,4,false,false
Base,GameLite/GameData/QuestNodePrototypes/WildIsland_SQ_L.cfg,6219,203,12,6,false,false
Base,GameLite/GameData/QuestNodePrototypes/Wildisland_L_Azimuth_Camp.cfg,456,14,2,2,false,false
Base,GameLite/GameData/QuestNodePrototypes/Wildisland_L_SPO_Camp.cfg,823,24,3,3,false,false
Base,GameLite/GameData/QuestNodePrototypes/Yanov_GD.cfg,5009,156,10,5,false,false
Base,GameLite/GameData/QuestNodePrototypes/Yanov_Hub.cfg,361550,12757,401,26,true,false
Base,GameLite/GameData/QuestNodePrototypes/Yanov_L.cfg,15686,502,22,7,false,false
Base,GameLite/GameData/QuestNodePrototypes/Yanov_L_Corpus_Camp.cfg,429,14,2,2,false,false
Base,GameLite/GameData/QuestNodePrototypes/Yanov_Radio.cfg,195501,6182,170,13,false,false
Base,GameLite/GameData/QuestNodePrototypes/Yanov_SQ_L.cfg,6230,229,13,7,false,false
Base,GameLite/GameData/QuestNodePrototypes/Yantar_GD.cfg,366,14,2,2,false,false
Base,GameLite/GameData/QuestNodePrototypes/Yantar_L.cfg,361,14,2,2,false,false
Base,GameLite/GameData/QuestNodePrototypes/Yantar_L_YantarZavod_Camp.cfg,7357,203,11,5,false,false
Base,GameLite/GameData/QuestNodePrototypes/Yantar_SQ_L.cfg,4214,167,10,4,false,false
Base,GameLite/GameData/QuestNodePrototypes/Zalesie_Hub.cfg,563407,19850,624,32,true,false
Base,GameLite/GameData/QuestNodePrototypes/Zalesie_Hub_Wrappers.cfg,17255,656,15,5,false,false
Base,GameLite/GameData/QuestNodePrototypes/Zalesie_Radio.cfg,203873,7388,199,14,false,false
Base,GameLite/GameData/QuestNodePrototypes/Zaton_GD.cfg,9590,291,18,6,false,false
Base,GameLite/GameData/QuestNodePrototypes/lairs.cfg,2844,101,7,5,true,false
Base,GameLite/GameData/QuestNodePrototypes/rootgraph.cfg,67467,2366,108,6,false,false
DLC1,DLCGameData/DLC1/QuestNodePrototypes.cfg,26839580,782135,28225,94,true,true
Deluxe,DLCGameData/Deluxe/QuestNodePrototypes.cfg,574666,17373,642,38,true,false
Ultimate,DLCGameData/Ultimate/QuestNodePrototypes.cfg,194050,5648,209,17,false,false
PreOrder,DLCGameData/PreOrder/QuestNodePrototypes.cfg,86197,2482,93,15,false,false
